target01,target02
0.6243787049544737,-0.0449566599551096
0.6504455079156495,-0.04411425662940256
0.580678263999762,-0.31435282983886803
1.2846914327911896,0.08886237042952444
0.5999765473200892,0.11136463304096877
0.6359073044570258,1.2897419568995216
0.568816402643444,1.61629873797775
1.0986928018803686,1.105473003438542
0.6252330297299002,0.11027654672059628
0.7795441973861013,-0.5237628398073172
0.6079068570121755,0.17577877798836128
0.5948003110547504,0.29368449946020164
0.5220540988092466,0.9227624478951497
0.5833369250595766,-0.2225324463922358
1.2485841789983234,0.21941152623705595
0.9636807413587388,-0.36681124260860076
0.6084916243594365,-0.5730843137676958
1.299844564551693,1.1310746039666373
0.635236290901146,2.1605606147373315
0.6341894205592915,1.0090018480697744
0.587282758949285,-0.379179409882597
0.5127851143838298,1.4624056146307067
0.5600624416811506,0.9139585465809412
0.5839030750349984,1.69222377829701
0.6448981721193927,-0.3118915549453183
0.5985285286819677,0.8029990486923624
0.5997527271098694,-0.46092346099640175
0.6345483416674412,1.3248042682877066
0.6038484330923652,0.9175278812853191
0.5639557566793615,0.43115505703425516
0.9462497188604184,1.2822077802469645
0.9603908791081881,0.7243561918377235
0.5570060656541738,0.7119720659989064
0.9990545644169107,-0.3561978857585543
0.6070043648215618,-0.1498925241306388
1.1052901702833535,0.2621179486175397
0.5089212042304588,0.24938517761183715
1.206982273720691,1.0152158413749206
0.9555260246682435,0.23915003151399467
0.6182607362174333,0.5488008277526626
0.5051302655592642,0.1551421040035117
0.9129814051919124,2.071759348015884
0.60737809554734,0.6442898534078652
0.9934704350081545,1.4595629276164868
1.070463545265757,-0.48706433438928576
0.44183774931930414,1.29286317354786
1.0152331057657114,-0.03698658143679234
0.5391986475770623,-0.2013060849476833
0.6082686435605376,0.20100509087339946
0.5752661268364897,-0.21451518537107406
1.239625763482675,-0.35416891235010317
0.6193033544096075,0.8787441696237358
1.0721216027890328,1.6902501944942725
1.222458248034875,0.14159454422229112
0.8694575917511249,1.460970957318231
0.8462909745548802,0.15894519971724896
0.6552282952453574,0.8368311091057283
0.5316040753504461,-0.4187836471168571
0.6053635215685378,-0.07312215394735794
1.2773547155222942,0.5881186912977528
0.6644678992402453,1.8948830978094864
0.5731105718005265,1.07354760343546
0.6496928474755232,0.5147778296937296
0.67360758936436,-0.356929941944489
1.0395928801369858,-0.18745825254100967
0.6275242610571078,0.8772571286628811
0.8180079690889466,1.222221274552992
0.5965939385314973,-0.4596506996958042
0.5685714749993994,-0.5835457517409028
0.6082182568236534,0.9059398044576772
1.0905854354606164,0.7931822495099567
1.0059179116887296,-0.11806927766603306
0.479861075317913,0.006460644515807246
0.6048067567541763,-0.5043626814252127
0.5564207848354447,0.8753220813130286
0.5634695285625573,-0.5131371749238413
1.0570018094459244,-0.1340383041804325
0.913767096147157,-0.35157321378512696
0.5126693530082304,-0.2857694349289025
0.49403338576065225,0.1062418655558692
0.4475179671175264,1.4128963831451342
0.6042168196759461,-0.2811545563031515
0.5966189820560773,-0.39469889584342516
0.9352866759705198,-0.01502315460795911
0.608777140547187,-0.4779252813366698
0.9409089220551501,-0.3409569556966918
1.1316754990775988,1.3337760826057181
1.0552881367308808,1.3197255057681578
0.5093790479633753,0.23545297227254702
1.1359024819786303,1.412909156229484
1.083558912807285,0.26066841026346
0.48183055021256777,1.2844141511208598
0.5719576095148584,0.8793180383207703
0.8570321202417412,2.2703412120337325
0.5990668177192967,-0.7166482285113415
0.43073253599438677,1.188501970515099
0.725108742986832,-0.3998933855985111
0.6594511859991732,-0.1404050665191831
0.6732804189213164,1.243906255704837
0.6135972141276611,0.18496111661127637
0.7372055945813214,-0.557894765684172
0.514767161409149,-0.3953173661701621
0.7369372076318664,0.12683720417309657
1.0215552523907268,0.7042258443833053
0.7668347246534244,-0.2631038032686751
0.6705506409135193,1.764740548445105
0.5158783521995491,1.5160339897067783
0.6150239359704722,1.0184937691669487
0.6077050379040766,1.3932133922464134
0.6045881481280564,-0.17877801485694234
1.144206271333903,0.09877549629351001
0.7230951887312584,0.24490926410699126
0.7660859285997199,0.4928426854447785
0.9789384352590547,0.015633299996142026
1.2307965166827792,0.4041049073566269
0.5768698420305248,0.7157009068946005
0.5813714407541468,0.9118095271853762
0.5915663745327104,0.9583412353814474
0.6032115952898578,0.8462329238493971
0.5869379050421384,1.113318849323342
0.8544068835923304,-0.7374167416378767
0.5311548131327808,0.5312967147853336
0.6455898679137708,0.05838539356638306
1.1973284530286885,1.7543159450972683
1.0819168077970416,-0.2594156842966101
0.4378325927920854,0.7451221358698293
0.9237223211150063,-0.08569437991115211
0.5427517371459758,0.4032008384534197
0.5687730007833719,0.6414289570081306
0.5802861293387528,0.2006835601184761
1.3280805713084969,1.5846410700818159
0.5913899050478898,1.3136884275535603
0.8176868073198487,0.5566080449519699
1.1859463743923002,-0.1961214252395184
1.299785966633114,0.061369449606613946
0.9378538155669216,0.2636997067776089
1.0193362584841927,1.4401784505527537
0.6263717822229464,1.7721294362585862
1.1708005693213888,0.946286557708609
0.6588549944665535,1.1646085454826678
1.1057100327294083,1.2693733663384337
0.6181708476059821,-0.27211622103209054
0.6776170291097801,0.580068214564035
0.6342747536566118,1.2269023920182378
0.6023147869363329,1.0573409521157273
0.9513050575094504,1.3038042852561098
0.9304813953668649,0.45846118412752634
0.6009476470974381,-0.3630761638454114
0.43856566912457945,0.15321946664991576
0.6202405798532095,-0.010364624487523483
0.5817148735896693,1.6549771494218741
0.682053975241645,-0.5600187612868424
0.5990478729594061,0.40887450567077555
1.1659337889655974,0.12661389546726237
0.7938439756781996,-0.5390257457518375
1.0055124819342591,1.0430995049500928
0.6006985780111217,1.1381018893522699
0.8667473195253821,0.9489872312532304
0.6218932227683405,-0.02211372481030599
1.0742532432375342,-0.20658146551814377
0.6363769579504448,0.11916252739909985
0.5099820600334635,-0.22747722820291066
0.7878382107061174,1.4117722636349124
0.6318310020242089,-0.24362465858475235
1.186275287916694,1.3418942085936372
0.5510682935720138,0.1208207106114475
0.8718070726657894,0.14047469798318657
0.8622477892669886,0.8732641352020225
0.8828259753001053,1.6749895383218676
0.6058400651112665,-0.2531008162067939
0.8948069869015878,1.2098472889345593
0.6001724177893251,-0.45819325709947456
0.6044788864752149,-0.4270878914991002
0.622937230805864,-0.65370861198694
0.957085497944635,-0.5511370920220329
0.6157513437322449,-0.2121699923397844
1.041403454293832,1.6766463819040063
0.998139703415756,1.5639116748255415
0.6476553114138698,0.6040242092907112
1.056312537830706,1.3582673753981618
1.2021277042818543,0.07840199308484036
0.9646784366601797,1.4743933801074867
0.7947050254117113,1.5926047007986146
0.9940611280457283,0.9238283219981156
0.9572602111025095,0.9751536141066779
0.6031044578273423,-0.5517673563181975
0.9683426294295682,-0.28311758986807317
0.6770745058064992,0.8381639930262981
1.0820430825904024,1.100284938689652
0.596449571822762,1.1503020140591538
0.5741781553532613,-0.2564129253686863
0.8865735965503463,0.4775914397574216
0.6261974573684912,0.6747145962122707
0.6170938662863861,-0.3232601443794265
0.6854592735843111,0.7414652678946563
0.4678028309579636,1.3711394114696136
0.9295275143873774,0.5450604818182815
1.2099962835034603,-0.37869663348611193
0.9691642619898544,1.2602150782621613
0.5338387616339514,1.4258754924633132
0.6567995215600279,1.7995950210787686
1.1819802319134682,-0.35268457558805677
0.6238949853396956,1.1976076328274972
0.6316414352350901,0.05421963169275196
0.9575850122682497,1.1545621070330507
0.8918166785441604,-0.38072409180155314
1.129957776790452,0.3511932114564009
0.780516194580098,1.297967514746249
0.5469672101630877,-0.004197093489411247
0.6051857058134588,0.5398493671654614
0.6548222751424042,-0.33764600411282136
0.6800402661533498,0.5699006014873041
1.229955646365356,0.45199561398298105
0.5933413634348785,-0.11882252831917907
0.5735893967799617,-0.09981000858467493
0.7673768092749726,0.5554895142343008
0.5965086785822583,0.2122577348795871
0.4843684269899784,0.24921073763314985
0.9492334143438984,0.8378340943337437
0.4426816237383743,-0.544371680360652
0.5968437089700456,-0.2060710481876829
0.5302174092733344,1.0172699796166893
0.6049754818959718,0.9741784891881223
0.5990063467152485,0.9790081945204636
0.6870365348962324,1.8098014104067077
0.5990987718250658,0.8494956787798225
0.4618719142867743,0.8552632924083448
0.8629905334080278,-0.6357763081336864
0.5921766104219574,1.5580242136721068
0.9035412073329305,0.01193036322777552
0.5900912029234895,1.9792036790646113
0.5025166786534222,1.2245880670374003
0.5791105111360608,1.4328433191181298
0.6015746034128023,1.9843193896287663
1.0921108701257423,0.8530257409123299
0.8484601889473822,1.270865758066719
0.9112319477019803,-0.30267719894712475
0.8170429729022128,1.3667621039354685
0.8989954423631342,-0.3725582919655529
0.8959670944507298,1.101532166834675
0.3872865209449679,0.16489520798237506
0.6071004808301605,0.8715601509081505
0.5051551705803938,-0.22078498199389474
0.9748053140732253,-0.10028084395139486
0.8899240901358891,1.8028756892629612
0.9319737558579426,-0.04970356120060501
0.635337723619545,1.9029427685117044
0.591538339101064,0.13856248131710125
1.1460311290682292,1.8763909396489313
0.6315810792845944,0.8558976195776535
1.045896955341094,0.4494909786585201
0.5916630912279585,0.980036993066252
0.9995378298259938,0.868907242198529
0.5945200162127512,1.6920049868595555
0.9325674507895685,-0.25847997933238476
0.5348520595558992,-0.43269267486661217
0.9865653875174993,0.7310263668930032
1.0230275315715078,-0.15808260800907048
0.9845869224120132,1.470847215127248
0.39696706534925064,0.5404556485956081
0.6105702059144155,1.2609864091294702
1.1682820340079079,-0.20020502274765545
1.232956862525121,-0.23166681932625444
0.382476988159203,-0.13604889411663101
1.232033086561462,0.3745464217222781
0.5412416583305358,1.3144653913699778
0.6129538696165392,1.986375000477061
0.8678800787465234,-0.26381395476490005
0.6873916801581269,1.1103855884671434
0.5451330702652378,0.9690658684680746
0.39491801459210785,1.5659492180763817
0.5887512259093997,1.1596251139434663
0.6385677185227702,0.04575506865263247
0.4088773957132359,0.2985025361773207
0.6868579595675692,0.7077599455523459
0.9618432184596972,1.6166750232415603
0.6133392093876076,0.033643924707273176
0.5924006234142721,1.0025181800070755
0.7880830863297505,-0.07733452116760742
0.9728093658069652,1.9590478745620903
0.4649383623397601,0.7583745009438627
0.5989591152481536,0.22455614656352604
0.6357690226820145,-0.059246349956726285
0.61636501715213,-0.4825395007317002
0.612055399260576,1.5183010243965809
1.061865615475079,-0.4056457620611465
0.8588559316612204,0.28984985331769225
0.8193919923740395,1.621586937863097
0.45657324751801315,1.1156875483011346
0.6186002899895803,0.9907889617189088
1.0823580515192472,0.18806043556829252
0.8981138941119962,-0.4066432523703185
0.4752584772371274,-0.2285514403663
0.6275601728863939,-0.33627942575079506
0.594649459004531,-0.5926222976678
1.0389547572348594,1.25319713080518
0.9647980917578289,-0.24621724140655815
1.1519431496263948,0.49859449933569566
0.8113010273453636,0.9155465021935675
0.9753951930998783,-0.5203640724771663
0.4788227528036867,1.184806922729596
0.6339637841663482,0.7927705961438766
0.9793232280397111,1.19467571801678
0.5511383367322825,-0.46014628556977727
0.5908505042463562,1.732426576416712
0.8548250716106411,0.6210071650566309
1.0205748025604986,0.9324193012481554
0.7679134815378776,1.031340035847787
0.8362404667500554,0.7085841650040815
0.6062004093070554,0.9760955351245927
0.7611735394455816,-0.12469811728466546
0.6295380114429314,1.6919177007189141
0.6958344653944366,-0.2802111342679723
0.616515709772387,1.0613410322638968
0.5972890228438354,-0.045315800507402776
1.063981905107506,0.876775715699119
0.5845374516575705,-0.3977736026128544
1.0476657153940943,0.9946539586425871
0.6125030536640859,-0.22031998854828305
0.6111662352435951,-0.2441070329704095
0.8460213578852841,1.3624828108461824
0.6113013355483761,-0.03828914314395976
0.9653175821124285,0.6592410736966408
0.6625326007726691,0.0005395200778123554
0.6283810595209043,0.9276601302127532
0.5974739681567709,0.05917353640981862
0.6107053032679003,-0.5641895414055209
0.5355673983863316,-0.4302768265346419
0.7840337250394043,0.3148533704377979
0.6035579984169052,0.2287368749622695
0.36671378689828904,1.0661987339965007
0.8404092050965795,0.40846989470853834
0.6144709384644408,1.1910427902956113
0.6091529504071147,-0.6651316213430152
0.9506711842829382,-0.5633980094413469
0.5705997620502192,-0.056129400496096174
0.5851083832952323,1.7074379115328857
0.5901701085643619,1.3177802289471217
0.9080532075408472,0.7610709579680862
0.6171294761814516,-0.3897150394668302
0.9644756961668091,1.0969944002063126
1.0472207693845894,0.21851633277236898
1.2084822687266077,-0.3790975667990073
0.5829240128791532,0.8037828187422053
1.1570447588380568,1.3258467518666737
0.6094584581345626,0.8659795612698407
0.6534228127299437,1.32739232220539
0.8986754996336876,-0.4633042052212401
0.5967754547875259,1.190592700729263
1.074833209054714,-0.5653754231967787
0.563528699843852,-0.14489313118748245
0.871185337379309,-0.5011768020134816
0.5498819105790347,-0.46502067836429833
0.8083751478393109,-0.17368488114329553
0.5003018443839565,1.589747008573343
0.7936229589498341,-0.4693762206932198
0.4265053583581778,1.7273416546761227
0.4624138571809506,0.5402210691880754
0.9192009095875566,0.627496809510292
0.4649406576152042,0.9005434304986696
0.5565144593875102,0.8584388074367505
0.5612819069034326,-0.01536979401909766
0.6111772611568921,-0.7277172626458654
1.0231463241304555,-0.2386923708731974
1.1148581964332624,1.073860586309301
0.7425726179249272,0.4262616467250743
0.9460711898711054,0.9691235037476149
0.9138471010392724,1.5404756209038966
0.6675336810837434,-0.6409041476802845
0.5433285017641227,1.7373972747435007
0.6308957854570929,-0.43595463628184716
0.8159607639078943,2.049582882057953
0.5996105636667672,-0.6902537597938655
1.0174920400345469,-0.20899791503847043
0.9874267679223969,0.9436686412963493
0.9657523015746537,-0.46714362918862584
0.6182619620695218,-0.36351934444923084
1.0860375009725751,1.10841943894803
0.9490998519811285,-0.14871049582921297
0.6035249631776942,-0.6467910775713457
1.0847738012871055,1.4058433491222186
0.9777403194508394,1.0689798078900106
0.864695783494617,-0.39967203923169337
0.7259910410462416,0.20829865068892617
1.1886532654846576,0.6755659379745668
0.6517475422365451,1.0910517278785092
0.6881151490847983,1.4822063663261333
0.5981738774968697,-0.03515054885031303
1.10001067010549,0.1575730934755257
0.9136975600297893,1.2474022938784606
0.6210321271553398,0.673077860961111
0.4744704760580293,-0.3170352709469671
1.2660969148749588,1.5948443478135303
1.00400511947682,0.6474955729313059
0.607955293804021,-0.18254988449287868
1.1967743823698354,0.9492721300514786
0.6197432647605048,1.092479754348582
0.6601064790031466,0.7846884374011684
1.3261687703769456,0.7471842760618408
1.3490238331660385,0.4753299630898812
0.47781209164970284,0.34090140454227014
1.0564953825506809,1.2573113744396085
1.0780522204546152,-0.4860427857948477
1.043000513271513,0.5074684058735864
1.3354149982908208,0.6646169748989987
0.5028627140661492,0.8449782877185725
0.990575628453737,1.2285032820694117
0.5510033675157548,0.655711078184456
1.3388542980781815,1.9142707869860778
1.0105823587074936,-0.2993316609579206
0.6147573574101257,1.2844755497956761
1.1817347963349734,1.0762904802303737
0.6006971896955264,0.3129133432040273
1.2539493245469615,0.5176173900979449
1.0873641662198057,-0.21812415926586873
0.9753619393206954,0.9185947530343457
0.6540023811825347,-0.4092282346371794
0.5569960287079304,0.7487623241252129
0.8894347698237559,0.29440465129672644
0.6494907415473129,-0.4065687652387947
1.0947094701013989,1.8107083626680485
1.1557942620941892,0.21698856091131158
0.9465119794609695,1.6302743480302493
0.552028395153745,0.6803377974549449
0.5791591580367726,0.49245168592527433
0.8811826303865777,0.8321825770923936
1.187531104940231,1.1866416383449434
0.5929330526974421,2.6292640165770402
0.8224800636280509,1.3105074541991544
0.7852536885178802,-0.5139275689870463
0.8910894401651159,0.9226495719461615
0.8816195257151229,1.8197295246496632
0.8008194631488781,0.9423126834197426
0.6334425183738999,0.44272821632244275
0.5909332817862204,1.5210548567992368
0.6069190484933163,1.2889453722333022
0.5296804039039391,0.5106868187088174
0.9755918469872871,-0.13043719429613077
1.113500865110821,-0.5043245439660511
1.0912451619033767,0.04443808693459683
0.6797912539678843,0.5086577022602077
0.6156191234980446,1.549805362990587
0.5884236423613954,0.1111630730780464
0.9444676743364184,0.5388375598164015
1.134660167997814,1.0479450924792872
0.6262456654538314,1.7584563888073421
0.57701299734023,2.113270997164922
0.5679044698643688,0.11291942652964337
1.1972220932058901,0.12748986586165817
0.547264340483198,0.3104285767444648
0.6216272721542971,-0.32020603087846367
0.6351986341315037,1.2493640641215626
1.1534074801586016,0.7239314915104998
0.5492874950383207,0.04894323504361306
0.5846925960299895,-0.36871388086813306
1.1380199023795758,1.352494808364288
0.6307332079887381,-0.6394485556693796
0.45335940274012027,1.1520519804262914
0.55357152501692,0.6268506177079504
0.9269783242339822,2.0594468362979175
0.6935363293261291,1.804035765937263
0.666994436181753,-0.4309809133319297
1.0552626930138291,-0.12809682811288928
1.1424056653619048,0.4972720986801154
0.6126226730648852,0.3524864951883468
0.9919455544684628,0.902040655861556
0.4716642492657059,0.7975229327808702
0.6019906671163152,-0.7342364184864107
0.6078391675787209,0.9759337905327944
0.3956875396635714,0.34296023138705056
1.1942811122314358,0.9938985174426682
0.8095039143369194,-0.4194664496853648
0.9165482672935217,1.3459546188541058
0.8065890337838912,-0.2578236676162194
0.9691639990385648,0.1760253743846085
0.6417549877699424,0.1713164972155486
0.5994047045088328,0.2169479059802685
0.48234666896722617,0.2157340468281548
1.2600006936587353,1.1735388135921587
0.6401667596674077,1.6126752719070188
0.6019961637029048,0.4887257084301002
0.5891934725702515,0.3639843158060254
0.6020497015054518,-0.6556973379789068
0.9580896113401927,0.34774829616034675
1.2227360454270821,0.6645174253013473
0.8471191848788123,1.562076155293787
0.6070283382549401,0.51617137661302
0.5181355724229404,-0.30226064790455365
0.5426928963862616,0.10020591145613963
0.9266902637402699,0.4151908571535513
0.9405003289537508,0.8747334852731234
0.37912544022331535,-0.5914390897340378
0.8557573514731109,0.7911184883919773
0.5982757906895464,0.23290777708413346
0.6129516769772443,-0.012991198429815956
0.39389214281429197,0.5589410549855061
0.5966989310825239,1.8072971325223017
0.45790196477956235,1.6505377077525207
0.9611344123015781,0.04153453208658042
0.8137782448686306,-0.4936577656377801
0.5960054736899382,1.4945394384840598
0.9626307426552401,1.1412256012284692
0.6032189890034496,1.9244579309754462
0.6001259086593858,-0.42403377410544396
0.5032684048197782,0.17650976158613005
1.4361859594767505,-0.25575579638449786
0.9398582924586842,1.0853787896149538
1.143014211039285,-0.033592467874977175
0.9286206801262954,1.0132015658548208
1.2864419111662104,-0.16600452452945202
0.6700357139255945,0.47391088799900544
0.6112265680486404,-0.44672837389447095
0.7764066673934904,0.6410449010881453
0.9340916572283637,0.5502659291830955
1.2270566893103954,0.5817825086142638
0.6504432564353786,1.492296556394506
1.0508488226221961,-0.2129959679720883
0.987226246258303,0.9300789651002215
1.2523801995939405,1.6923080097940184
1.0774923939967591,0.7903651514601466
1.0015220048082112,0.7360267399077662
0.5434538087483995,0.6420850181109866
0.6007189069406944,0.0190676050279886
1.1491904428176714,1.611627857692199
0.6390133693757596,0.9111265591146231
0.8909317956479638,-0.3628558384133358
0.6095834155102496,0.5163162669876985
0.9496370649624526,0.33844442132360053
1.0189691408857013,0.19974785014606833
0.8573364913006701,0.36540880540887
0.5992446727330013,0.14613160525232535
0.9365545175935088,0.17070038460009196
1.412763870727931,0.04413615020202222
0.5483565951734949,-0.018604725250972398
1.0504302128917113,-0.3332791157550609
0.5320234514155242,0.7519644512126072
0.5518773560433623,1.2244814129050654
0.5959245155140829,0.8313306846797843
0.6745827017353981,1.2952159296912493
0.5983651812402905,1.214254117561512
1.1192923072961063,1.602681814741185
0.4608195362124635,0.3967090908458386
0.8007123467646696,0.4061439541190719
0.6090502796884688,-0.06251482363701377
1.1803574707853184,0.9628786745861546
0.5986289148496837,-0.19489468053455275
0.6111838350837341,-0.6300134711935428
1.1287391355600902,0.786679002643949
0.6030951292760058,0.6600478619392153
0.6495299082614786,0.8321392923029054
1.188026346886343,1.2697407312598767
0.5687361489361206,0.38194232955666607
0.590299304954032,0.06898542548750602
0.5391188707571191,1.185062028333205
0.8913822690671145,0.3258004688076193
1.015870961529648,0.4092723659022713
1.2290074109028666,1.3140011587859546
0.4849481520065139,1.5178390780622748
1.0170480812116263,1.0185680402906678
0.6548015104473915,1.252352705752923
0.8579687320459642,-0.3959680021813363
0.828432737013765,-0.2703811361287545
0.6319622473730041,-0.2242526127389331
0.46589456957696485,0.7676594563847874
0.5746657138700962,0.803422769827526
1.0632767632071958,-0.13701684493256544
1.237842098867112,-0.11668142230102109
1.0398163550581836,0.9401585412622465
0.713147584834176,1.0215310145785383
1.0389681204272343,0.5709637748743407
1.2673663818915462,0.8998050727320943
0.8430944725662983,0.292740698046195
0.662195624240526,0.9520505205793184
0.5327255766431199,0.16189021194299413
0.5967847014223864,-0.23758685527783258
0.56189627319382,0.5913490317464077
0.9561359138797445,1.2762107298396987
0.666743374146661,0.37269988697420353
0.8221178325008316,-0.44387996147565323
0.6287321095020966,0.8206450783690757
0.6047099102429729,-0.41194469933409794
0.6140830847361054,-0.6930910813448943
0.6011558551919493,-0.38863510007719704
0.5817450521673544,1.6044806635131184
1.233611617516043,1.3370571238913593
0.5835718637164726,-0.20379980181504437
0.4949375687015076,0.15174740688833277
0.9090815640112592,-0.3893771865023491
0.8543757778257312,0.7798003692533906
0.9757773905201563,0.8255355004107572
0.5414381125642115,-0.29991706091994524
1.1465165282575258,-0.4353748016782087
1.2981141355919659,-0.4080348070737999
0.5305536706505589,0.4876544362414966
0.7821071679920366,-0.003733222170154399
0.4889386464544208,-0.4512707631222094
0.7453580145936347,1.5652635282731713
0.6103249388831048,-0.03436443888176888
0.8545261448505892,0.7257134426841747
0.4406143315813182,1.4375888416793363
0.9805388878315131,1.1892697753620936
0.8295691254314994,1.3178825099992766
0.37456737202048784,1.1567597655505704
0.5276330123715846,0.49192820266580606
1.0715611047800302,1.362078432700383
1.1638435414643016,0.7276702009894788
0.5904373979333244,-0.2837781468117004
0.6099126782155193,-0.4884356052440968
0.609067035805507,1.1566280538577747
0.8199432041688597,0.5139066200363986
0.7367374867046297,1.1692826678455404
0.636522387813598,-0.42472333519641897
0.5684353860303749,-0.13479396439259284
0.9148675879244323,-0.23456143226354342
1.010733874667526,0.6450551787178546
0.6526527046167643,1.094184962162775
0.6596768263752616,0.6922743114618618
0.6016724698176605,0.650637143863714
0.60332833056657,0.5436050349374258
0.600337762025154,0.43360012578795193
0.6654436611554745,0.040327233405965224
0.6891371049028243,1.0005953288790126
0.753258823285859,1.1599244946720704
1.0888811964169818,0.879728846310362
1.1507128377303137,1.2159188893755424
0.851295622304218,-0.39705071759733057
0.6059823718504975,0.9977294314040352
0.6087542543868762,-0.08839865316454133
0.6471302407363275,1.0025316909149344
0.6034180393758162,0.9634994124484878
0.6017086726359306,-0.25825808915886206
1.039388211287524,0.24655325713379445
1.1838632511887144,1.2624500802492615
0.9967800072857553,-0.22540307602006587
0.5937284387033323,0.7866796146741425
0.5688050566306396,0.4237251030360366
1.023725015164958,1.226370481403158
0.804412120885255,-0.6240788357075053
0.7963141734790067,1.3906323763874862
0.6248183800269174,0.1761823760925898
1.001161701290348,0.9044208087393557
0.6906252486661794,1.2588212866758672
1.204943558774382,0.3390324949699119
0.5484714430598943,0.33289223490948444
0.6221237172574298,0.8619857843687996
1.3234004967242963,1.7907431632858892
0.9462735801694238,-0.40697590789314875
0.7890097429967762,1.7876697591538175
0.4762659741317057,-0.4918792973744539
0.6344357208654603,0.9270751645901113
1.093675016534791,0.6720055158992971
0.5550164484599549,0.4157187051964466
0.6053474520476734,-0.46666131618526896
0.5896964333121043,-0.4249494265872815
0.6072964057733027,-0.42305978250251114
0.9049686967614747,1.362530147642778
1.0012705077789794,0.0009826863717110057
0.6174215792092559,0.3333221838956736
0.8593241540437425,0.3436277546582824
0.5886412663959413,1.6103311556762352
0.413080008634531,-0.01898409034006454
0.5212217772100886,0.6455337451234713
0.5935656146643161,0.40673919234383693
1.0417569434241627,1.1207575830431908
1.0701479298581968,-0.44435831772775847
0.4976786351207379,1.0759710421299877
0.6638182404820425,0.3154345631079736
1.2409600501901032,-0.5419382747228884
0.6081231744153764,-0.10457030101646925
0.6016983335891832,0.7492518814636939
1.173556565065763,0.8068069840551436
0.6052966164322847,-0.467730932323137
1.0899023117580164,0.07578767367323797
0.6168407407393841,-0.4282043758609295
1.0026956529204836,0.8143400993687652
0.638227043055241,0.5003377638388398
0.6473156291430278,0.14487878621169614
1.1166421220625293,0.7214402193346718
1.1261078565195854,0.7351355975212076
0.6126500083247931,-0.6248566591860172
0.9121192029679346,1.8255332378360591
0.7175831505476857,1.061572959616442
0.9602118915843083,-0.2561162398188591
0.5535465463834961,0.16376260455513653
0.5510134361187763,-0.23319235328637317
0.46921705615388976,0.08651503085613457
0.6143227553360591,-0.1561220102556744
1.016975399482171,0.9822650146701996
0.6060211569981198,-0.5967448638003893
0.8564638944066496,0.6991340031013104
0.560088418773162,-0.505382108240594
0.7368143980230082,1.308298202209688
1.0648305877523776,1.404818907040721
1.0068657418793945,0.443547584039254
0.6115669263643859,0.8456869240236707
0.937781053954149,-0.5668016793930374
1.059121870129026,-0.23928670596627943
0.49782663416261314,0.40841276870492227
0.5885099882052899,1.3724740740662922
0.6628745081957981,-0.39008475126445563
1.0471140311696927,1.78442075537457
0.5900179835029526,0.9846840937083983
0.598489290006501,1.2435115426206615
0.881987561612328,-0.3953529160974934
0.6151437528367673,0.682785555076146
1.2973465350439874,1.6457667128836078
0.571264011323819,2.068596851132239
0.5907570783970855,0.017039983046348656
1.0004249787685486,0.7600864421897516
0.5796024146409038,1.850942488464611
0.6001515581902076,0.8835789641052054
0.602929898502768,-0.04885154260251251
1.325049517168941,1.8479895895498009
0.5815235850263955,0.9927003635517906
0.5525906807530934,0.08552990181649331
1.1160773450935249,-0.5958458241873531
0.6124965213125964,0.9503767073789663
0.5467286085919353,1.7758836289761162
0.865519657110948,0.30687451925194986
0.8917437104011545,0.637222999540036
1.0097916955846482,-0.5371943478475065
0.6813580830042278,1.1350392840953358
0.9508693709660649,-0.2905702933851855
1.1135625930958437,0.4481430938823842
0.9384314719556046,1.6527282885192744
1.000211910491905,1.46696974423961
1.1918203056117118,-0.5402288830925932
1.2354695762348773,0.7900365728923401
0.6456662475736014,-0.22795181742257098
1.20933650892568,1.6712744358166582
0.6653229139618718,1.185581663715518
0.6440892357990242,0.5808762261823214
0.5544518869409208,-0.41219139969945684
0.6413465657618082,1.0246291038268955
0.8551239217145508,0.2478206618790469
0.4928242946126473,-0.3457086104522752
0.48023927911159386,-0.07899932517682645
0.6359347987821335,-0.318765163149806
1.2350310943973506,0.7291745251149369
0.9506027916569597,1.371484544666663
0.8595344750224401,-0.24446559925802688
0.570562699208234,-0.34604839405522414
0.6000578462323491,-0.23389557041279008
0.761155031838135,1.3894215137839185
0.5357535079305169,1.3006121215001845
0.6511380936793735,-0.4621659867257619
0.677525843300753,-0.5246803730772511
0.5928812060173144,-0.06312048562192371
1.0605011453633364,0.5975103006862097
1.1263657156520965,-0.29290182918594243
0.4900721330398979,0.14852025189509563
0.7945750085076415,0.5196256920182024
0.6107838001735835,0.7032868228759097
0.532939513533465,-0.4236386955204688
0.5888645111296971,-0.5244237052470264
0.6002354245284808,1.3482290087313786
0.6558489805560566,1.1560936668764557
0.6632451992661347,1.6873400811853634
0.8958956716568481,0.9954393712642751
0.6473979297484461,0.3572575685398691
0.9311429100156144,1.2083804082800786
0.9606358051096187,-0.32960502205906844
0.8349097940110746,0.26846378851727143
0.7825728150683704,0.5173006980335485
0.6646296437357038,-0.3478741206534498
1.0059330101431148,0.4204795779668962
1.1459446528255743,0.6542152364234173
1.0937576195037022,0.597004444750944
1.0026454281187747,0.4200956771096782
0.9575793684932394,0.4410034712812985
0.8449906706638197,0.27168104002110977
0.6395467686625422,0.43451668218183126
0.4735693699488819,1.494606157207045
1.2896446411352438,-0.007772650113732561
0.8289627678579828,0.48142888362164615
0.8091127546157615,1.4903770859934111
1.1955283293158232,0.7336887098271923
0.6222179263380844,-0.31113030016764204
1.2167020162637516,1.1677595365113915
1.05292236423947,-0.023560800561738815
1.0915619312996094,-0.29570797404194626
0.467905714417863,-0.196184851061525
0.6432204230919262,-0.17733738158784246
0.8468342438638077,1.3469614227785187
0.9889183208165522,0.7629997118834393
0.605180132693655,1.259416341773799
1.1272730082863167,0.4562580018223
0.41814579049380984,-0.3318339588453936
0.5692734220301928,1.2861956511323047
0.37291205479160516,0.7922287401140881
0.6046198811209758,1.453252808770094
0.9142190949228877,-0.5368212930257539
0.816033508819396,1.243364439883786
0.9526150538033616,-0.20890686297997801
0.6475091529542156,1.1749487061751758
0.6136272242577876,0.16398844909553983
1.0102498567914353,2.305661765426377
0.6974453182084136,0.8084432414938538
0.5252457404685296,1.635924587647281
0.8358857064224081,1.0338336162864117
0.42551502763862786,0.09568802543997307
0.6260612905716604,0.8794193249150047
0.4773728438722713,-0.3717620447557616
0.850818882520568,1.5725095251591403
0.8313034594549429,0.33390906201178516
1.2068200169014298,0.8708978042927573
0.6263305554380808,0.38001331789607895
1.0222540410603087,1.1482807215766027
0.5993742341131798,-0.3741751375238571
1.0668268973193937,0.0034286874547752033
0.45825627219145154,-0.15995656568142147
0.9131595875900362,-0.5476029212478786
1.2965765188344853,1.3578095435550963
0.7773635361009701,0.4050018349616257
0.6202451722290843,1.5920805129718913
0.3905858826300068,-0.08230187241509611
0.9912407522065976,0.1323476420343824
0.6089783310004797,-0.1089723114323291
0.8066797267594739,0.9106011534175277
0.5957167408526322,1.722733805801579
0.5728085768720764,-0.38774217473536854
1.0787446724767344,1.2245615854581775
1.2049335711936986,1.256127499736103
0.5343959759792906,-0.11360242482645735
0.6400495906043651,1.4200981419380743
0.7652043080024624,0.5907129840023682
0.6619992767117061,0.4458813524080487
0.391543948911803,0.8642730145479922
0.5987403950892524,-0.06663894261137113
0.5728476545628632,0.1632195928793821
1.0827793258457354,2.214880004125801
1.4719220805050637,0.7130273474933804
0.6347468673056478,1.1749513214879472
0.6256658843057659,1.0284251657623664
0.6106902381396665,1.2375128956927242
0.8972898191889283,0.217742527279193
0.4815118800643503,-0.1705672741658088
0.6313509078544444,0.49469228125205894
0.8674034539158632,1.2756379550528072
0.6471469122401892,-0.17978998999346696
1.3138579617402801,0.5595407867014276
0.8462844730608708,0.7832510124388294
0.6295127045574646,1.5632686236161621
0.5780235162006241,0.1068806626041764
0.8531384255417183,0.9327668656729715
0.914333594292772,0.11117912829537945
0.6740579168678861,0.04840044328159715
0.6098493495656792,0.1779718901870483
0.4253126695591465,-0.4191388337330729
1.0709590529575255,-0.6847170816557984
1.0997628902836722,0.7012877819389955
1.0244201368725097,0.8599215470962908
0.6031038454903415,-0.566890652065039
0.567086955626166,0.30946424948698364
0.6296067922946005,0.07855696352188594
1.1149678259809295,-0.5822864449801676
0.6187335620054565,0.2970668866602102
0.602546116639114,-0.04295889348439427
0.6121022271179186,-0.3016174171155289
0.42150262280281264,0.7657050106497291
1.3371540428300404,-0.5101926627868187
1.2064131030118126,-0.146014854655027
1.0173085266660717,-0.44885549519791684
0.594532450665635,0.8898263976568809
0.9571300623670376,1.667377664928578
0.6391215040064759,0.29700212413975724
1.2491970469509959,-0.5536683067718514
0.5716314571119018,0.4459466743995798
0.6748977650020962,0.8639001524565303
0.5687031854149788,0.7009720200433289
1.102838700534672,-0.49257150686350726
0.5867026616645016,0.7435800218105578
0.8621271456737042,0.8470992421457864
0.884666069424549,0.7095069951439601
0.4848316325439635,1.0070716817552208
1.0202952189372294,-0.22527715452113833
0.6083006952468615,-0.08328202215383185
0.6159395947378357,-0.20976779894739828
0.6104235332502949,0.39382343306592466
1.0971714634217273,1.0129806768808411
0.6249907192653632,0.5969234168681208
0.5809221511363472,1.384618542470753
0.8994043692316638,-0.6774610712389292
0.8674053658220742,1.7167854286406832
0.5012706866339688,0.07567497388018693
0.613223642033838,1.2270773144828886
0.6107675741531035,-0.5038678701777703
0.3770271012078775,0.2300402387803236
0.5567565761459848,0.9177838878266392
1.1615366869512453,0.5898024078922526
0.6066664323436943,0.9138080439218468
0.6015564677552059,0.968961988066576
1.021013236933269,1.1455941771810254
0.899149806679925,1.7970288522403584
0.7604136746926518,0.18173741139395166
1.0763201029450475,1.3495229385847487
0.794005538190385,0.3477006060418665
0.6158645957777488,0.7617738736131281
0.6269673710626491,1.210647036691171
0.8247956913241705,0.8930325275687963
1.172843389106673,0.7310939259707505
1.0831651052632385,0.12720041706936575
0.39363611032223556,-0.3582096998432808
0.8219538041376839,-0.5378510271100942
1.000240577489361,-0.571813190994443
1.221137001165431,-0.002336152617692382
1.1997242245275261,0.6147338470664694
1.0256997599982207,-0.11711180201659127
1.031498898956319,-0.20040642131582295
0.6683819616478839,-0.5013886249974656
0.8626959912264246,-0.4297235008229966
0.569757761401711,1.3546055342007242
0.781761786612397,0.4489526698273289
0.6079203028039544,0.9698177483096062
0.6019846260206033,1.3728589870233276
0.5849885587610185,1.3039178476301774
0.9520834324549201,1.056282174134033
0.6947899397827414,-0.6571008891960857
1.2727525329422433,0.7745191805563938
0.5823307508300385,2.2323456543706417
0.9650275060728717,-0.08762479184990035
0.6109514034262894,0.733159403434515
0.6940993333634499,0.12195378140832648
1.0961050003466961,0.9325355629762918
0.9651867279804441,1.39310283872391
1.0546200944329382,-0.3050940582774564
0.6858275218298506,-0.393299588702342
0.3675474596560806,0.4724235153374201
0.933220854524464,0.5810204997984775
0.5918852765922689,0.47622146421401623
0.3666659173222182,0.5450731991432763
0.7800184969033199,0.1367853488414764
0.6088096314471645,0.879306752116388
0.42928819856938094,0.5563158938361218
0.39671370972748105,1.8227471907262152
0.5948650145136278,-0.0585456835248212
1.0377853446451157,-0.14508798261587988
1.0647830839910837,0.6791888611113098
0.5925418200589827,1.669468908170761
0.74422893839982,-0.5041381919099923
0.8872713793549285,1.1825659299380593
0.6386504263863355,1.3690397862265544
0.7900408714676681,1.119515404220879
1.3807505296971552,-0.2917152238173369
0.8691024707574387,-0.6932989328521652
0.6128158964023458,0.19836667944011652
0.9732674141469748,-0.39708459083445635
1.1058318055300531,0.43359713624195284
0.533130940031623,-0.20031184909774385
0.9242784285145744,-0.3079809868214576
0.6534932321863149,0.37917938785991073
0.5799292582617832,0.3593503454741998
0.6196365357222111,-0.32304235071917187
0.8662074941462719,0.6058433577259914
0.9434568412252617,1.2836475138382757
0.610865090187399,-0.23782706129163578
1.014845294423462,1.2290736309944486
1.1124948273053898,1.0043363065331425
0.5384149889884416,-0.04920774873913109
0.5875029144586462,1.2373137917373849
1.172621841333711,0.6005773235853981
0.6583195395211143,1.3103773016894114
0.5021261597127948,-0.6012142790863904
1.0352178146070838,0.08394126386069678
0.6005238322167524,1.7032101692099832
0.8684949736789112,-0.5036089612105743
0.6409247392080978,0.1472586668974239
0.6704646947395101,-0.4326787701581159
0.5310723627220719,0.8422944267338781
1.2150420569973253,-0.21334453939978834
0.9893623992151745,-0.4044759882612336
0.5805732936658865,0.07433441074678232
0.6014491279321892,0.5509892866423198
0.9704748799773502,0.33539093376539386
0.599173044692179,0.6821360141405347
0.6451870838302755,0.45806240421172645
0.9279056106313204,0.617159390995381
0.5958979320767724,0.046744499474983305
0.6327103140789733,1.5861088040252052
0.9587057794668177,-0.3838279712870659
0.6354738741433246,1.2144722633944742
0.6062751338162391,0.47643771323244277
0.5936372951043231,1.2950231672646888
0.7332080959501523,0.6255431096325695
0.6417205244462292,-0.023538843211987626
1.1642250185914458,1.8005353244226114
0.6088816359374031,0.8200415599133387
1.0851000452849613,1.5002221308716288
0.6025260160405552,0.9043010395012896
0.57005767692665,-0.2808452317286031
0.601950115016296,0.29381614916054893
0.5961565098671141,1.3430254841219367
1.2202030035916738,-0.34969663815497676
0.5627836622453362,1.3596346149688832
0.9279860007551131,-0.19545153985062663
1.0004098177644365,0.03867538938777404
0.5026310564183067,-0.305100233674398
0.590431635541027,-0.6620277622652129
0.5614025111304809,0.4276981306801697
0.5685384757380458,0.6518969810567271
1.1946812188153941,0.49598016602523176
0.6254513745741922,-0.4112743315624236
0.9959014953721499,-0.40727286386328465
0.6183394526178477,1.5208942270571977
0.39192185460670814,1.0120163726018212
1.2420710816096434,1.2883881589613766
1.0335277701504384,0.7749003124677725
0.5919838056898222,1.5558531279765644
0.5839695322041802,1.9710041115705739
0.6152248957738848,1.0178010967016946
0.5501152457200288,1.3615883568249174
1.1066526209850718,0.7249778017840851
0.8425732957999403,-0.6446606046725603
0.580706911322179,0.14554416906050566
1.322338494047112,0.7722711881727378
1.1488625616167607,-0.006524677108219842
1.0030551789582762,0.28338786933876287
0.7987184737331822,0.9076795340441325
1.1682483199867364,0.9367865192714514
1.120371576780894,-0.1769894547716018
1.2308668042178792,0.7694377738876812
0.5592297063388644,-0.23279966068456698
0.8305588358646294,1.3455336924786128
1.0599102941779701,-0.15411884462022876
0.5083516314501161,-0.6464689780487339
1.0756250802998912,1.3915032837366774
0.48239638985697675,-0.28783349963915
0.7725415124318016,1.4933964179327717
0.6847167717021285,0.1692496536520025
0.6002773245413013,1.4967950876703449
0.6044546524282823,-0.523550893876951
0.6527836447974356,0.9171937131366027
0.9857361891236149,0.9450819829111499
0.43151504199782803,-0.42700537287310614
0.491880403506499,0.7950351068632087
1.1932238046034371,0.6231199067517479
1.124417227831102,0.8398787555238636
0.5905996188877608,-0.46008393391110863
0.6613528100735532,0.17247865728476566
0.6246486335960363,1.1584179661173262
1.054618215315723,-0.3167350332415775
0.611609182277098,1.5514316085326516
0.633707493459199,1.5967350838873198
0.5953078035310085,-0.44698765138138374
1.0358282073635914,0.1677361757609788
0.889689785272537,1.6126461908238743
0.6221949708566442,1.0227051216217464
1.0755215537105751,0.6307252667363783
0.9572520114125105,0.10082380398435249
0.889502410388935,0.3874500321059527
0.6021372365644538,1.8006753804967657
0.5817995635175882,-0.2838337456602223
0.79528371774272,-0.0026945312948856714
0.8052231197000852,1.4807564023256745
1.0565397567083887,1.2199435798245704
0.5984700614508802,1.2754634385395802
1.0883903476390533,-0.7287878103002821
1.1427186476767763,0.05627176883272189
0.5189269921919667,2.1894097380092754
0.5996465618983088,-0.2946194851520404
0.5653120955773815,2.125159730978245
0.64776687805071,1.324726974027583
0.9491712467549884,0.2990798900939674
0.9990788570861178,-0.056504412919224
0.8999162363030007,-0.2696935113394102
0.590905872988327,-0.36503397467022947
0.8821116632373249,1.736895247873991
0.5664841860301663,1.2810392991007389
1.1130279688475915,0.8491694108147181
0.6045309497910767,0.0414913517829864
1.002764669262891,-0.5580762588712258
0.6526521208168115,1.4133229034489838
0.599044093435759,0.43615972716788176
0.7605047799564139,0.03913507700240959
0.689675599135093,0.11692712499179336
0.816635153768784,-0.31175581791702056
0.5769963908833303,-0.02315079242206841
0.9571616214137999,1.1795830953071709
0.950342277958244,1.8142422413481194
0.6349328663234832,1.039336079458784
0.38132423207075994,0.2730890141071979
0.43845424133850697,1.361702163943003
0.8739244385677029,0.2640971518244546
0.8696363981249242,1.3319643520964228
1.1676003368430867,0.9848848571776934
0.5941748732343076,-0.5657496066888891
1.1668452993300793,0.913994157312502
0.6042309408406001,-0.31691762563445314
0.5905118869684143,0.32125720505920197
0.6067008113019933,1.2553587081885391
0.6302830924289473,1.643346892181163
1.127083452291228,-0.10038458348476734
1.0706239936425337,0.9692803169696829
1.082210321014771,0.4642661988528872
0.9138748053437526,0.4773063690348562
0.5686545109343539,-0.45060916589933914
0.531577188400297,0.2913725641361157
1.174573510352455,-0.072264490801878
0.5926213624432565,-0.43581933926821587
0.5874073481827063,-0.0983051380124971
1.099000675577744,-0.1581323370876066
1.1255338305144984,0.7624404732413472
0.8672956906834757,-0.3701839801035395
0.5953995988085891,0.05604730147708879
0.63528825569044,0.3501253857671659
1.0033130451891261,1.176485365950264
0.9885407001835449,1.0469942431639896
1.0479803017475808,0.2607290510593491
0.9398807719321326,1.9940894392317088
0.890301060222267,1.2361660430146872
0.754441090713334,0.4914290854070013
0.8798791292697392,1.096096706287562
0.5968268112468104,-0.04625180033540588
0.9405460675492784,1.4500599450326928
0.572970101547985,0.15433828442197867
0.6174504533365819,0.9666848302664172
0.9364964360059961,1.1627155085778567
1.1841019911571555,0.7883827857572298
0.9272969830440824,0.9013354828514504
0.5821758210989273,0.21066135849991038
0.6048022362616794,-0.5251814509828763
1.0754919453050416,-0.35309606301488117
1.031551453906787,-0.10119119210764008
1.0520592188988962,0.8702826737774504
0.7356339638571642,0.8893830554121022
0.6342688011511388,-0.5527963731247614
0.9058081017953482,1.646839048175592
0.5979266170053474,-0.1152188610660297
0.4433583657095267,0.7368222609465189
0.5929727248070934,-0.25378322588257585
0.8435756244996901,-0.3655519428638599
0.5574685690842868,2.001447121235648
1.2132368156843392,0.5196893943566094
0.49027207974971276,0.8035566347528385
1.2512312186249919,0.9341225401412347
1.2161983141825499,1.4850318715284987
0.5305825499115051,1.6408645025503912
0.6119650151496836,2.0000398371062857
0.6117824319102623,1.4061565167272252
0.5781929799996047,0.45538302886645005
0.6537601065828709,0.5368155242206749
0.9555770022189318,1.1278935791696685
1.0274466789446723,1.414439853274829
0.7499573851530025,-0.46909020742673074
0.5929311734811212,1.2670798515437125
0.6220607700200921,1.7388546845685253
1.353217780772461,1.6632666892818326
0.5815234249142428,1.778770912858318
1.0486655178345519,-0.03391410420021951
0.5550213912873244,-0.4076704413053767
1.1327526780265376,0.2449806919232517
0.793041384701213,0.6632158789428555
0.5677226237859897,0.07740071336993855
0.7490071822855175,-0.437729071808402
0.5545949637497027,-0.6430857893398552
0.6197342665455435,-0.16120939065035822
0.5245369043155046,0.15202433151327713
0.7442486046898817,-0.35257314611099544
1.1554085448888731,0.09257974220581437
1.199804075803913,-0.6811523444658778
0.8819633982782514,-0.34737523760929456
0.6381123793371135,0.45336498629552696
0.6361136674195675,-0.6198078929450421
0.5740501192643083,0.3893655531140629
0.522220904122384,0.9538756662298837
0.7365554421085735,-0.6322897381402874
0.577471827003345,0.4805889143278233
1.033929438682482,0.8091286913633036
0.9089565812215642,-0.2560914108770037
0.5245472085040302,1.0989529447030018
0.9441396919800025,1.010603149382158
1.0231065264171486,1.1899557845506548
0.45441250158778557,0.7906652206618995
0.6608501186736463,0.4045719220208466
0.9782618876231053,-0.25887926737672434
1.0070655384161062,1.0497745980176827
0.6209782819223335,0.8160388927342149
0.598506465834948,0.228530458494768
1.1144157019936212,0.5190734713995009
1.0694095158491728,1.2705789035377628
1.1184150136463082,-0.3554098767235654
0.9761152032622045,-0.29447938588413225
0.6045648264355845,0.5858925812030293
1.0842762254308491,1.811627877665384
0.8740220735488644,-0.31410505798224714
0.641111187830008,1.9297995166254238
1.003846543616911,-0.052037476165802364
0.6120496453438639,-0.4597262441454659
0.6681652906246838,-0.3488068046342561
0.5980505561824808,1.2395657284834383
0.6274832916636154,-0.6740324265823227
0.6659843014338271,-0.059839038137307315
0.5902410345852188,1.8358732219904632
0.6086525295593468,1.0778177497001744
0.9442579944199134,1.1414921102204665
0.9459475268790787,0.8933640854993394
0.6072923673096039,-0.062440762735940625
0.7772366313980213,-0.3605781125964249
0.580936411856353,0.7222197719483164
0.6947453732934488,1.3277864804097168
0.847511386233154,0.4989532673822613
0.9574151780335343,0.5246093149542503
0.6103310000004947,1.3226902640577656
0.6430705345447777,1.0519322668886164
0.44452444063943597,-0.6272791935601704
0.6002589962668013,0.5357233558073673
0.9344786044374718,0.26585883972945723
0.5612100041056327,0.7451417928792593
0.9312056376204265,0.9533154532879493
0.9181882451109801,2.0139989536173433
0.5923637797137264,0.7592219193006099
0.9018262907249135,0.39248303353481895
0.9119063903414617,0.9838767219104729
1.0927608270677287,0.8446119895876238
1.0579969628984518,-0.42985303228783917
0.4910304124716163,1.6664462783797838
0.6585734915502482,0.5655290117643167
1.1365748042111992,-0.16890388407099116
0.5457254712916186,1.7787369656759058
0.6165315706134171,-0.6184051419769642
1.2291629598417744,0.8316174889377884
0.8432498346777355,-0.12178528833217456
1.0725792155522054,-0.40836428086695603
1.076702579000472,-0.39147317195760667
0.7152026142269636,0.5931065011072124
0.9848075873374313,0.31596378664478736
0.864161230941302,1.3159242349292393
0.6227227485778116,0.8971790817984937
0.5414695382166713,-0.40230716766535124
0.8587328995917753,-0.35915660627800633
0.6409012363391153,1.1198220748330743
1.0209555731110986,-0.06666521655773591
1.3227676476526842,0.6086261238286854
0.6221444035549735,1.8473274909642765
0.6044741781836234,-0.6074513206345671
0.9878462386346034,0.9160537507123498
1.1240887162093745,-0.4037763301896091
0.6113612437592164,0.6931739926838973
0.9298474635932643,-0.2421418520946073
0.8870113915218738,-0.036306009613825976
1.126581989127931,-0.26140529410081104
1.2426807087579155,0.719415715739926
0.6259390715706319,-0.22499129393853756
0.5421584239035785,0.2877532402620765
0.6618708952345844,0.3154903199661221
0.9332467240057454,0.17467046660905283
0.5388065208690278,-0.1284733791614719
0.6915471498541998,0.5364740185399036
0.6047124423514562,1.2195620017256217
1.014827963506664,0.8856922923836263
0.6304455174607217,0.19108953524576106
0.5850259349159155,0.8145504199338872
0.4317092530756028,0.15608498346432567
1.0238268347433588,1.4197411353397125
0.6378420297011965,0.2759913068309203
0.6444990157908106,1.2330675018222654
0.9655119990710357,-0.2229702678397912
1.1288708617085488,-0.3052697021279758
0.6167389625297044,0.8241211301309985
0.777417239545233,0.536008221655141
0.9884765784407212,0.5475929623616933
0.49500705592917904,-0.18888243597422164
1.1807689050267691,0.12241545832406309
1.085711806708523,-0.3147319276209555
0.5970017486874963,2.2586011822438286
1.0677894666209946,1.5555196061117116
0.9657253722797652,0.8296636588462596
0.6292392069324357,-0.27942506055831495
0.5282178233574238,1.5333201794328006
0.5742976899904584,0.9348113366077949
0.6186417967398575,-0.06335668763948399
0.4473172178027935,1.202815020889753
1.1958585608721726,-0.7751027632391945
0.5964483227314338,0.8734945483526474
0.47275050487078124,1.0674856439288407
0.8971634104406168,0.1732406712729464
1.2049862644578562,0.5994192948565845
0.5962842627424045,-0.5512299140918222
0.9881170282474809,0.12076025388682832
1.0036164665776208,0.9458795693390631
1.1620013705636834,0.796096084019201
0.6438218660102506,-0.4134177368805165
0.5616185671111109,1.8865884976035354
0.611006423655017,-0.40332536328857405
0.7613255170505646,0.44963511041202475
0.6083715655672061,1.9850962776109051
0.5618485557369878,-0.5747246229498644
1.0329888645893608,0.35162056550007403
0.5940944429429355,1.1192595197460753
1.2839999981758268,-0.37651870302725626
0.4783441266237902,0.6905239281547556
0.5485423058133245,-0.6107823283778742
1.2768983620472312,1.517078804724147
0.6583760320063425,1.7912678077085162
0.42905760659075065,0.5718142204330505
0.5800720256395884,0.9542919992755359
1.06835290552674,-0.10112640822936185
0.6048195428062391,0.12633480754725318
0.7929822739613619,1.2447308770586187
0.5478216588958742,1.3874590310922799
0.9771047036781078,0.7534427670285084
1.1325217262447886,0.6414636216507632
0.7185810575123394,-0.05801436207101936
1.1375051902129498,0.8508603046121281
0.5800215049028581,1.3613432366556815
1.107250536101517,0.04382306237384234
0.6753963790492163,1.2721419341551736
0.6392733671228952,0.33334308158002124
1.196591036728966,1.7217794906315043
1.146686338588799,0.3885146770782972
1.1488883876961518,0.12428277917298558
0.9964959370177902,0.36265078031222836
0.6956163230063134,0.007208621436296116
0.9265192505858009,0.6127662121167478
0.8771353568216103,-0.22150390099798928
0.5955343238784245,0.5849045978705231
1.0565351217371872,-0.16248358402092875
0.918882731644646,0.834082486705587
0.5827902305730961,0.7187752372398033
0.9804941365071627,1.310562901851878
0.5979896899598873,-0.6882750339964188
1.0019053476672293,0.6889250954747426
0.7164362651947501,0.8594800902834763
0.5836390228334817,-0.4385975787377975
1.0211005256257761,0.3516992151102358
1.1639171968228237,0.40889889583070055
0.3777245869122989,-0.309842295345755
0.40646116364673057,0.38269304670951293
0.6034204516184134,-0.3166278580667511
0.6732137968765879,0.8191549871822401
0.7805293870334873,-0.4773018689790761
0.620271164717005,-0.6248128566993129
0.6003698956642272,0.7128578320032728
0.5921403924512395,0.547413467168488
0.6243839488667455,1.5280525380085095
1.1287404885645793,0.5088519230163526
1.0985154387492286,0.4369800594660898
0.958571255443428,1.1341892271419836
0.62239760544297,-0.691795531288479
1.0107518122446417,1.0498610602376157
0.8331294063384886,1.1241008882269587
0.6212838562727887,-0.2641386849351534
1.0813111655750507,1.4888723777220938
0.6135825204727281,-0.3845453051089327
0.5681365891773384,1.0755295270148362
0.3984117903402634,-0.10288864366398728
0.6081198748215588,0.8652021185663283
1.1777794986555847,-0.20375445501288542
0.8249109514710293,0.12640364779490332
0.5080728646804444,0.14661883064732323
1.2562193386736307,1.0057582849564417
0.5993802585775226,0.010278324995957544
0.6390195647277978,1.4625823894095265
0.9309431157628123,1.6450270475724489
0.6013551770181697,0.8954492234545992
0.9018593704779154,-0.20571116309412288
0.6306330872604218,-0.23587939286175252
0.599683426470264,-0.6586501702441035
0.4964963724222605,-0.45997139297472256
1.1541441554648613,-0.26056903946981097
0.8788215131660653,-0.3062345332506118
0.5869785936893954,1.5318858516522038
1.135457546198501,0.7316975399970009
0.40380936376155424,-0.09164192788335043
0.8872201491133027,0.7379531370321686
0.7748178570686617,0.5965231497793727
0.4403853336171091,1.033007969398307
0.8172223843697515,-0.6112155240477259
0.5678544707862705,0.8798486328218083
1.092024876706704,-0.6532591716409545
0.6272936296452458,0.17948642022786693
0.6235409483497432,-0.17945697657722642
0.5486606061365491,-0.23545476335843224
0.910089346661527,0.655204991643644
0.5010356293484741,0.8692412676923732
0.5794560129963764,-0.3210573159060558
0.6304039260755601,1.3488500403100787
1.0825389245039212,0.2418057326586694
0.9602347715984021,0.45593060672546226
1.1649982194022614,-0.5820500419177871
1.0900261589515905,1.2943081437608077
0.6216190481050267,1.2495623335212873
0.794615030730349,1.7762360248288998
0.7093652071023896,0.736044231334791
0.5743532176685805,-0.12859118935050773
1.1563268512727873,-0.31677386537135505
1.0956562781510422,0.7404163185855155
0.5784505398478049,1.8514645516485941
0.9500386547245636,0.45742718299395435
1.0388227600955215,0.7654644502771799
0.8032329273893577,0.3432233495821352
0.5904975025866587,1.1980134642267166
0.5021516898153602,0.5037345681241582
1.1897092517243342,-0.2957119721791215
0.4687950804598949,1.1778660191468477
0.526759771180791,0.9442999575368444
0.6273990839138583,0.37244970099483665
0.5466000498271463,0.1213355989561538
1.2086185637488012,1.2635874211017135
0.9597895040675241,-0.5070184711192209
1.186058884167814,2.0703367806611737
1.1095844017937664,-0.21675586867206395
0.7514174296679794,-0.37087443627635275
1.1708592548418675,-0.32156022010577945
0.6006489553398949,1.1826932568815312
0.6585855608295241,-0.2852992284419088
0.8783626129711133,1.0920836939859673
0.8365511081684955,-0.16719343271149167
1.0055380639743465,1.2337074451569539
0.9633017602698247,-0.3311365790395935
0.6149533416681829,1.7006977228173372
0.595188186523713,-0.5148091331121978
0.5489810920482698,0.8143153600976905
0.864268999972713,-0.46990089956087483
0.6674447301795998,0.7774061294378409
0.812156800382638,1.1991195221357556
0.5927079339615657,-0.3028668763796773
0.6547275584089916,1.7994285515223136
0.827170912507458,0.3804640367406609
1.0055787900139943,1.0994393525873736
0.8964040808126099,1.4310849483865575
0.4357763675626131,0.7538606643937737
1.1624433231613058,-0.6039067033658777
0.858212794305344,-0.5452707155685018
1.171401029570141,-0.0661209735820178
0.9952422409567911,0.8193263738912611
0.7954489658781396,0.717210594531473
0.8636110911774142,0.9694563953614237
0.8625807923645894,0.7351428183149569
0.8581640120920031,0.47412617636923743
0.4405594488177661,0.3058476950047052
0.8458990569451328,1.8321123837147621
0.6408331081861532,-0.5518907955137159
0.5840759367579447,-0.44640843309599787
1.1822747261920827,-0.2983112812844288
1.0034311163018592,1.3604332841672266
0.5298381976269818,-0.6006529313985558
0.6105278873820404,0.04267511652382183
0.6022929582778955,0.37090455019964863
1.056749670453484,0.06162555196593594
0.6504515424511876,-0.048448523113881925
0.5218644730124095,0.4658344626194153
1.0981562092303911,0.7749328691715192
0.8082430425846872,-0.44239725335142316
0.8932771557729591,0.9565841704376223
0.5993798894062492,0.6433495531125465
1.122495501667943,-0.467185600368452
0.5572605667364443,0.9045676007005283
0.9636789791080853,0.006491565034347335
0.5655798278429478,1.0746647300128658
0.6073272474849091,1.761851715235001
0.6592111991594205,0.6445666124542482
0.5959109258268042,0.6319652674772394
0.9583288767404294,1.3845709074988766
0.6494144867577686,0.44251952347750456
0.5406754451126224,0.4499767931882696
0.6671467739420568,1.1211411847449169
0.9815579639250691,1.7333715036583792
1.3339412566017275,0.5068473694875574
0.6108401732858147,1.1432641699580512
0.6575623516552324,1.5594199135373847
0.6684348159854705,0.8681448316431455
1.0393197405054893,0.5801907422254768
1.0242846741823735,1.2604733879675778
0.6516198083384522,0.17239082692897637
1.1708614226154879,0.010612355544779878
0.6289029779370461,-0.3003187556676347
0.8642168270762742,-0.5971126816084751
1.0440661250721524,-0.5882817282324102
0.9490301774369608,-0.0929412300558867
1.1335491750373685,0.1235371886069323
0.6659931568733664,1.275804909301128
0.7081877945184081,-0.0114288750690687
0.5774936642280657,0.5524699987273801
0.6064115958090729,-0.08685245545679625
0.6054092676159324,1.0313608584411063
0.6486639786164758,-0.2760357168964908
0.6109997212277882,-0.30971463962137613
1.251617500626398,1.4140197228835336
0.8619569751124302,0.5667158750694907
0.6176380705010391,1.4125461012990241
1.0108312755738171,-0.233915607178229
1.0496489418353658,-0.13023458527233406
0.7189428249493935,0.5249136051088995
0.6353721259133727,-0.3623788781880275
0.5211839567988104,1.346744373279855
1.0249162502905786,1.6106105722052373
0.5332381612835142,-0.2673549793903592
0.7942843287593058,-0.3999655113645879
0.6284377176077143,-0.02410277129859159
0.5416749446377772,1.1803576445438684
0.6983326200168296,0.6308145545566946
0.5360087009607137,1.7946033372397625
0.9645858126548152,0.18018934181177987
0.6614038659416511,0.5729330992289816
1.0000092883689025,1.0257664020821022
1.0687611168247007,1.4965585506143295
0.7859616672297263,1.7440643851344806
0.6390465951768525,1.480696548318951
0.7963250412900316,-0.35015476612262314
0.8075407512756536,1.2701807951124877
0.5971775977187216,-0.25639595623974765
0.6691626435658903,0.5527989169841985
0.6329740945944382,0.33112480810001665
0.59912882268189,1.098889008210816
0.8155387096956397,0.0812144779345359
0.7488280411710833,-0.3953538438510931
0.8808401535323613,1.5846757283790278
1.345368583930939,0.1864954031699043
0.9187186918824802,0.6460602602986183
0.6218157059749897,-0.17257306002209089
1.064911678050919,-0.18628555507942432
1.2747370575431585,0.33005477669039973
0.92044322743369,1.4609053576891808
0.9688478452868005,0.25844019158900405
1.2215286807699257,1.4743058436432492
0.5293740468889057,-0.39900099148715307
0.6208674097004477,-0.3403115918856995
0.6409469230416046,-0.5810091827106623
0.7378052210318369,1.4619330988098276
0.5621694819738878,-0.1986137269283827
0.9675777481055603,0.6042877826857638
1.2274711154867315,1.1856866134209567
1.1772418548783703,1.2425007006625808
0.6414197231326846,0.21996877537675225
0.6023371840440074,-0.1386656220373313
1.0488145839869039,0.29925610300425337
0.893961061962947,1.3311451273490709
0.9367420140859222,1.062453279162373
0.6040537159967824,0.005170057663179517
0.9809432004165453,0.6713768440254881
0.653452762862676,0.6895939693811669
0.5733752736885371,0.526815398654734
1.1382257092414794,2.3424046370704756
0.8769882171367385,0.3946876918141129
0.6021760272659725,0.38126086406705456
0.8669301500048144,1.6156352869305812
1.013998174593543,-0.02382473568640961
0.6506302794514884,1.2520763612890364
0.43483038264328866,-0.646384388764259
0.6226767317526425,1.101892305731645
1.02178973808206,-0.3315772889730525
0.9560513006447792,1.1083645594502871
0.6270285936376433,1.433935100457839
1.174418340235364,-0.5809930050005923
0.6351171343712994,1.4141918306090309
1.0857692752715873,1.2068465320510768
0.9352843479719102,-0.24846811583491918
1.16412709755198,1.524250548573354
0.4958619270252387,1.1778272498382465
0.92645450099417,1.2867642448045524
1.2731603635674271,1.4982026675460003
0.6039070818951313,0.767111718849119
0.39638728884331553,-0.2741811569888727
0.6350158465649713,0.15419760986724268
0.6313740911537159,1.6227965964893203
0.7297447190338741,0.8941458341378451
0.8346446112113959,-0.48932515311159314
0.6791859084807693,0.7413711457775357
0.7312181974899313,0.32933832014328224
1.0223602310851307,-0.1722996106197457
0.4709963878436656,1.2024291328557364
0.6253196649445851,0.35202172350075805
0.9137715275368454,0.8409817338455683
0.5381904738787784,1.5967251339539241
0.9805503640910471,0.6381592040447146
0.4923358450338655,0.17332289223720354
0.4951980836817377,0.7030887437823578
0.5982346380857937,-0.05195673200643713
0.6113633708526016,0.39707239106146447
0.7991890545992709,-0.49162417872769243
1.0867281814997327,0.6164953305855573
0.6262387628139249,-0.45970396542581626
1.3004692680446321,-0.1455512730582055
0.6316315882200387,-0.036727180412150395
0.6604772251151169,-0.005264611089691895
0.6705254031402725,0.5095723718972434
0.5668246950082743,0.38911407059676795
0.5706936116216323,0.7231540563203358
0.969768772380835,0.7109504980737291
0.8164952341423586,0.4896446385290123
0.8927248168829676,-0.4452238286171062
1.0837859933955745,1.3774562369705179
0.6082899672269574,0.217666695524893
0.6277582129032571,0.22142474139464433
1.1982632876129928,-0.4543218145057234
0.7436768385362957,0.29220369926448647
0.7259542393888495,0.04713934699385096
0.6136345268579366,0.9505942580026395
0.6154845012785225,0.19234358890619124
1.1022134958666283,1.0656750974606308
0.6387417564429572,1.381350247367747
1.0320467211804518,0.926717438557905
1.3080989455059346,0.9397069946384806
1.0645121094513617,0.38489658080441586
0.547208477452951,0.3132976855537989
0.6136696244689406,1.3616420912169447
1.1642802971727526,0.4109485267754924
1.1684130104457977,0.8241717873560006
0.8911540898060072,-0.5536864240202679
0.8928230246259867,-0.018809204759063225
0.6793526925963153,-0.046242888206119825
1.0241596326263318,0.8486604728831774
0.6002152339425902,1.177529993661881
0.6390869876099262,0.7644054318849397
0.467115610440868,-0.13058748637469794
0.5953006704396199,-0.10112395618197217
0.526750377529285,0.888256554886724
0.9547443199236179,0.5595708783903204
0.617067321449722,-0.47472098327169965
0.5830683557698202,1.1912466711360445
0.6438439518120109,1.3012388152988192
0.6520800316198636,0.44168870783613345
1.0827491050402085,-0.27018129656637313
0.3839969767504266,0.4997140906148669
1.0338836479376483,1.6571429927864445
0.6461221978152383,-0.021993506101891717
0.6108575522485901,1.494280272923886
0.5659350295536298,0.5856343295884524
0.6375731560080713,-0.3042309500135794
0.5216333619615378,1.3170279607301123
0.6666025811769503,0.7297650982066319
0.598427311164024,0.23805024845721723
0.9596796959866833,-0.18974498512550342
0.9321043281792323,0.7329379053891145
0.60402051260588,0.7188623260004773
0.4544721174250192,-0.24482421541372676
0.8668396114362962,-0.2270054577755915
0.6766595973684368,1.1566563587117413
0.9621278316844124,1.5141747944524167
0.5925197274822533,0.7295397409918286
0.6118969855960111,1.2252464996751844
0.9762805347504373,0.7554778950078623
0.5134315654002657,0.3115813074736561
0.47860682428685875,-0.28677792648414124
1.3268470963213554,-0.4027582881274169
1.063159093151398,0.5573740864624079
0.3893693347985985,0.7932159238274843
0.5204348925748761,-0.37950864366783144
0.39244464039900473,-0.3187130902044267
0.5695411352334178,1.7102880860518048
0.5088059498665118,1.0212998216743778
1.0043027974096257,0.6427967937749696
0.8189534435522783,1.5586843966548507
0.6043174648050255,1.1524283960431472
0.46212740543562225,-0.18529148545624913
0.837718872759669,0.19510944878263292
0.6163040268332722,1.5662678538167867
0.6816198518621887,1.1045317738933909
1.1464044393205846,-0.2340393189352251
0.5395846011744854,0.9085705375734187
1.371176961718128,0.36373651926420236
0.6542770245880448,-0.15963455110206437
0.6269757525625101,-0.4727879184918906
0.6525629391298798,0.11822273356617313
1.3498574866720747,0.07288106786461102
0.577581147798656,1.2555386072782584
0.9374390205818635,-0.18870847718228356
0.6298225044044248,0.7636281980898114
0.5577603050128872,-0.30131933299519453
1.0049701890957345,2.5197540309809243
0.9588967809912876,-0.3976843320252022
1.151892442535486,-0.05315978805406445
0.6937938547587068,0.06231243474511503
0.6136459230383337,0.8848878919462005
0.558504768074193,0.45791289607986835
0.6150939594565955,-0.6496739646784118
0.6448649787604613,0.17632908209534098
0.9134849727359822,0.34051317232693606
0.5997674720018147,-0.21195858694461897
0.7317821148552788,0.015886377068693815
0.990223273693333,0.8320587417489231
0.5381160031906175,0.5962600277036132
1.0006090431952033,0.09617884720988243
0.9629500901133999,-0.5604595016036653
0.8526114319668803,-0.20447169328174375
0.6209063807242361,0.6313967265537003
0.6045784732737022,0.4352034228510901
0.5897119399125769,0.34952645694828216
0.9408146894027789,-0.005766079543452228
0.5993408228274462,1.8757559887764879
0.9813659105261872,1.4117350814201481
0.5807786619340222,1.0290643678233988
0.6379646426507412,-0.06526769843719217
0.5988782679044337,1.8980857456169067
0.4757889430352676,-0.4870666911909367
0.6288864635844746,-0.3384770807126842
0.8046468480374205,0.40649931908862236
1.0967146206164122,-0.03140145991599748
0.44515322801917334,-0.38292345664478167
1.1734242573812736,-0.6753166477864748
0.6062907185555301,-0.14905641779522769
0.5983898791452518,1.7891599853115807
0.6617494314287304,1.9778916250162488
0.9944652862213861,1.637772816108938
0.6640482107306881,-0.48075693058331714
0.8859358469058858,1.370098980634676
0.643609423160254,0.6370334576381628
0.9688455554273154,0.09694368936757607
0.6355029355868766,0.09628800636390913
0.5647091340529851,1.6250141710429624
0.6505034852888202,1.2944763296130102
0.6436221903278232,0.2925947357927474
0.8482190828137278,1.2589781899952543
0.6869676557856945,2.011343368968887
0.6175142181456827,1.4303291791962787
1.296670911093735,-0.4621792617720827
1.1164110300883316,0.6765184885335526
0.5446252059253585,0.5993986115598735
0.6275575624475032,1.163849785067727
1.1841535313742007,-0.2622569434496608
1.0141098760685372,-0.35694723881508866
0.6282224956164371,0.6217254188692796
1.2390620261134973,1.546338112465345
1.0117031837577062,-0.6455114751116551
0.5342052630896044,1.493097600049997
1.0882324160676016,-0.6162752006742556
0.8839676175729452,-0.5633032719542086
0.9522923248909175,0.6986557341926513
1.1359650223328677,1.3246724668266059
0.4474365211658763,-0.6882818596494156
1.0293080513456339,-0.21441297339382115
0.6205217958381768,1.0945208295286013
0.9741235731124143,2.0555294704495335
0.6044956638042867,1.581784376717245
0.5740553592723225,0.24283006080378633
0.6032009633954609,1.477073686634637
0.8715110404046278,0.407537226015859
0.7589167177684726,0.5013350029696586
0.7441441288353555,0.3989668660545921
1.0716190662394773,0.7447240591990025
1.0975649233889584,-0.666263236674084
0.9627477612622317,1.1851502179496014
0.5010498922005641,-0.13569221394286915
0.8490678555265505,2.396746421787614
0.8577298769776558,-0.8352720134739369
1.0354416301146165,0.5409251031603525
0.6047995737265002,-0.6090297158125324
1.1029241494958213,1.2487673180687056
0.5970406074409461,0.12486680368144934
0.6081059392255126,0.6929683602675345
0.7096071145926983,0.6506581134986007
0.5803776182379284,0.11245288068802266
0.9710495066334266,1.0671049261085392
0.5805093874292394,-0.15071201473086823
0.6114023702252029,-0.1486442009569764
0.48025703106484297,1.8192707720680525
1.1186878052424472,0.8075125448852915
0.7685960926087851,0.7738338595152693
0.9829870539829235,0.5701854013139623
0.9503237746966402,1.3030653014318818
0.6670886602994126,-0.28319184759071697
0.5803523805123987,1.0734246759328223
0.59924597873072,1.6471352380120978
0.6183097704290048,0.36470290663516935
0.41482848897847263,-0.05073378069318604
0.3763333424671076,-0.034803971997462796
1.0058618603435805,1.3558509393098261
1.1561537695566009,1.6036271135494722
0.9274126994621966,0.01740129442724861
1.1457554672774217,0.21949944555443449
0.47743126097514516,0.4096187797995121
0.5725431079283954,1.431390145030035
0.841716105384323,1.4837752024187862
0.6090324956113384,0.5642632046447518
0.5212971662132256,0.8931519847584914
0.5423993258910567,1.3733604182750048
0.5115390110820096,0.9505738749457502
0.9062199223106726,1.3769924403805365
0.6626106583261692,0.09756522071840476
0.46647358945313244,-0.4001169754344833
0.5122155703717728,1.3244407870646437
0.6278891597454503,0.642115689063901
1.1665095562010661,1.380710562320967
0.8403720376016612,-0.6833517741148059
0.9420527057758856,1.1256070216845078
0.738599304107586,-0.4323407330764917
1.0999197049246365,1.2676047000993367
0.6277104204833915,-0.05182229705246988
0.5091939650878294,0.7117598322266548
1.0142030230686074,0.13459319906556516
0.5579037363208181,-0.3697314172193878
0.5764183252634396,-0.4632827896699805
0.9734328009995246,0.5826194445300442
0.8133766364309258,0.1550052030691787
1.0204467435231108,0.016653530620757924
0.5048544955037847,0.9234216643209101
0.7854704683953639,2.368797897585935
0.622526523863604,-0.16032980966554589
0.633717709912575,-0.24477827449598405
0.64546222644192,-0.15081636555541805
0.5822280167350314,1.9716470884512023
0.6545486431952243,0.08190052818063659
1.1403225469678027,0.9318601302053927
0.8809219579064901,0.24198545055283927
0.9641173089731254,0.30962013689563306
0.3862662034241478,1.4741839226151516
0.4533451084838251,-0.04921164271015831
0.9044821945292558,1.4973056335256105
0.81064618422571,1.0332168379820859
0.675730222679105,0.49379423595914534
1.055894702538564,1.7188936655043072
1.0147048712850177,-0.2695406388345129
0.9868561281159636,1.8749153170071962
0.6429495156772242,1.0492807949247385
0.9772419369510061,1.7966521948109293
0.6309526198672495,1.7309236705435138
0.5938904288935677,1.2534780301733366
0.6301736881522597,1.0998326085952632
1.2039977018482204,0.6031143764277684
1.3322798753042713,1.4006800266320476
0.5650680429087007,0.46126915619150266
0.9544874993379285,0.5021021130353551
0.5281838786944317,0.3950764556965176
0.5330040016269433,0.7389512622427074
0.9860247539147027,0.30753578183256364
0.8843833759663088,1.5321256565825727
0.7780948640424818,0.3672507787385435
0.5975161002186333,0.365673673680022
1.0852881645337558,0.6535440369829095
0.8719773358127768,1.1007429901690609
0.42917763880075543,0.2185062322294945
1.2356600441294372,0.6758030175737348
0.6734880063919279,-0.1465492750973611
0.8721726010085713,0.051979781568072925
0.46982698315796856,1.7804065426235711
0.549366180328354,0.8094784460586011
0.6127802072048937,0.47371086062085405
1.0382370539852461,1.149946804981424
0.8784205090344152,0.2315997370369175
0.8360899149220034,0.07992027857869133
0.43013256522058524,-0.6165765204555749
1.1499576757007692,-0.05888861109105453
0.37301888011330636,1.5016063554036942
1.039925969598546,0.5840087961887974
1.1729043380376645,1.1429546907096686
1.1792670138246333,1.0449266878257406
0.9307454962857762,-0.2820771093816528
1.0827888323931625,1.8142707291318945
0.5600153152319929,1.1731803039511042
1.2016148201105674,0.885245409632568
0.7346516924925961,-0.21271970021038855
0.6041432149906298,-0.3359077483208355
0.655323000232777,-0.5859508360092465
0.6114206267057637,0.9083031701101772
1.0437452332838935,-0.2418022366992785
0.6391592184262181,0.07200421831076456
1.0703826766193734,-0.3622695286698945
1.3351557439481823,1.5345450719291664
0.8824842151815401,-0.5791461316707746
0.5914343435603555,-0.26805689124950893
0.6131570366943535,1.344104683083786
0.600257518059244,1.5222701197811288
1.126570654482641,1.4947932698830426
0.6364003704584111,0.9112009388839382
0.6247248453557239,1.648501024596344
1.0049255841706204,0.8840683636802633
0.5986803106018035,1.0724549496837181
0.5058533894976359,-0.34405227952910555
1.1772727599055102,-0.033991831336816575
0.7531412169822094,-0.2218959123005944
1.0924464008200887,0.7673379355028398
0.6661826462771754,-0.46114907397659766
1.0976141217691624,1.4187252522425302
0.7354369770490464,-0.7526363048845914
1.0549044640585323,1.1113497373506034
0.739245789503242,1.3445201126960122
1.102229104096868,1.5390143537639562
0.599143256342777,1.8721645928169102
0.6510537922659018,0.39972898343936725
0.7091667236370381,0.6589940952064687
0.597969877994834,-0.33384144249266895
0.9240292745601746,-0.5434749808892594
0.6044289139745329,-0.42097954118819614
0.8843072758537723,0.6392517544557521
0.595374702377865,-0.6223635290666426
0.4907980842942568,-0.2186827690773157
0.6307314086195603,-0.12296307998420433
1.1949062998041315,1.844957428143804
1.1474931852938417,-0.6562154382441099
0.6259827031887961,0.6546273409037895
1.0367867181269774,-0.3787386427802988
0.5981933634616527,0.08423307178422196
1.3685949165826818,0.5822791159056977
0.5584825984316617,-0.5839115014117263
1.0532527980621267,0.4195576595353911
0.5848239637953359,-0.36313767400722324
0.662171157997238,1.659069648583689
0.588500416784224,1.3720152823213498
1.0178264204904912,1.5425585943434656
0.8888425452317461,0.07677124762202776
0.5806484278342748,1.541895018383174
0.5903731588787473,-0.24947555728400406
0.6002627869562327,1.221762113223354
0.5999410138146992,1.1579826444362202
1.1669476587814922,0.731277021427996
0.9855837574132076,1.8287472853180535
1.103230558543146,0.14923474227768949
0.5071186881716977,0.8336346313902852
0.8781904312317812,1.4027246901232364
0.6084219174224935,1.2653649186652431
0.8543029071180533,-0.5028564083380209
1.1534928022932636,0.29814659083757855
0.9294150263781804,0.3420599429751423
1.0498268091928313,-0.5065566261935879
1.0980680252893968,-0.4872989699182243
0.6343680027806022,1.1653181686292398
0.601217184332467,1.8138590676816209
0.7390243658454282,0.1623381624041153
1.0102938477410377,2.4553299079602695
0.5980378178580716,1.4795883538133099
0.6201927610224502,-0.4392100802490878
0.9471241871933336,0.6162464444075585
0.8940172475336496,0.428078411735341
1.0660392093077413,-0.5209039657236297
0.5887535989641053,-0.19660332806789133
0.6300916059720927,1.0637271978094034
0.607560065434412,0.2796176262586121
0.526231237373995,-0.08232983780127617
0.5279334812692678,1.0293461792221246
0.6528375938865617,-0.29254529216203684
0.5864979462424346,1.3986785122159728
0.6231702616072234,-0.04613010400503631
0.608560562946373,0.3329992411053695
0.6185111793184493,-0.23354024859130962
0.5461613633380107,-0.044715135044004845
0.6327893430659147,1.4398063740052678
0.46612316451698854,1.3231703120369147
0.6674015508772084,-0.3230566143910582
0.9328078629470866,-0.5131519824851373
0.6511678959806281,-0.09127457958320388
0.5984507530906088,0.8763047012344208
1.0052543231173356,0.999902443267351
0.5581441106763743,1.0233120075358155
0.6322999795433054,0.6490462927705132
0.5800096435469084,0.15913898892221276
0.6629623057702471,2.387965758156886
0.6682418895050138,-0.29875909991794974
0.9373208033933639,0.35284004509313494
0.7136467156706309,0.4276349163506758
1.2887342269617963,0.38892531135029756
0.594699197529161,0.9790922054558103
0.9981461466883867,0.4855186037390905
0.7898099695039822,1.3664169188839284
1.1144644407209128,0.6517734204004155
0.5981072746512176,0.605555889860766
0.6825841214561966,1.6185002480969506
0.4411703841482526,0.21979797405353896
0.8727654480284064,0.41130407259257823
0.8269568340278133,1.3300240111142234
0.5957703379593624,-0.7734912269321821
0.5445984358857354,0.3150876981506663
1.0469000571806122,-0.3459313774456596
0.6974964735969101,1.0952229448357207
0.9749323305452575,0.5114399131816839
0.6333981179603919,-0.07877449850096349
0.9277687697512079,0.8331547270351047
0.40668478612697395,0.2354890021647999
0.5958602832031534,0.26738535217263537
0.6770512383524351,0.1835261469349525
0.8506774608234822,0.3709297497543166
1.304239372634116,0.862150360022834
0.9944537427568101,0.5472675384093917
1.132488872628239,0.28646082264858863
0.7070327425687282,1.0002507743152464
0.6125444110123108,-0.40230710457888186
0.5975201089203747,1.0811664791414553
0.917514659753767,0.5254992343418341
1.1024809893268366,1.294216723903233
0.8873029109551294,-0.09871760846497293
0.6023860631390346,1.1277004455363175
0.5999100146248301,-0.15632821233373073
0.9556216716610831,0.7212996819717803
0.619137033734843,1.7069667383189748
0.6568117327161044,-0.48337597688483247
0.6772380585226568,-0.2654088311832775
0.7201801516235392,1.489936986463401
0.40003757345963936,0.7350239701665973
0.5145137150981428,0.18854080624791364
1.2787651681691259,1.5775950339508853
0.5986323966090544,1.2013809986941335
1.2005406696782293,0.014748597111476663
0.6110249642166015,0.7960630412908529
0.6523756489601115,2.30392360997084
0.9774366024015195,-0.365774456003749
0.8823700247564528,-0.13756649620158445
0.6214107505005712,0.712084642208059
0.4940280868273065,1.3017043645579864
0.9820932706146384,-0.3711199649508506
0.5913130230925173,-0.18581003148010516
0.9564096826976359,0.4927019544035659
0.6230377797412134,-0.01771357993680707
0.980276911200777,0.986801373387493
0.8116496423828321,0.07043813018004064
1.303095862916249,0.9788170984361824
1.0703174110272697,1.7546673158974018
0.9981753112913392,0.6720462241675473
0.6390743881247141,-0.4458275147079809
0.6177874917767353,0.6472046766527855
0.574944866468688,2.386819199072557
0.4865254383097817,-0.672097557591727
1.3352943390517436,0.3835543382071795
1.1263835763647816,1.3643721799018314
0.9870791438800057,-0.39393553925365743
1.1808202944255908,1.0972877391355138
0.6620716371384882,1.0052475330062216
0.584119979049094,0.11149607954547884
0.5196693066833221,0.060381780176727656
1.239599507433646,-0.04214894474289067
0.997699238611691,-0.01773052634189516
1.2470283677004081,0.2289193540179174
0.6221674730358212,-0.07541754065385034
0.6429029852429999,0.09044898417521446
1.0774039545564018,-0.35030290858446284
0.6491339489285993,1.0685535857350148
0.8361651930955768,-0.5779880747427117
0.880716989100869,1.072918113810676
0.9020718399075074,-0.5492905457844929
0.8083589708082152,0.8915039393139771
1.100596177697048,-0.4543278637385351
0.9477196828232224,0.07308990791772324
0.6049742457976637,1.0551078760096613
0.5778050815854279,2.383530275966873
1.225449959690308,1.790671312617774
1.0042282211692275,0.250411164436049
0.4072771217787993,-0.7191396014115448
1.056696372211449,1.0005380096305487
0.7143950972144145,0.8405729790832446
0.598936743192918,1.443742266103294
0.4925901198203708,-0.46116489779404246
0.5978422872773542,1.937400469157232
0.6319048992898386,1.4328661356779095
1.013666267549108,1.7757825195385974
0.4445163651260381,1.8962352713446204
0.8896831231680686,0.2399301845003021
0.595662653244304,2.2614170946866965
0.5426820860230951,1.440874853087268
0.5450291121804336,-0.3181772547565026
0.6011906556122918,2.408734651068537
0.8949279029903396,0.9006804212974062
0.6135166860007415,-0.2628249497252203
1.057588801476955,-0.27843291528679537
0.9831277343595264,0.4096155890073353
1.2606661873444451,-0.26904683967261134
0.6183810217024575,-0.5583557084912313
0.8260576458924312,1.650157064535917
0.9285331930697851,-0.678466487466101
1.3537068419997638,0.7739258684039078
0.6381714950965629,0.18036239865044507
0.6141019653336812,-0.42767777589226025
0.8277204503743767,-0.2633169939692578
0.9160390012065962,0.24951407018587338
0.6316725905562899,0.8011624857843573
0.8585403801713747,0.17221960380953674
1.0102367922701134,0.6533464486650299
0.5105087936672869,-0.263944693800676
0.8484107821279272,1.0154743988219033
0.6891895481496494,1.381628959637986
0.6602207039729033,0.5402526820526042
0.90582193686487,-0.10570435911298987
1.0213893926003752,0.7456028929139282
1.232981755490561,0.10400194258401155
0.8498434424487133,1.213256688771382
1.054843725125033,0.44580180815858106
0.5990529771191478,0.9807054239566306
0.612970217725459,1.421151736780958
0.564335436213386,0.5348907787693481
0.8058346961992231,0.4263035670747773
0.626706423047352,0.0961990653217927
0.5885079214583635,0.2519102027868825
0.6314976690347831,0.6795522189387081
0.5866620639393276,0.4318570260066893
1.0026240049937594,-0.315028452837145
0.5116138117285935,1.5550850563370746
1.0865135008516646,-0.5098648562999446
0.6333878522289159,0.025468603857503297
0.5340601341563902,-0.11158813159431948
0.5565620366254418,1.5511846160644567
0.547057725225573,-0.6958998521303307
0.9465121011703117,-0.18747081170645985
0.9868256694244426,0.23473426066399827
0.6038501367801506,-0.42845476887924544
0.5916779633411466,1.4810298537773243
1.2793238778588567,0.9714540325283891
0.5948061630677027,1.1539135497766408
1.3108430148200945,0.16259631521079376
0.5612057923085103,0.15097270872590998
0.5436844701127413,-0.6009610940849747
0.5942566972466536,0.6236527072312252
0.6215340471187472,1.345490442068935
1.2079046188148086,1.8122675232824799
0.644513286943574,-0.07373811862672236
0.8987439720754948,0.3864366800212846
0.8994145584646698,0.35783575794407535
0.4808101393242456,0.3716570605264549
0.8338387087235879,0.8493955076863983
0.8949529441805744,-0.6028082047814721
0.8438226598287951,1.278640059929244
0.8838355617118645,0.4450498438817044
0.6085662032928456,1.8534993169177418
0.815778729926793,0.9231310263268666
0.6500936136367519,1.1028689488872367
0.8251369336865623,-0.3903722788825861
0.6774267998192472,0.9864497972923922
0.6634384541670103,0.4192433337686376
1.1075677751898405,0.19363444077794018
1.1171776909958582,-0.4181085302377735
1.0920450671668738,0.737555193457619
0.6008307948550317,1.6729806139601289
0.4193728290681884,0.9468726073289867
0.557392034918469,-0.3029744205820921
0.8540453875352307,-0.625291004223475
1.1890658848836653,1.3110419164844944
0.8013164958785377,-0.3421249401194433
1.1179730906771397,1.9360028081386802
0.6903160022651795,-0.2487252914994528
0.6017088186806611,0.4855363240949471
0.6086521662462986,1.243551518716684
0.5409109657848377,1.4753316116316588
1.1749251131617748,1.465429640317313
0.5854367729945748,-0.2139888399197723
0.9116642322409638,0.7179619716071022
0.9090223758878027,1.0766611943946447
1.1851975313775496,-0.7343341544396008
0.9942127279484947,0.4414395978532024
0.6192849054154361,1.4509270258688285
0.7206701350556862,0.26823409053863984
0.630316539705856,-0.15522758851873628
0.6365472730928612,0.8221806903876536
1.3033849071088095,1.2757513838389614
0.7130881280703516,0.19816146191618036
0.7443587532661171,0.5099769454570294
1.0057722359246482,0.7394854005787677
1.0776335711570177,0.8602666562823293
0.7281560755508137,1.5527009613183709
1.1438977916388173,-0.25404339847819923
0.9381613691067906,0.45063561192402046
0.8237224764817728,-0.126384954176089
0.6347398423288484,0.5691762004951563
1.0195853520396123,1.4414783890136034
0.7545236300475753,-0.6156837059718283
0.9531824400810022,0.9154813781500579
0.60908712263595,-0.1538732478494132
1.064373218626463,1.1446758466477167
0.6618207033449603,0.003002002296769196
0.5269211169014613,0.6868144750818845
0.9952628604432212,0.2710807914799078
1.0994259952288759,0.6940790108483557
0.6297765125087599,0.4813824848021377
1.0529885303300013,-0.30163756371528727
0.445329746924517,-0.4235566178585888
1.0181929626610868,-0.7270249472204742
1.1834435721072598,0.9995498652037452
0.5915134499731759,1.4199958792103367
0.7588903550415279,0.289800601120471
1.0837252935513817,0.5637178247119672
0.48311859485252406,0.15656520276644414
0.6082309148301643,0.2004003324168466
1.197274265973422,1.304689292930489
0.6230575011561146,1.1511142105421013
0.8710343648922418,0.9989497678384406
0.8012334481781631,-0.2583637229748602
0.5946174726046995,-0.26991703169473763
0.6245730238679807,-0.18303739536012723
1.3192296349782369,-0.4802499131566096
0.6320574315035988,1.0191187885126336
0.6419313772922015,1.0193998084531972
0.6163705785188979,-0.5785475703691314
1.1634604657013805,0.10861357877686945
0.650527601376413,-0.03921048044693495
0.5766260338370569,0.985722451212024
1.061421776034823,1.6849785597084317
1.264150403163811,0.259199034277633
0.670645497872776,-0.5425514106139158
1.0941238282767154,0.8228445364551431
0.8236048002307483,-0.13071700267274566
0.6572214974995257,-0.442107256250716
0.596335957085031,0.4745353956783238
0.5581012151192432,0.49492297755715053
0.6071611474080914,0.9261479949282687
1.2321794926745298,-0.16935611098001857
0.5775002182836189,-0.12456348703566102
0.9308411621952846,0.595167899895646
0.6679951236922611,1.4218462184012877
0.5863299534535229,2.0381699990966444
0.6303335722265961,0.9001064049615116
0.97809826463066,-0.3612983909471732
0.46235667120750695,1.6094170900601534
0.6033805161948171,0.3386472601383846
0.8341139205944315,-0.049784348979021585
0.61227943241007,0.10285693795219208
0.6453434725804728,0.06583066632897328
0.603387339852135,0.45056257129021654
0.9354407804695463,1.985696447324705
1.159505264758681,0.39538434878812045
0.6100016883900803,1.9822057369115418
1.2855353607252984,-0.15367711173324644
0.563213479670359,1.6479051382534056
0.5616531462982746,0.15658906603028938
0.49209255811526953,0.3036070905736822
0.6043359621095707,1.6987391473497802
1.1279827490151961,0.3719280447922282
0.6225040465948128,1.1044971893093711
0.5998577030760532,-0.24795015666483278
0.9638417504710896,0.844594223055207
1.131452997363418,-0.5040257119734688
0.6574001139244834,-0.32987469356795185
0.7112799881664669,0.5699274741687369
1.1575242434190547,-0.17545764394558425
1.0151229109319768,0.10981246933082522
0.8874723046256996,-0.4029183691668977
0.9710213624112717,1.4534813032224514
0.46728489191907013,0.5283579297631922
0.5961642121261471,-0.3422061954124582
0.938226907941,0.9312996257975686
0.6069957721845097,-0.027448943156831107
0.5995409512709884,-0.33120281652614825
0.5071605059371682,0.6355596007614658
0.5039140333768222,-0.15032804638165248
1.3182306310836005,-0.5515306473007794
0.9549173489097412,0.7505021022527113
0.5994405335782884,0.3175041294063732
1.0584570170829561,1.0583438875543307
0.5977197093712118,0.4315151683822631
1.0636817029391512,-0.5439569299521091
0.6540973358311112,1.013549590893956
1.0670748638495864,0.8256308420361731
0.6495063966470996,-0.3794695727181911
0.594061921280556,0.48625056971859015
1.106189088765925,0.6142446092921849
0.6406417274275222,1.1135968217826342
0.5476060656868801,0.12107035490102538
0.6063714586878494,-0.28583900222643865
0.4178134613051017,-0.06581762286114125
1.1149571951280903,1.857593713926748
1.0789867826666482,1.825891031655225
0.5897427841166762,-0.5727921403828897
0.6055568745179727,1.305967888623081
0.616117860673793,0.8469513733150287
1.019896995426574,-0.1296621920866165
0.7811809505378656,1.5252547840341166
0.6280119951135275,1.0422193704787022
0.4027941118807,1.1320475766956462
1.2312014646985099,-0.321266332150111
0.8819761495672174,0.13201144176984708
0.8587040899579799,0.9621802301317139
0.5785331863893788,1.7260111229659842
1.0700696500855569,-0.2543536745088437
0.634238318433014,-0.11789012086263129
0.5980822656933722,-0.0788433280650698
0.6389295681888346,1.5086718998725406
0.47811753777303867,0.5805513284769113
0.6044847478642734,1.2012687878696802
0.8168184018999816,0.6579111144671341
0.7640397496286705,-0.3642304519721084
0.9061753033213628,1.379939032933267
0.5810452159967064,0.03061665923443066
1.230974611942277,1.4968701255245271
1.0867895215613481,0.8191287232823585
0.5483476801286472,1.7280524305245168
1.0270232758113014,1.1369620871539892
1.1950831498729801,-0.025444628142101813
0.5074951281294368,-0.5262649629698153
0.5896921780224352,1.7916278295881156
0.6306323360076277,1.2289048592287464
1.0127155531411114,0.9660692613991733
1.0482637802858472,1.0525637719013123
0.6234830802054877,0.5751375441531539
0.6027682371849677,1.0996797258060802
0.8321348395147145,1.0858586867287419
1.1765466369200606,0.9629778188925232
0.6460558310663815,0.5690588447399888
0.539136568870037,0.5515580060654546
1.0701466888111713,0.1272436790131672
0.5957922539577263,0.41836914630669436
0.9502124693794607,-0.29533456367201527
0.5348406861016302,1.600096379489392
0.897490282782973,0.9955694853526232
0.5294341118665719,0.5393420711177926
0.9615463606535822,1.0122574017920263
0.5895296468819787,1.7097344037940947
0.5880198293520632,-0.6864926943556213
0.5302433195474984,-0.022020431623485492
0.8547077204047948,0.539058828921249
1.028098747111049,0.56094015699731
0.48701010787917076,-0.4086131492604864
0.8481151656555712,0.9017590742897559
1.1966059127752935,-0.043246761317246585
0.5995529042441974,0.2432049491450107
0.6016235315360681,1.9225834322213204
0.7405101007967357,1.3985917067854545
0.49544235984542706,2.170628052105532
0.8055461403115329,-0.6145921129999866
0.5136359924074743,0.4052166895437482
0.6016552166676277,1.660409884066992
1.1067184315035672,0.14243613904925495
1.1260680845234465,1.6478443530227898
0.5544607704438218,0.5218193837481314
1.1636991308309093,1.12750494653031
0.8388800468071724,0.3566587434939521
0.8076039327281321,0.7050978766853946
0.9834427267545542,1.3272389551028192
0.5733713333326219,0.2713355034765047
0.42372182717522,-0.4925407724958425
0.8331045148981827,-0.32352671975862635
0.5720699109115874,-0.13246972584298125
0.9803370126793165,1.392890817154927
0.5920436451043133,1.103684542051678
0.8704098062612298,1.0982839894122896
0.43235884033789546,1.8100471458855774
0.7220541580629375,0.7385801940653656
0.590006160752961,2.063757826754053
0.6456232472239158,0.24677499166732547
1.04411518802066,0.7296048683986144
0.9299251527261971,1.1199642926459905
1.228991173997679,0.5787648157857033
0.6405211314258711,0.7381392116385728
0.424070376439168,-0.3164055641747997
0.5749213520151212,-0.0987906289378653
0.9817307556533401,0.8966272289989052
0.6436603108952484,0.5355224426628418
0.5855920442934104,0.14252808759959668
0.5969314410441637,-0.5626317879875885
0.8937056394751698,-0.2470905523653331
0.9650508456057669,1.454729496119425
1.0242148248892442,1.6505393610371766
0.6645893049890804,-0.03324704121203817
1.1545090852936692,1.0559144564057261
1.1634160497690922,-0.4381400930862007
0.458015219295507,0.1923667328210163
1.0507155959530794,0.5857356948696404
0.6191659683282945,1.642904040068181
0.5994496295307618,0.4780922322937119
0.5377928975653571,1.0017476588977732
0.8538411255225282,-0.34850945914769527
0.6174196097278153,1.2628057395580345
1.081276847963561,-0.12304434115840962
0.5218416858053281,-0.49896709258095057
0.7535589189899365,1.1180006403147371
1.133119001770281,0.7878716581365074
0.6212845282327555,1.0417263621993382
1.185444323584551,0.6852972012352666
0.6581762718402291,0.06061975494467228
0.5381857381528501,-0.2951926845110493
0.8945301748262323,-0.1885061656954258
0.8512801435613193,0.4927721343616875
0.3639328612139142,0.6269984865612035
0.6074673546594138,0.7560012043919211
0.46796309478378795,0.6118805748512145
1.0801707553252704,0.7064433081882385
0.6161933461311384,1.5349594070518582
0.9791070204611785,0.9027001746325418
0.9841645874452427,1.9985437022257964
1.112941416679553,1.3498127968346574
0.5996969285467861,-0.06560123198507296
0.943766626743469,1.0061144553041004
0.6076807778133225,0.6198904540682393
0.5675873175592668,-0.24919082590023264
1.0712395004696396,0.933705190634053
0.5245731773159074,-0.2939618309685149
0.5945239471452038,0.9094092119884261
1.324032072662629,0.002787675059401626
0.7535537418615132,-0.5058416225804894
0.6336895848513202,0.309638070774107
0.6031014340482573,0.4787797762015311
1.1813658361778567,0.200787831407843
0.5413383849015967,-0.4938441557129842
1.2529210497267407,0.8522965798462976
1.048841915868512,0.3960902901570572
1.009334436436231,-0.4506544454996403
0.8461415262188242,0.34217955560406793
0.8137323686595901,0.9303432653156196
0.6299204641774078,0.6516723088699077
0.48006538980610913,1.674410974405489
0.571928951626113,0.7259493029757105
1.221501652731821,-0.4804150705973286
0.4200923685076739,0.4891093228747515
0.6479452381980234,1.4749897828927772
0.6193320734985437,0.8715126872494879
0.5934029439666293,1.1435259089269185
0.9752352302647813,1.649825058576084
0.5996055309099344,-0.4808372805765043
0.5898475550064904,-0.5562605523891544
0.530865731490407,1.209633531567913
0.6277012281644,2.326282013612972
0.5932555753383267,0.4596856534865511
0.5534375925274366,0.7877391178565893
0.5851966588732522,-0.0020368818706727188
0.599548767565822,1.20530308934637
0.8094305390222719,1.1084943885936989
0.9483477531213562,0.767031519699723
1.0304104969577026,1.3443895430503467
0.7980936455722116,1.3539112543011782
0.7580607256567242,0.29990382297872503
0.4227887508816993,-0.23043032753161063
0.5620535883025062,-0.34204567125682345
0.584261071890099,0.007220853572120461
0.5386396020893597,-0.23065151658025837
1.2177831767599767,0.8792599027693625
1.074700364904859,1.523327978267283
0.9323363017374866,1.2547459705407413
1.1172858484152395,-0.3870745909935624
0.92388113262145,1.1399245269684224
0.3657170255693546,1.45085806469218
1.0897998138572804,1.593319859440966
1.2656104948604754,1.3693502911442836
0.9533517559817226,0.561109562753317
1.251810217725023,0.19972431434588622
1.0158740510585995,-0.2155169552446053
1.0975620363738692,-0.1501857297505892
0.4935848812582117,1.4575446116860329
0.5533743198050954,0.14483079367893106
0.9834348828180437,0.2974895376143069
0.614735744055368,1.700348010850534
1.102241429773185,0.47000762501912435
0.9617002599909175,-0.5131921431567472
0.49654986400125783,-0.11440190708564657
0.5913447292956013,-0.11748926456023073
1.0076975022681554,-0.3166532589794943
0.5427452857452751,0.9418698414279679
0.616163623083765,0.6836595834450684
0.5333690941789255,1.4156203327716377
0.7884512099406764,0.9394945571056323
0.5934549326246187,0.8190549463386437
0.5564415589934962,-0.23611731958582932
1.1054029583848828,-0.38002318765104304
0.6717183717053676,0.6586232695713891
1.1468723898594912,0.15712200887349692
1.1619376709678362,0.5627333451512002
1.0407380919456055,0.029915688083423042
1.0126932711729344,1.7609999881142189
0.610997195011306,1.3782310228573977
0.7817871384077253,-0.6858982532083451
0.6477222217403033,0.7160196642211748
0.874432029351447,0.2969090070829743
0.38840100587054854,1.0465327526288766
0.9308203461375377,-0.05655019038121124
0.596633179628637,0.6309691987576643
0.6058056023465134,0.20971838845503932
0.5308639112930931,-0.13461156769584334
0.6008981705224985,0.933565956133441
0.8515553677541972,-0.47893147548453036
0.592201635583623,-0.4217226154171769
0.612792697795649,0.7218359121277028
1.1878641048924214,-0.14624988643191594
0.6127059812962772,1.6775083775726651
0.7126047004717324,2.208648022976974
0.47638019435676066,1.5834409899831594
0.8766613875450973,-0.3335351281436001
0.6331547204440164,1.3191857663677227
0.8278322308076068,1.519387943718656
0.5094693721889195,1.7288797272732597
0.6113372111568625,-0.366101178314585
0.603263634745189,0.5576379492941929
0.9631148403004022,-0.4220761043741465
0.856428273342472,0.24919244673761287
0.605387349367081,-0.3624815254560336
0.6273946897692471,1.5147722423959282
1.171684121410945,-0.17171876681377068
0.43852330728521327,0.1253743582490378
1.0987230125011724,1.3556309269792164
0.5877571310197387,0.7741733576267366
0.8499099697283446,0.9427200259556231
0.5432940477293543,-0.35221176808411514
0.8260955937937585,-0.42640801235466597
0.5892369978557976,-0.16655213084355808
1.1338444899175155,1.101212808288766
0.5924445293894476,-0.09357360956736299
0.889827439121317,-0.26215378404839396
0.77296356122159,1.4985990498248005
1.0332439594502623,1.145948560534872
0.7955036361849572,0.7035269837505849
0.8887198530067002,1.4725471295606216
0.6502848840212843,0.6366317349642766
0.9083272895740083,0.3556104237577201
0.5769251420334487,1.454770985475781
0.6004095467701495,0.9267882907992326
0.543437835967062,0.5346221959569377
1.086280246707903,-0.014709179573945172
0.6323618673199477,0.9495923295878802
0.564127399721576,1.3527107251536454
1.24356076513843,-0.43091806349364725
1.0742935807366658,-0.3526540790259699
0.9785324518869425,1.7414298266368275
0.6636801294437789,1.3290349693225156
1.0624962824484732,0.8259767851921039
0.6307256011854012,1.7643908495926217
0.5447010441133173,1.1511180211816874
0.5904660799421594,0.1347914501178779
0.6216909300448719,-0.43103415095450826
0.592227825612812,0.6620057766026466
1.0861623948031822,-0.27075228686826674
1.0370975528408726,0.4776863814374051
0.5906709009974244,-0.17983367110566373
0.6286017624525915,0.9212825186800089
0.47401273198910493,0.07267350226637127
0.6075757498511343,0.6900415174282657
0.9864708625605341,0.8876693225673535
0.6381274121049115,0.082242048595216
0.7008954837264366,1.6367221345550418
0.519589021428624,0.3016866303076906
0.5399176442418964,1.663750756277389
1.1123388550422895,2.282613215345555
0.6166146199993124,0.5620096952438993
1.189754247644061,0.09509864186349154
1.1232271148447384,0.05088721958912229
1.0861086596524558,1.052280589543475
1.2013237758060513,0.08095065520939243
1.1438744079478729,-0.3276956298166362
0.9372615937398174,1.0435902486472457
1.2250589560390834,0.24051173787997945
0.5206436649458644,1.0081782386339713
1.111181641812339,-0.056436197338581615
0.6231213300929098,1.0914690915774816
1.0658463836803005,0.9411139024186819
1.103783883050459,0.24682904633604696
1.2226317023743274,-0.26567597826934064
1.1587883788535547,-0.3473656429932097
0.5769979191164836,0.9527080119335898
1.1818419439119234,1.1110517488067586
0.9698715769526096,0.5020237743105276
0.6031148947385236,-0.33938120109133235
0.5623710574177783,-0.3965557463848789
0.6307445974406449,-0.029868451526390755
0.6084701595280512,-0.4059987504108795
1.0042651182918274,-0.05596983053964205
1.0612354300095488,1.178090860513353
0.6225011419120781,0.5956203846692859
0.6487254456737899,0.5644703935956197
0.9887425034642172,-0.04748752203674328
0.5255561664636149,0.12524188882582835
0.9262161681046107,1.2536504162385826
0.9564603993425413,-0.07804306590865143
1.116623690909604,-0.40625071352918707
0.6741421628163464,1.771286698191478
1.2408603930590958,0.5638171379259055
0.5503342136426796,-0.1814624450095989
0.56167685509874,1.4911441295337178
0.6599183035871898,0.9432004277327979
0.6001084295853445,0.14518824211851933
0.818068301477315,0.960868206408459
1.0618663115711555,-0.23877230062011484
0.8616798489121902,-0.34689215011517927
1.2751225690087638,0.7494754394222665
0.9522192109750565,-0.41440960180718023
0.5505699688789794,1.2384215865407753
1.067818756681091,1.842998443402354
0.46410655956692587,-0.6923346208325551
0.49994813234026175,1.0365899287918057
1.0285737213001283,1.335618774729933
0.62041290207015,0.9301621633427503
1.2839374773673349,-0.1310859329629706
0.9133738282059697,1.3067302389999091
0.9350894233512457,-0.41101857692978466
1.128033756241729,0.5130171966821604
0.4322828545208256,0.21628718996298302
1.0134598224397542,0.6427486962396343
0.5631164910197038,-0.3523005797785172
0.6004713058617488,0.991881121792482
1.1524436760902903,0.30512826501962215
0.6008943744279445,0.13917829900095346
0.9723013337672632,0.969531692867222
0.6005657022463919,-0.4327187739268541
0.4042870108536462,0.24702267133935737
1.014777395224756,-0.57298855645399
0.5669080635807762,0.19067026582428132
0.5789678998107937,1.6861905025053687
0.9286928942559423,1.3981778248048111
0.4142327368039368,-0.2941278340318594
0.595519305566945,-0.5732767495034293
0.6241782679114476,-0.2763807857169748
0.4700843102738382,-0.34994300156571545
0.9790991012617032,1.4503878957587804
0.9974935480860219,0.29828651237659837
1.046297056462548,1.1634283510805463
0.6166799260337056,-0.23590154385788298
0.5387045607429027,1.2016447616918353
0.6086070344470771,-0.42301447739162046
0.8889532346961484,-0.011686309213176982
0.5977223749226376,0.4537669534685304
1.0162008062776324,-0.4843296215891668
0.9877551986532644,-0.3125575168557366
0.6406957666113275,0.1403213426880116
0.5607473451552787,1.5513863778203587
0.6514873015447399,-0.26977355487848786
0.9835227001616809,0.43834373585398084
0.6057874166632105,-0.46408195418332754
0.6228808316955506,-0.2701264206528415
0.8466281342639899,-0.06204920054772085
1.0085916549863692,1.5202220039323624
0.609598287155694,-0.10640819189223549
0.5794181763622559,0.1495324925770985
0.5062760818095826,1.6482160006750517
0.6073047412753793,0.3642777132419699
0.42069245242717646,0.08218543694712142
1.2305767707133377,0.10685625526754161
0.6455443487150866,-0.0689605361763096
0.6013872299722425,-0.29929812074841267
0.9546545512731346,0.06783954592668823
0.679216591361604,1.275995067416358
0.8796457616608793,1.4979363881932029
1.0004388203462415,1.398002016586841
0.47340340564663214,0.24269690256968984
0.5837303376140174,2.206602429670454
0.4030063533896456,0.12202265450564165
0.8199106954769546,1.8673544500308537
1.1601237897001013,0.3178606185579239
0.6869753991958854,1.7840849306967128
0.898056670249681,1.1080578637942542
0.5956287490208771,1.5375797961971642
0.6758543644611072,0.6437433613912594
0.5880258025166716,0.9491456493107504
1.1392522582688787,-0.3439314885187774
0.7335025583409022,0.9816071870177953
0.49556417372347383,-0.2852894326066253
0.901772176847686,1.1530073258456266
0.6425698781707712,-0.2747775764212372
0.8871607593836273,0.3384267726304185
0.9946806270933148,0.4228682925733508
0.6721190446900352,-0.39089404806370986
0.8674744485545501,0.22694784781667637
0.5769352558180967,1.2961533937603973
1.1588599545126996,1.020961226166822
0.8109340812716869,0.1726476352382379
1.0671788478151842,1.1870441947774215
0.5630144856436092,0.5381730538416971
0.6032409165783765,0.5822710946078355
0.6743995588224652,0.4130579087481457
1.1620076657633251,0.7516306131082579
0.566174275432743,-0.23908314296077832
1.3211211917398853,0.9516976165248837
1.01192399276336,0.416950565879565
0.5646523578645041,0.5194962279229388
1.2601025617573656,0.24528391931839583
1.1322895433932716,0.4668613607974795
0.8904976888998342,0.8863817080152916
0.5618173495194032,1.328992317117487
0.8054788300353334,-0.4523899227522359
1.2487314290916929,-0.40143149772719156
0.5192042208511355,-0.4020807211208799
0.6494477883274851,-0.38570829267169077
1.278327851361126,-0.2693361846626807
0.5692844531677144,-0.21560282660493163
1.0584714515805589,1.1995095780103677
0.9587352895076537,1.1828846990600366
0.6209787957350621,0.872327794114021
0.8742027770284457,1.3589919249970273
0.6823106241214342,1.837745010369832
0.5754639365792462,2.188516609946605
0.6459788037506471,-0.004477897808396688
0.6584116185550621,1.0401679738877265
0.6167507739071372,-0.32383467844935754
0.671096396254915,1.93064072928355
0.4930372585719725,-0.11170041065554917
0.5167183994454615,0.7304377148949639
0.49288630685853085,-0.07912335697886429
0.5972143948064186,-0.08306206386955994
0.5852340598973843,-0.19919041809632876
1.049504832751082,1.4410588073582833
1.1195739831518061,0.7308293140495243
0.44689005756052885,0.8325826942585741
0.8241022138034628,1.2757675523856318
0.5889497557644321,1.4919690057966402
0.6140244319695722,-0.4005834207034863
0.5795165120012491,0.09160793527748759
0.5996322891695959,0.9965174923604683
1.0815681321287292,-0.19125055174139996
0.5673874857797132,1.5982814985806617
0.9775394907659682,1.6697783423090913
0.7366674153330394,1.0758484184820547
0.6218202818254657,0.9279456525038353
1.0051616474511404,-0.46621217216654287
1.2011328339536846,-0.5748333458650445
0.6080150140454803,-0.4270644355683928
0.7850629329352126,-0.4013712032228435
0.9115376937210775,1.0111051219429488
0.6047903925300657,1.0908380851791355
0.5879604105218895,-0.6950802275120626
0.9297807350116727,0.24809279761833694
0.6140110354513937,1.7032631326940924
0.9973038950777562,1.2576000030865309
0.6210833930090597,1.2423986033122043
0.6300076073485742,-0.39019429491534274
0.6391238785500752,-0.2596382502571258
0.3780977992452475,-0.31843763201191067
0.5586806356745392,0.9917007962308582
0.6135219809256114,0.17077364718401938
0.9852453899831541,1.138154048880149
1.1596530900925077,0.7827534012350867
0.8173765273766189,0.128103155465479
0.6927758058169597,0.09297921658303232
0.6275592158262933,2.3874420647525287
1.193091477836405,1.0866809055154742
0.4876602117629906,0.07635670717561369
1.1987306273983984,0.6845122243710143
0.9290882226379417,0.9842638619165541
0.6629384909199941,0.20295777279847085
0.6002355493687415,0.5528741073092824
0.904156169017102,0.46156618228911206
0.849215427447179,0.3425934053673263
1.3026066425436866,-0.12813409140053234
0.6434906167960455,-0.3135387769465956
0.6369859857120551,0.9334431521745654
0.6635856214268471,0.16974478577418978
0.7253247939827856,0.10951223813422742
1.042008995045083,1.4466912412564705
1.0381132115811085,1.0702054988718772
0.39846519239728523,-0.33482788455681256
0.6365804859957209,1.980252772571415
1.2099154337405233,-0.28416949415515563
0.7379851721568889,0.712153284717276
1.0173063427243398,-0.010745704099712927
1.0941306213952324,1.7639315676645084
0.5717700878998826,-0.02615643320814129
0.574256901125688,0.9277162429561583
0.8426468690846551,1.4194920125439696
0.8039593403145355,-0.5957923344252165
1.2444740952957054,0.3718118466251838
0.5556956171287151,1.1039728550566796
0.4441283374735403,0.8884108270433542
0.5520897410955365,-0.37729376735587283
0.5934962928852678,0.8665932820443831
0.8828267511310393,0.6252799299285108
0.6164706523627842,0.8476627583266484
1.252323012495482,1.3372839811534716
0.682737365430838,0.36723614309346186
1.0943383840894967,0.6921198310840492
0.6156429183227792,0.478452397381594
0.6948799895882966,1.2661149054817165
1.0055931187628837,1.035060865691919
0.617681881659313,0.8709022133098989
1.1489945693619696,-0.3780356353595127
0.554200158801796,1.2639460020234923
0.6054111836499091,2.236593410065232
1.0429913697369022,1.5802396400521017
1.2261308526196388,1.3711111070773152
0.6052832397269283,0.8742305534240187
0.6281763632938117,1.06504561849621
0.8455127300465499,1.356546659166353
0.6216913876278711,1.6037956619283493
1.1016614298035179,1.2133750327412431
0.46433668424275965,0.009755963042944002
1.2386579029305769,0.02967110137357637
1.188357846034253,-0.24025180066421406
0.9795868039514524,-0.03892437427921892
0.9712407902411702,1.109083644398355
0.9689620525202444,0.5238869438793122
0.9812820789757373,0.584609526152604
1.037937085087909,0.658563451429922
0.5863271115385509,2.095675009388194
0.6302270687237173,1.479870382244975
0.5054888891139573,2.1999473456445093
0.9294103887302384,1.3983479494900766
1.1427802827093099,1.5492102214392718
0.5291084123460883,1.300791010579051
1.069452903477025,0.235421644764337
0.5280571229362836,-0.3218423158406233
1.1709164755544663,-0.18823460957108812
0.4663549601199777,0.9982126176856108
0.6339891923556664,1.4208860927066427
0.9006975491631088,0.23338602167502087
1.1849814124232383,0.9933615995777461
1.0134530808404365,1.7450141290372319
0.5983024067627621,1.8718699240005638
0.5123587146838463,1.5202507758663915
0.6072884829203168,0.8429398654388305
1.1349781167172959,1.7276017473341925
1.0157964970115991,0.24600287019251768
0.8506772964885566,0.771936648852022
1.0705333132246342,0.005302720747448586
0.628281584609699,1.076420107178374
1.1326387921518344,0.6404077875199694
0.6349354227996722,-0.7690386826342943
0.9009631284123207,1.1898788788597343
1.1236068885722914,0.800043168463766
0.3902356283634496,1.3081611896167349
1.1235893015953204,-0.265820824919349
1.1117253413323247,-0.1610387820314926
1.0303173056229376,-0.15922732239943516
0.4556226792946259,0.7076516334891848
1.0199201889198068,0.3762686267255584
0.9905239626113569,-0.14888210682780068
1.1213097015647562,-0.5412932824716856
1.1165694364548409,1.2852531232090991
0.6352621756345934,2.152922184902547
1.0855144391162053,1.4570748504114799
1.286544567125891,0.4159654007901351
0.5461635329958993,0.7759057741455448
0.9264865807164695,1.8326237011001782
1.0318209303101824,0.32837405536652947
0.8004864351955059,-0.32385426059481887
0.5022994032157314,-0.227754133623679
0.587119553053344,1.2453564364699048
0.5410604785124074,0.2613108031053406
0.604831377686029,-0.5543645748854854
0.5808377605462515,2.0852831563853194
0.42436205155919154,0.9783580894041235
0.6687771703901317,0.8767140209074296
0.6714246483364967,1.7187284776867857
0.5850790034788511,1.3068384818145127
0.8795894904141901,1.3215831664443811
1.053288840666881,0.5117047326503972
0.48937901728960204,-0.02496145705959915
0.7040732223185099,1.5180661575737546
0.649088994024932,1.4387339685313343
0.8462736761122183,0.8167531997275577
0.6479927955003701,-0.15048160373348612
0.6661866179269361,0.7865298684464881
0.5889625730271353,1.476639517909059
0.5893465574777468,0.2853382381243488
0.8996159865985027,1.4344625711277121
1.1071708576215258,-0.30951153937972764
0.5953515245908765,-0.5188007064549094
0.6447853351975512,-0.1650839322032673
0.574499444847892,0.8289512922002229
1.15955548834485,0.5928658846973176
1.0813238947593515,0.16564385924799238
0.9020557909591864,1.1352057810180614
0.9630790363902697,0.6802397593128819
1.0982600402835916,1.7496373500400726
1.0456389738474758,1.1175062172532315
0.884214932842931,0.79922502125592
1.011097489743771,-0.35105041305014045
0.7853262806267021,0.36072040424400875
1.1650198287409401,0.96227332617011
0.6184520693687575,-0.046252913582353256
0.9718865837790682,-0.27380637559112236
0.6019595531567196,0.044494504474662216
0.8705235231762997,-0.34623657879584313
0.6265764039308762,-0.1696843997477912
0.6662376383229927,0.39576288950690675
0.5453923507464613,-0.3900236233388313
0.5446915150302442,0.5128928631152906
0.6016961700478648,1.9250166746898354
0.8737587333640777,1.9966607436662867
1.1640732835649859,1.3026498800458666
0.5921380646335049,1.0827793436604518
0.5824904970367379,0.051407220297791406
0.7358751934103405,0.5280278303318144
1.1777413232795686,0.3616087766413452
0.6335553178054611,0.10055008814757582
1.0497575101866015,0.05519135654941249
0.6613142333763335,-0.7293416547822393
0.6176654830358259,1.023169646933284
0.584773984399956,0.44807537752076276
0.6320695069616976,-0.21359734231790506
0.5578357015884555,0.5214711096994287
0.6046468737925521,0.5577557516351872
0.8854873842746318,-0.36407357535181506
0.565960933303063,0.46123176788707343
0.9104762894231753,-0.37579943606717664
0.4361376846722498,0.6690314350059867
0.47865902513112507,1.6362057069646094
1.023906673679113,0.6938891470315536
0.9878069087367887,-0.2036584026959924
0.9871023831943386,-0.1025581244890725
0.4545109456753009,-0.24434515432769321
0.6006562448907462,-0.2680190458877161
0.920288470558828,-0.24182758855667003
0.7975234088132865,-0.0948242132051258
0.5553243971659458,-0.08345603646554531
0.5842359593266754,-0.48333049037132136
1.0688303893176738,-0.023286332415336675
0.7606258573682376,1.2980315258154085
1.0691175337132584,0.7836990068351622
1.1403885765392094,0.3576653778907348
0.6006460994681693,0.029947342985918557
0.6467614267151877,0.6487529623014396
1.0579463615833726,0.29585288116691627
1.000176966911071,1.4723603556444305
1.2517932083989307,1.2620136349183007
0.942643908631192,1.0366560810086443
0.6051571930528605,1.1502125332172701
0.7560836412985574,0.1800490620633191
0.601313884824675,-0.27138237375109653
0.6363842605590171,1.3930454755614963
0.625510743757669,1.3276763619376757
0.6057474972831479,0.2609719896473133
0.5734730501576979,1.1716943026685978
0.6407341694453601,0.6952217168883743
0.5346120569298355,-0.43896072037568695
1.014978973708948,1.5806620992513896
0.9563903756157308,1.6837913691185844
0.6855139734088258,1.9971242219705228
0.589780567841088,1.1131511857141354
0.8003726860550504,0.8743277210192418
0.85262937246533,0.8614600971945782
1.1443108184745212,-0.40331652605007395
1.0232046355469584,-0.3601029914049102
0.5441625918027694,-0.0046794193765609116
0.8768494700804574,0.9341491342448005
0.5658285451626862,-0.40068098467691127
0.638584059990085,0.18494078623451696
1.0101798158182518,1.5807816749327217
0.9091731539264319,1.296865052428299
1.0090078161686649,0.8579114282040048
0.905304493230126,1.7149320899239977
0.6745384115398958,1.0728206387321548
1.0119867582772646,0.9003150027306144
0.6563137489455829,1.235846622588237
1.2573483723835635,0.43495894722631256
0.644756886726408,0.21220729884286957
0.5918649876123447,1.801649572582018
0.5811193765577638,1.4208433342866655
0.645008224928164,1.4395055069786962
1.2440164404196272,1.2286904361392827
0.9439858132736677,-0.4334379853488161
0.6124508846631586,-0.6184589321066758
0.6186869402244468,0.6884993921017516
1.2031029117810734,0.7346559604466811
0.5448115880366496,1.440093339594318
0.6946810490954863,1.4031609763725188
1.2168806262109664,0.24144449428341352
0.5438517314333353,0.23758005185646025
0.6516938477537323,1.3623875248416937
0.6038306819525949,-0.5264740810701236
0.9936952571547324,0.14981887310638298
0.9555144304936336,-0.09567056640248
0.8535248047778634,-0.10202176365523319
0.5307036717438189,0.28617124212955614
0.44778629455875124,0.5140559366616317
0.620195529845709,-0.13932359793433674
0.5270145345905592,0.4110641979646146
0.41878689022494686,-0.2676090279570139
1.1541973949984599,-0.25208596356484014
0.605885884438236,-0.802748720378833
0.6682186609608325,-0.43850155326316553
0.4696599818899817,-0.38920232367095825
0.5813080871684945,-0.360962810612695
0.6236571450607553,0.5813403479742324
0.5606137564772137,-0.18467208169922872
0.8124476380534627,-0.6522843780809644
0.5915895949968774,1.962695270655454
0.5060593358464551,1.234982753473975
0.5689375439970114,2.0579387725628004
0.6119863538356702,1.197500169591839
1.1154103430890199,1.050091401990016
0.4798568555742043,1.731713481858864
0.5379532333020426,-0.47631137402830426
1.1385506601097686,0.20181723443056987
0.5992253384028812,0.7383284308242016
0.9393375471471209,0.7510358710984344
0.5885206072076848,0.4764811171910234
0.5787136727595892,1.3655204011674709
0.9784473673345131,-0.3275097450240149
1.0222805504244004,0.6305273269283641
0.6236968788092992,1.9475641695393122
0.9266090911797483,1.3901070469147616
0.6173542455227554,0.21028349799609714
0.5731978952378735,0.8443581770462631
0.7663345219021799,0.5230183394028357
1.2832070647203668,1.2328024840578493
1.062767760498035,1.1087234376513864
0.6709235409146782,0.7102234435220764
0.48217141820099674,0.7473106102211969
0.897051951147035,-0.7198318360117453
0.6215455246161836,0.39414164222472975
0.6215371541839274,1.0967226426575314
1.1039895297934554,-0.1375097617104396
0.804177182191784,0.635375228050685
0.926488568217102,-0.18034149520908188
0.9740006789004854,-0.4983031826598281
0.5681857013696952,0.902449726563354
1.348064589534957,1.7172258492748584
0.7575785814334611,-0.014121618523627255
1.1101732138660756,-0.12363281838592063
0.6680069081852225,1.670557559623692
0.9823432635869709,1.3889850110120108
0.8812082821029508,-0.3904275016143988
1.0038911310235767,0.4175130848280505
0.9486088521961492,0.7142610037574139
0.9722792098968236,0.8721192047622242
0.9284224107013067,1.4940014806020856
0.5051671932170887,1.5638415433633908
0.4574714498639337,1.237066481546924
0.9760153099223638,0.2990874224596822
0.3559259396788706,0.758948705648592
0.951020285082705,1.010933630026685
0.9481192524419134,0.9174012939735645
1.3292873396006715,1.5955959166766616
0.36491721587620946,0.9710731229828579
1.1291958648934104,-0.48106946468152445
0.3891084106973353,-0.2278234278324131
0.6181579609484735,1.0549320934556177
0.46948060588422924,0.7975796848075908
1.0171091447602092,0.5976949407071269
0.8350359412116699,1.5483518973570192
0.5735501418304418,-0.2522560073711381
1.0685444883036304,2.359346777140378
1.1738216065918414,0.16678821534380142
0.5649632896172047,0.2863720138972729
0.6472249407263048,1.5055223274119736
0.8980180013164785,1.022543472366555
0.8481583453106638,-0.18706543537726383
0.5706467360122623,-0.7700719302727224
0.6133835057914482,1.1258578783834796
0.6158672558857974,0.47960443401935277
0.5041893953745396,0.02806817279042416
1.072692865805831,0.9386872722900073
0.7748398590241532,0.7932419105184643
0.6032074253868973,1.4598626626179654
1.1497188397959275,0.6157164997484925
0.5875107823312673,0.7923682545313685
0.8304460034740371,-0.4435880304442064
1.0067603746757383,1.6706091091836943
0.5987274547846944,0.16384205165217858
1.2599720059248725,-0.17657740681102346
0.9666013658889462,0.6661457219044513
0.47980098557957335,0.522612996597003
1.137851618807705,0.6260319514732049
0.5807075811394113,-0.19246903067020507
1.187814796923587,0.9946973498804164
1.126080518310963,0.5570335180980567
0.6417490684018423,-0.4300008975019791
0.6323769336956736,-0.09632007270393914
0.5207479657336638,-0.4633957020526028
0.9818770463882374,0.2919187922085373
0.4267090169879305,0.003024403093273835
0.8311294274250458,0.2829080472435941
1.1480067174301956,0.4924637980790745
0.6690198861598322,1.0122382730288015
0.6072824136135806,0.023809459970750804
0.6129744018645101,1.3408594844675308
0.991742025286501,0.12492958776756644
0.6422674502667822,0.4714090371330784
0.6622434399921254,0.001637373224116008
0.6107267236962193,-0.4363141905652321
1.0179107843818904,0.9272315910055281
0.5555811955255127,-0.5498207681993268
0.6050785955685721,-0.5594135401170723
0.8429144327174507,0.09890789206178795
0.9432840175749206,0.08618250280859105
0.608265057836298,-0.008840973418512144
0.5246698872876091,0.22400652888562028
1.2439866152391577,1.2666781279860684
0.6738466598697035,1.9959536187149691
0.5300342669131481,1.3722558520413242
0.4820489408464154,0.9821003800527054
0.4778656647473965,0.9343980084559107
0.918928361545849,-0.26449834400528693
0.8364595754641551,-0.00905916082581218
0.673800503560892,1.4737998537888068
0.5447161983206348,1.1487813340453377
0.8226022751733842,-0.25818441979496204
0.7332685612350203,-0.09867378233176671
1.165967071308502,0.7883302781017228
0.6042152325210339,2.102250409715257
1.1282936501916903,0.8180523475853838
1.162121223202234,1.5294776951977753
0.9282600837075576,0.41806661651159294
1.2286696208068564,-0.4338261868183791
0.6148069462525858,0.5924150513711615
0.5370962290787283,0.4945964217358477
0.9879967322069336,1.43351959632863
0.5870097605586426,0.2429182604475557
0.8783753639734215,-0.2921197914313492
0.607681188616516,-0.07316055443091668
1.1536057969573508,1.8812622060333064
0.5677290848606285,-0.40687209027182636
0.9967620998595628,1.4731582922450521
0.4718233798271846,1.4725670441175347
1.2524011761242748,-0.2547052390367823
0.5399389456874192,1.2795111154960073
0.5932688334217694,0.8525250637171957
1.0194393734224323,-0.4730959422508375
0.6318777534831587,0.6565027601856985
0.6984990287677765,0.0005930698104887056
0.49181805280651486,-0.17205245856999563
0.6491965483933863,1.2643060676428806
0.5663189867454343,0.7917552958687248
0.9806429005551545,0.8939468896822036
1.2193060434230925,0.3949701733296456
0.668608972367264,1.1739827994865324
1.0838464391912817,0.9439091433409331
0.629270072981794,0.03673049263836964
0.6090867213265068,-0.409594283119299
1.0849014141107902,1.7402443117972954
0.5389968364808472,-0.29600658368075466
1.1539489645296999,0.4924914984643045
0.9392039599460249,-0.1526550821111484
0.6570008041691104,-0.19662491758555034
1.226930991947474,-0.35187819131090586
0.8512098428742989,1.591381809890819
0.8504906366425429,0.056312705457079615
1.1864046982502234,-0.24320569057075472
0.6135387993974075,0.005716686849902619
0.9418673078046003,1.0859562174796702
0.6232021011246474,1.2026827060580911
0.5960614234470194,0.185672139592524
1.1185104811463904,0.3667518252237205
0.6214632958254942,0.2325147098569998
1.2057291379744426,0.37077844497565526
0.9867905299230135,0.1317484718515317
0.5943060326727736,0.32945360280175956
0.607388458377474,-0.30421451662128934
0.6373745470949543,1.2457844086756822
0.592769909419681,0.6764224739003738
0.6039233601148412,1.6572804970581863
0.5655425999073092,-0.5053358739756508
0.5529598077598101,0.5122766302821888
0.8778156519696159,1.8810860904147408
1.0401631053372227,-0.1156398817631813
0.9708195398697645,0.48124349050571613
0.49527614522655755,-0.17128965919559608
0.6666040321546799,1.2876490512974978
0.7805536292142401,0.8318109996743224
0.40194138884666963,-0.5163873298274921
0.4966755260479442,-0.5134286578080167
0.5592587939098724,1.0503109314342804
0.5352125984748342,1.3933537258569626
0.8971031842489061,1.6751879404379875
0.9490077420336254,-0.41441510765785083
1.0207737480697934,0.19089686019160643
0.5449458326047059,-0.013828293461582573
0.6102987318472907,1.6066129916675456
0.6029463466879593,0.4109561730014347
0.8329115592511818,-0.1172875614186859
1.0905118369039601,0.46288897351700287
0.6207910070862284,-0.4408263086926356
0.5555316381024742,-0.5385868521401643
0.6014957017100716,-0.4816878371499748
0.6726063589917938,0.40013487645630835
1.1395647226897245,1.0877344634857007
0.6797581277950331,-0.30708160238676047
1.4158596438671374,-0.5129641184660128
0.6822851457156995,-0.028784568220804434
0.6695470130560058,1.3353000591989437
1.3372420253301147,0.6148543626741099
0.629501381844646,1.0688159823261
0.5866470451658543,0.3090701313325753
0.5406225022108967,1.4977667491255198
0.6017317211809139,-0.22822208521402348
1.0099063148111695,2.1976431252360955
0.4885768327880999,1.6052286725592195
0.38261216398876047,0.7057682678021341
0.49224227514472274,-0.4094971901100998
0.811730957537163,1.5411222241793174
0.5920540831390538,0.0032547815226090238
0.6475137054049167,1.368379936863883
0.6769681484521952,0.35429512314139766
0.8277244451751348,0.9226481587391191
0.6031873806664614,1.2534239521690296
0.7019233103439173,0.6357510204818831
0.6304640184829279,-0.14265646067983415
0.9513450398079464,0.3790757563338568
0.6547014753821504,0.25316783186348596
0.6063574405365494,-0.5306206276172859
0.5650982812074914,-0.00021668984357693655
1.1039241780799767,0.3471169070173915
0.9994553765932561,-0.10862870137655972
0.47069729785837167,1.1041345998908838
0.4207697308989831,0.6033568689270359
0.582811846990284,0.23361024290359864
0.8833968630995617,-0.55772777393358
0.8991212506548891,-0.06478182861012348
1.1202767047100606,1.3982556756660038
0.7810511181525843,1.7456580405071467
0.6049288562557451,0.26185021772767514
1.029876097421295,-0.16834172690116034
0.5980164261136325,1.1004220111916712
0.6136526952761255,0.45257872362136137
0.9565250567138797,1.5980537504497399
0.6150398130647319,0.21666944437832478
0.611334638517452,0.6892777047411255
0.560884274158002,-0.7765429638405299
0.6006131740070515,1.5868447828821164
0.6110243895403373,-0.15962758613039368
0.5893874918310259,1.1460105664413105
0.369120267793124,-0.7216924824645685
1.2634014716751631,1.67458264285689
0.47267093506296715,0.9834274571943972
0.5871435460367067,-0.23179830717324718
0.8689513381566306,1.318418485276124
0.6167039622844223,-0.2079102815884128
0.5381446363798109,1.329193431143724
0.5635808987486435,0.7091629868949347
0.8776186023998183,1.524117831015042
0.47116789212213994,0.5145632514817834
0.6155985226082186,0.8140819807936641
0.5096352580271635,0.33411490885056294
0.5865412921800797,1.6053911250239599
1.0486113451042782,0.681263539111159
0.8973649022943752,0.11563498602760956
0.9059976578647577,-0.31084011351436236
1.2186718901632867,0.7600695933559505
0.8332431706127053,0.2010749816571517
0.6017602285858307,0.02152096736278055
0.6689390382671214,0.41192119376508984
0.8523234998194873,1.0887568381922277
0.88506610830163,-0.6436470427385148
0.47767977941450074,-0.5586406038403752
0.6009257598185533,-0.21241631497271984
1.1956030560702455,0.454218389763371
0.46454996371382945,-0.27912636407816505
0.5854758864445245,-0.4698345278659302
1.0111999256631232,-0.2704404225751638
0.5295578403089469,1.114034183294958
1.073902085655511,0.22705805710331545
0.8458509534201524,-0.2909152551402871
0.6085599122645743,2.2085509211290124
0.6051676974722675,0.3964868865472029
0.6072205986894916,0.9492432955224457
0.87607393146509,-0.22692610189894175
1.1429360873904622,0.35546780850869786
0.5975574551491992,0.16335211263662566
0.7052511095687237,0.9864749866762069
0.4676371994815284,0.6848605250165063
1.2072751768955694,1.8324218730056183
1.147491199270575,-0.37549712053695045
0.708358043947354,-0.6894470725113959
1.073437205496113,0.16701974802203878
0.4940995923554869,1.0322349651605631
0.6275278861133222,0.45184279490798973
1.0136593311728714,1.7281600213835935
1.1795556154003382,-0.2654897274438332
1.1807312819411229,1.3168153428462654
0.4805181642282985,-0.26465661093195764
0.6569059399249499,-0.2667374018734122
0.9341877797909055,0.22019507358947976
0.8112707724931869,1.7703483194763763
0.9426016464643132,1.1664692361204292
1.2753955094204752,1.3992889701656073
1.048455891213875,-0.23706661312014385
1.063240107923283,-0.6791778416001514
0.5868304911790916,0.6054257824047486
0.6509959479100891,0.026427767323478818
0.6185811411392101,0.45685588892405593
0.5562756817380933,0.20035325974760523
1.0478103820037823,-0.05821976130947425
0.5523894675986738,0.5712606500539688
1.0979938751163867,1.6821331397443902
1.006438531039772,0.2238569517542567
0.6144490923668992,-0.1903676860005979
0.6168969867430174,0.05333689997430076
0.7015467495533804,-0.321471385822393
0.6005116406520443,2.053017619135291
0.5974796014125096,-0.3317350419060147
0.5847951593213156,0.48207669972451117
0.5978497018114817,1.522839290546696
1.0612405718275957,1.116547344034739
0.9779303143729661,0.5853820691162844
0.6797830688179175,1.565574437188088
0.6299507326574265,1.3058047468483316
1.0271003663578986,0.234845952143062
0.6383207965271498,1.3640456640850773
0.632245875391977,-0.47194443872523406
0.49725966027832946,0.03821512744621405
0.5966609643633299,-0.01957726051075561
1.272735182794493,1.5787194844156436
0.5874981979454649,-0.7515777434618434
0.5101624660620779,-0.15152366154816632
0.5617694992421896,0.1767627399519129
0.5964445431839773,2.399945655163368
0.5789150520726937,0.7879773537454846
0.8903652553402615,-0.11675668646582316
0.911681997109749,0.8864342913123451
0.6074425262345486,0.44329461864914904
0.5017460052522794,0.6801617185053896
1.0528451325842139,1.916231848283696
1.0114459469470356,0.7833670092491849
1.0515607902284734,-0.017278630849966822
0.4219323339213617,1.366590637659554
0.6000661734588254,-0.6860303369456103
0.6043907150888175,1.6576447254777233
0.6001306954686263,-0.19263508315286343
0.599334830494519,1.8582392775067706
0.8310109536196388,0.577728428024165
0.41051332199934554,1.3742422949501774
0.7675853934420301,-0.4108308944911763
0.584197459857475,-0.38320335646390613
0.607724136358069,-0.39616409717559287
0.6378395094127944,0.2106967562305304
1.0590705480950582,1.5540090582926434
0.6775086673035131,0.8403202363683188
0.5936750482892396,0.24897284419809956
1.0163429336329506,1.2031516750852063
1.1885389028128217,1.5166137376702642
0.5897573582697203,0.6882951147050864
0.6257461998457644,0.27689026200448885
1.2383915344427363,-0.0365451052308125
0.9778830149937383,1.4665813797455902
0.5483559169439594,1.3652722144099418
0.6321971504529149,1.692313863497311
0.892326755571021,0.6095535795278998
1.1245788993491472,0.4172158017855451
0.9222835332179782,1.4580563655091254
0.6094408069835052,1.0119167426467444
0.938891553922969,0.46236409329327577
0.652433332603661,0.7382094920224331
0.9992313462373623,0.3016893622481634
0.6004143535987008,1.5354765521197478
1.0274824697788676,0.30526193543825547
0.6295112222495275,-0.3018762735009324
0.6701302695960483,-0.21745767616508746
0.6360621662969742,-0.17989126968852664
1.1356313490176853,0.8897422561028003
0.646160727478269,-0.04911043196544604
1.0515824663181583,0.6475395112300679
0.6646007302541338,0.48309455041709914
1.1907493541863077,1.7126804824743433
0.9176662186336191,-0.534944165218908
0.6090928857928748,-0.7442423469944167
1.136169143171114,-0.25014598385899967
1.2591569741214592,0.5065159896310265
1.2417076109528589,0.3485461064444104
0.6124714149518502,0.768154671970582
0.6215305189612992,1.6958369506115436
0.7793780855818564,-0.3274362957396121
0.8634492733023977,-0.2654769136815035
0.6336520905163003,0.14575343039848715
1.1022459745358393,1.4586567526520033
0.53500792520572,1.3876486620551445
0.5489841933638336,1.5604442292127216
1.008100939250745,0.9415066376218147
0.8505323755335636,-0.3706161501583399
0.537973531908049,0.17011075796912573
0.469418700343746,1.7320080199972812
0.8082468238574891,0.8849574213864912
0.5964021228133278,-0.4836044135262063
1.1773533104039622,0.496325363368095
1.0393876011423187,0.3176697661810093
0.9758706652547153,-0.3468351928425135
0.8528040282701506,0.825531326997275
0.8657944571933909,-0.45004887310279795
0.6086550796321001,-0.07735559314563462
0.5226367454986947,-0.12101220355082479
0.8677670255565071,0.43935641813517673
0.632187995693307,-0.016243838463966195
0.6015124291150675,0.8027908303686011
1.057750322149385,-0.2823178950695211
0.43069010006274033,1.8081366302085062
0.5991622092794526,0.5715634015196013
0.5725439949361929,1.4371171289548856
0.9796000742910622,-0.16312231436954688
0.6208879308641403,0.9484558224176085
0.6281410879622916,0.37502391048881256
0.607487665063851,1.1255306708294817
1.0943348002405593,1.3038822778563006
1.0057749751550358,1.0807868545314285
0.9494365210499482,0.9598574396735813
0.5430777986458435,0.17441583031781643
0.5236893429829664,-0.631104567221022
0.6349122132536862,-0.19263415063573108
0.8808938429679771,-0.324091340410268
0.8257152753345307,1.0565863547644128
0.6733363646060976,-0.4949496841684279
1.0122532819224572,0.4042098580079253
0.6370893118965676,0.3577956182269062
0.7485027483470447,0.16238091129338186
0.7047649101034363,0.062443126507455135
1.1504319445329714,1.1209109842316871
0.5985352438541225,1.902981154408213
0.9452420625234685,0.7150903272680091
1.1974212351104938,0.04454483120482933
0.9653400801108863,-0.3380980937688619
0.5673001229438107,1.8652941197824537
1.0690388588624489,-0.468019410049362
0.6180070070569261,1.0975800749318083
0.5743502932212842,-0.20849315810398678
0.8624821148434059,1.4106025050812712
0.6048990020637817,2.0106702687880373
0.6800784591654471,-0.26995370141204655
0.7979051979685149,1.5132042541334239
1.0486161644214957,-0.06269930759681999
0.597441050664008,-0.014065980357530644
0.8256934684259092,0.33047078535076024
0.5978393641317241,-0.6757553638989954
0.6420125993361222,1.2477443084219013
0.6789509766601219,1.000841985520779
0.6516971517440786,1.435695714324328
0.5496984344508944,0.3503563520371925
0.68708464180109,0.979442772362668
0.5720679099638623,2.0388009498896573
0.9578857958670006,1.1411049946893157
0.951125073862959,0.05054587240104175
0.631399035692494,1.469660147844189
0.6155012067610341,-0.1804344112885533
1.00841539898352,1.5818405277333394
0.8221143941224045,0.8641183717570795
0.6442564403088842,-0.5567247830286643
0.6232885291255902,-0.6291709167243383
0.537068117964532,-0.2089851179864179
0.8762053995859809,-0.2313701300684545
0.6544336010936156,-0.3133549239952881
0.5909269709220493,0.09644665348458278
0.552748173879974,0.2559484720215466
0.41562523618530595,0.2198309740593608
0.8767483237696567,1.0799000457217143
0.41579927039830755,-0.17541994134401362
0.5233501875590163,-0.4393048608533693
0.49001701534219355,1.357904727990748
0.47759324968811223,1.4427529767721228
0.8166686855994227,-0.048220226132564215
1.152252669566987,-0.5581361600783681
0.48860272469935934,0.7799525423947273
0.56741453079286,0.9399850978325792
0.6610625095561433,0.5353104353473024
0.7390772735007941,0.6519243245678652
0.6612029961125173,0.09637220704200297
1.243873181846565,-0.010041296893583511
0.6221193027470777,0.7451183805670463
0.9447553642161212,1.2143402125590432
1.0242677991903888,-0.37792369839469087
0.6050211491660031,-0.38554158138995476
0.614222603015996,0.6121007016383821
0.6531651248848661,0.4023546844477258
1.2954703950959063,0.2987633968418612
1.021639403353333,0.08995891327273445
1.2341609413276506,0.19758918007183784
0.7633423804167179,0.6488806201387869
1.1391452518846468,-0.5773423754862649
0.5490889716190058,0.620595852085073
0.5920999630521236,0.9155933879926088
0.6082457537363025,-0.09445721255442148
0.5746028438019527,1.2860995137374238
0.5740701245848161,0.6087414782555552
0.611528948753654,0.805892369177083
1.0200191052417433,0.9041650168077091
1.347780927869071,0.8800115659401004
1.1562860185943722,-0.2400111560578671
0.8342923525369306,1.249372428358513
1.0170137025032568,0.5492106786715145
1.0470836884378323,1.2484346030507902
0.5025021554966145,0.5380549363738384
0.7320125801127593,0.27876932979199354
0.46321761334186734,0.7602267800196099
1.17242075759792,1.2573030828964717
1.0038829062933186,-0.38128845999558847
0.6638941134422277,0.1440077931920196
0.6759213104590645,0.34860630641239354
0.7117280545155689,0.5168193307707312
0.6225303691134608,0.6111296274950075
0.5005526383661859,0.4717190325242553
0.6024421045253174,-0.26228975840057134
1.1651683410525757,1.1365517244545615
1.0224984340204533,-0.1333376889218773
0.7400830205254872,0.06538668314132394
0.8635097052130867,1.4085896580356274
1.1226962127380444,1.206263520405586
1.2273476300515658,0.3229651716733163
0.6318740335316229,0.15550995429335213
0.47394218577202213,1.610011360423575
0.5386526768743132,-0.017265309761217897
1.0613707092922642,0.6612759336759401
0.5703311783868803,1.2490112566324796
0.6188006576294567,1.089132879195272
0.7551988411384559,-0.5149823017817688
1.0279134399509922,0.5588029604267492
0.9489800938589249,-0.4617134648143362
0.7973594985012042,0.6511930550717249
0.5066770317999254,1.119775552675982
0.5087099597853666,1.8793534892868196
0.8130733411037718,0.4874358520819068
0.6383010574792621,-0.10750487185593613
0.962662046717336,-0.012872502603145257
0.6682831000947196,-0.05597322599611748
1.0899816496049717,0.26696681091372304
1.1043232018116311,0.4529065767692461
0.4961541430645299,0.4123205270204803
0.8186655739536152,-0.29408974020424405
0.5385845142044539,-0.0821628225498229
1.1211214902417252,1.3933168361023789
1.2253231560808497,1.9375010525940464
0.7558821597121002,-0.4064139007179637
0.5921836860434667,-0.36968264809363915
0.6567581272862515,0.6688860238792605
0.6647730806149009,0.855542019738337
0.6190057865168949,0.7144197983857186
0.6629536607358996,-0.22993946034147972
1.0027233565925113,1.200119877909702
0.6204551799791745,-0.35574540210063804
0.9660032146948341,0.31830986782135384
0.9831363216669031,1.0012136483367249
0.9314287341734132,-0.20509889804832515
0.6656677515562857,0.29388935640354796
0.5395314493631476,0.10051269321717762
0.557848400612658,0.5883833335947727
0.6237706292610271,-0.09251719010910574
0.6214363133986254,1.3487983882724313
1.2361185232942598,-0.17086729526190103
1.000447785701847,0.9619779226785203
0.6169428999983613,-0.5962016640254129
0.9615513266481153,-0.04341631013145214
0.7722555327046342,0.3704108258406591
0.9029394978415504,0.7877291171888612
0.5693468015991066,0.1645923492028333
1.03885296519905,0.68034972095584
1.1427467177709776,-0.3037138354390756
1.1865056235407143,1.9801619494139038
0.7768890807994713,0.6821384957459834
0.6381256009102036,1.668581335055336
0.9725145176304224,-0.3093746848828402
0.5550972989422048,1.1198698666080382
1.031252080061721,-0.034525365262426985
0.6402123220492834,-0.47301569101284807
0.6398610395452815,1.1503463294798069
1.0906428637784706,1.3457572680527181
0.8905340734974807,1.3261071930509378
0.7638550379802261,0.22017403011550418
0.504440477329151,-0.43825185577849396
1.1892862310061234,-0.1863765839023718
1.1940774329152468,0.39010704520890793
1.0351280679003212,-0.3337425484494932
1.2628858793110422,1.6994584753296116
0.9485406709471595,0.9504130299650455
1.1414308348635014,2.166645089171694
0.48754328793750784,1.0057670729108972
0.5638068528828087,0.4501497875977454
0.6698401118273439,-0.2570472282845154
0.6184147089342913,0.815029508775335
0.5990598180497766,0.16584926765228164
0.4824365045952728,-0.3513478198189912
0.6172327757986696,1.1048480154474518
1.1009379438160771,1.93066077554188
0.6148642609441481,0.9110202059121716
0.6194587870318305,1.1918583276120263
1.1573569521879365,-0.35787882046354963
0.5100834123743565,0.3275665609869126
0.5632007997037793,-0.583405600139709
0.9083605339246831,0.41612183987523677
0.5193729655812097,0.6298175738211487
0.5382952989040009,-0.02574262593956758
0.3807261466982204,0.002727649062486376
1.2223487123088927,-0.14389596751247166
0.6156344281932955,-0.5174728655085921
0.5954627990224188,-0.41773172524055946
0.9697927939886344,0.35482838678080775
0.6237053496286761,1.076816321245075
1.2025128949017114,0.24245112932409119
0.6258087937593398,-0.08002454820824348
0.6024160661517126,-0.165793764704312
0.6327643193339249,0.4609154011478077
0.5654743977971701,0.07111641110459946
0.5553468907625843,1.8833990141847168
0.5988699896221594,1.2187867756656983
0.9143851914266309,2.0516024794526375
0.8425219536193864,0.5861706711497685
0.6057890642031755,1.709412849593868
0.6191240633156422,-0.2665410016721249
1.0575856937618495,0.6301667330949174
0.8466636764621052,-0.6884064965595521
0.831733611540568,1.4843023053803934
0.9998454036557798,-0.4889103347421475
0.5445710318075673,0.036448513599245974
1.0712732600151151,-0.3740012521333631
0.61394489935084,1.4501938546765127
0.6113906520723607,-0.028440802768764234
1.046703124629057,0.9432428740405718
0.47903678409320855,0.9529245561313593
1.0126703961424226,0.5319630039100698
1.2081935006360944,1.1345413480892799
1.2835511412998875,0.03260871302489554
1.1321229005079805,0.4743444374706426
1.040734526419745,0.2495349435030337
0.5235949357500853,0.645151038469361
0.5652185661041611,0.274039308480719
0.592996567690602,-0.4808703765172879
1.134639993600387,-0.15987059113094876
0.5994923242344294,0.8923337759392922
1.0969879807134495,0.6008249356674141
0.6345702450818613,1.2264288572383792
0.41115454637240245,1.474754897095166
0.791195148792206,0.27838995856692805
1.0797192761530607,0.8642455416931848
0.578672700577123,0.8589792871940022
0.994938405273905,-0.14313988585434645
1.0401847310548051,0.7018444983320358
0.6146882097689078,1.0539098971657315
0.6341868668504576,-0.3053839403179067
0.5235932145300226,0.13377371960119477
0.6028686606899287,1.2013526093953644
1.099094924744269,0.1539228620259666
1.1192244037341041,0.25682052971585306
0.591485250387167,1.331554420725499
0.4174908348580565,0.8008559987203381
1.0219952554684528,0.9856719882328012
0.38814365446479815,0.45526178471667356
0.60831015770793,-0.3688376160834689
0.8475978340003077,2.01431509222436
0.6031823425865668,-0.1716984853033761
0.8996784229970294,-0.29001270124855544
0.9826950658872715,-0.1342144012350205
0.5863618047788245,0.4067383952108856
0.628101540000775,0.5182072672003423
0.42926031214457766,0.31483495357894553
0.9903057779510736,1.028784189116433
1.027724160933325,1.4798015247305694
0.4235203808951432,0.006563971660875384
0.6451186947424036,1.2212968240697717
0.4304952122369538,-0.03527178817862231
1.1209909351790988,0.4063541034193443
0.6106497702032735,1.272475677162395
0.7643824643107586,1.1530106396885964
1.2705599079053185,0.8699429042386194
0.6003988294461089,1.0204775354584372
1.1976055146825721,-0.2802509566839266
0.6242567447010388,-0.48419320168807006
1.105791433738803,-0.05540582650466133
0.9391715723754668,0.09575796401969672
0.5940923487568335,1.4715978357407073
0.6946666273838511,1.5014864013446902
0.62224862621559,1.1442830691852508
0.7978395369868502,1.2333409919989877
1.226060601416742,1.2798734261465992
1.1078611073974143,1.6414133498444137
0.5698162755193317,1.7321498156434016
0.6166673937525009,0.4446435709790767
1.1577320959092021,0.035992328142395474
0.6580383776257224,-0.47255996203288797
0.6103547687658092,0.9361060906878511
0.9685203801679987,-0.22596627341171555
0.6308458929447314,1.812279685834056
0.5987186447994306,1.5174247617151762
0.5401125351466982,1.2305261745573188
0.9803904418416842,1.25567847268798
0.5377941452350598,0.3364055710370985
0.4895584987738457,-0.17991723204843524
1.0813484929960981,0.02183270348453155
0.3966119284445915,0.8312027720683133
0.6522063299410911,-0.3376018010801448
0.7222025587667414,0.6866925804798439
0.624472150187471,2.336309694057773
0.6323170604471408,0.6609259668363545
0.829552040696296,1.1002723319230991
0.6705042080050243,0.10327000816372034
0.5614912842616259,1.3994915265493986
0.9058803297925009,0.502736574225793
1.0099576129339927,0.9094369277417238
0.5389138955501142,0.6458352832595765
1.0284909661285337,0.7676592075808191
0.837397174918247,-0.08961492188474512
0.6053835088203507,1.0666918736603854
0.7870080444823684,1.8529765816889117
0.8224690714059124,1.5815522266748478
0.6057520594195838,0.12514487762563065
1.1718358104264006,0.4363149936279833
1.1026688691821365,1.0746203472447617
0.600959230928666,0.8409606429180883
1.0595433520006554,0.582711906258125
1.150108312826608,1.7737772342601439
1.0200023348029164,1.3241616513412393
0.6217014747764361,0.24552154781051694
0.47935739741561506,1.5003334233045182
0.5361235361536039,-0.22887067625152907
0.6324330352701718,1.537946382822372
1.0089565420728122,0.49395673011240876
0.538859270756339,-0.31261304545153
1.204126667402011,0.11004891867673491
0.639443631266674,1.2743538644833108
0.4995250096974854,2.0831716356949688
1.0387221907760735,1.166947266119404
0.9991481232909207,0.5799980883790685
0.9904158644266268,-0.10298799778417816
1.0944496282881133,-0.4104591770557522
0.6269614245478891,-0.35168187087909847
0.587436931347316,0.9981746479329462
0.5967491384125547,0.9507637104873
0.8375012574415015,1.0342722244157714
0.608842131042129,0.5602290365425965
0.8919780965087001,0.10376213659988184
1.1311253381628423,0.3904031900360513
1.0777928630530311,0.6480010434044712
0.5395356362834383,0.08886016381918888
0.9125917011572366,-0.14153002564065736
1.139401679421496,-0.44378227520246527
0.5965138122421798,1.6720920568724849
0.4842653710220785,0.19627547970393078
0.9912720123903418,-0.015515145762390714
0.9570179713946765,1.4925517934301058
0.995006738835061,0.8403173879921575
0.43329995422093015,0.2912329306853899
0.9511194326944035,0.9526686719246605
1.2309659338617254,0.5765991732435815
0.6424661658198106,-0.10883969834466402
0.5978389426209328,0.5470310361412238
0.6030234688686487,0.03723115714759018
0.5952138575763357,0.48740530860977777
1.0937030754349932,0.29706386734198076
0.3964212623295228,0.14393223543402822
0.6472668248786637,-0.6970281751006437
1.0386501129033507,0.40785941136449316
0.9471754461825139,-0.06327052407085268
0.5904671960605632,0.7901742542376746
1.078848250567287,1.435690780501914
1.0839213675656751,-0.04653369264867896
1.0171216259005753,0.859175233327194
0.5990149062816812,-0.7468016083296568
0.6260057448063473,0.31907856322418926
0.5217204969031376,0.8517914957484156
0.967989635649601,2.289716971661164
1.1037907124565294,-0.1755172151545179
0.6228204074149395,0.4307081268795667
1.0391240822448757,-0.3141164478902293
0.46871941308472065,1.1241702011070618
0.6029694483273449,0.7924380992710298
0.6335448935589867,-0.5505893132900208
0.6503044590977451,0.6715193974499378
0.6414893427429815,1.0224549382243937
0.7944811117055223,1.4468487273389203
0.6956525177594721,1.3134207879460813
1.3213012031689466,0.16282480346623085
0.7259530891455079,-0.4140902860528319
0.40601822550309624,-0.4959611185167247
0.6213679141817074,1.1821724622082095
0.8447040178367706,1.2203045310650853
0.665102510425633,1.4205802554628755
1.0533212613788103,0.9639902485372506
0.5134346233254424,0.943788853605286
0.5963326746948923,-0.8209057496008365
0.6147736040630971,0.12583899446351707
0.5834344797649751,0.22754664592960067
1.2488185648279493,-0.5207470760053934
0.5891302779363013,1.1059378891737661
1.2558156405204544,0.630479990790823
0.620656181830968,-0.2874077989233452
0.6852867226698649,0.7548094539167084
0.7335368464650598,1.237613360312223
1.1439561433579892,0.9955104700431815
0.9824308130720776,0.5284312853142286
0.6193752424362806,0.8374380220478119
1.0243279983482902,0.7205637916343842
0.5300205867085859,0.8440253341571805
0.8826701348032938,-0.30675059949441497
1.147993674460409,-0.22244387388659514
0.6068313831130508,0.0803220746758841
0.608256643247171,0.4232023310721481
0.4513937045637836,-0.3475972896542756
0.6243709394913612,-0.33561797704192475
1.0889797698435668,0.971409866115958
1.0955927865709474,0.30703565430423174
1.0022367853245633,0.43547978148320315
1.0678478518626175,0.32001777151644195
0.6776013623899344,1.2929402191344483
1.039694701278153,0.37615351033762773
0.6060587692214137,1.5413864852310466
1.1374235284447893,0.5948216848548957
0.5861165850307675,-0.6351262202052979
1.2492224305269137,0.5430976308060861
0.9477133436524445,-0.6400442148790046
0.9416009663143801,-0.08069670981192381
0.5432226599407786,1.172861496258243
1.0627026061568985,0.7783925535495586
0.887104941107651,1.0486172970776202
0.6557011996026922,-0.460463687103914
0.8087931518884206,1.8200964215121584
0.5263688379156124,0.35411476909461526
0.5269033291841175,0.14653187629139264
0.9735296288496764,0.6716407524265617
0.4754872181911896,0.4917875399094869
0.611134475273506,-0.5380669916945288
0.5980917473877851,-0.32041276554267817
0.7067509977249745,0.058188224471680594
0.933509959806617,1.3656569707318338
0.6201554239534824,-0.34907449433027
0.5513195006915599,-0.5147587174691706
0.5915713211886456,-0.5258917052094859
0.5991571634728305,1.1895199786331327
0.9627899981329995,1.4574699413455243
1.0583416379966426,0.03139663085843075
0.8480591410980625,1.1256396783804574
0.6245416303657396,0.9839288768425958
0.5297782013495929,-0.5645761081318891
0.8157741446143427,-0.519419881439968
1.131024091887524,0.9121621996422775
1.0329081599394359,1.6209836203894914
0.6257460889691385,1.5688372434035538
0.8009753370996403,0.24932080221106057
1.0532418276536595,2.1530982513315355
0.4656857569624806,-0.23394594212332898
1.1913357510017368,0.5060134154661492
0.6073248518355295,1.5840099095935951
1.2159657383429927,0.8367348480357344
0.9865282361708809,0.2510870593673234
0.7892134794448802,-0.7955228163696189
0.6604574222225428,1.5471618616079583
1.0879459059676169,-0.14425834794134024
0.5905262465236061,-0.34680634675125854
1.0569807222273868,1.1098611369097438
0.796742299668586,0.657106203946858
1.2309773332605505,-0.4766918015625052
0.7492965174096504,0.2908496384066849
0.908212857597417,0.5914843320811786
0.8868912386147707,0.4790441446359319
0.5774512990274199,0.7056288977938878
0.8754182190302502,-0.3650142643143475
0.48216530970941257,0.2570798619590652
1.0817976971004215,1.184802730136776
1.1034411932681076,0.03523429519717125
0.6143044850795105,1.1469763804921314
0.6488388302611409,1.3285491742778093
0.8947463837354046,-0.2942723809474693
0.5874038632020633,1.0031200975012031
0.8090817428311395,-0.04020696073694416
0.6469975892081801,0.1529368992453587
0.5839150439456687,1.5554595510964677
0.5498575995288342,1.2350475984769622
0.6373804490519591,0.971140476040668
0.9241286590646851,0.8060723760257975
1.1340076668039505,0.4019602787790326
0.8003429356581533,-0.38839966758164357
0.4251818070274721,1.8816043478331324
1.131875684223358,-0.19376481904624962
0.624024162238141,1.8061756957549333
0.43478458903174944,1.5722875784249504
0.6017525052250732,1.3096499513391775
0.508980741096278,1.6146661788281393
0.6266370516954757,0.7203887754180334
0.4766030571508055,0.2651930786956488
0.985393989239554,0.6178170059506768
0.6522196114539267,0.5751543827469995
0.7795279963449786,0.3983937521370501
0.583250703974015,0.4044263461534097
0.9293963666507367,0.4346656060275879
0.5802622619175395,-0.3283841393556797
0.5167110976227821,-0.2776412684004812
0.6005210934930605,-0.03336952154147102
0.5983214616327506,-0.5954357637097971
0.6004084030285988,1.7901054403804222
0.7476291181600585,0.7783244536825686
0.5985112687407834,-0.346285991115248
1.3371577122701332,-0.18593115015738573
0.5095219411816443,-0.3485626956707001
0.6380984598688728,1.6258406554191471
0.6636868599865737,0.35053410767071475
0.5573736296985673,0.6629871181144202
0.5831303684619541,0.09335527861360782
0.7285031805217304,0.3605356209825087
0.3980388025202672,-0.03662491058351809
0.6550195669106236,1.6404475855666025
0.7643544235080129,-0.41854231377222184
0.6447685184729439,-0.6784013456397022
0.7333825325898671,-0.10541545004262734
0.5723788649295345,1.9461202483656415
1.2224655087530472,0.8333021634147789
0.890270657355704,1.6708810859575174
0.6081698515633025,0.7910517825955178
0.6363749607362715,1.5558424875478603
0.5764463489328576,-0.4105469853008394
1.0550155689056493,1.170463555492206
0.5179935725092328,-0.17897907558227175
0.6406293856933407,0.9755259827986723
1.1642138436518934,0.5443550084998365
0.5327539384174166,1.6816463672886455
0.5670908493677915,1.307392313202632
1.1472783312619088,0.8883444612891012
0.9890778775496898,1.35395037768799
0.6350115189107138,-0.11110726978150726
0.605671496038394,0.9214443262015202
0.8634870909676764,0.0374861165267519
0.5955170382512172,-0.5516387179714473
0.6399074967119545,-0.21855324995678324
0.8546790259252133,1.8744561327292972
0.46193549644217874,0.48680045939740063
0.5965896923415545,0.2967647754529588
0.8020656598206638,0.37277479150601756
0.6232828556285607,-0.3319386946533362
0.8740340111697313,0.40235229790678934
0.631948409819773,1.4199407142703948
0.5756804418732406,1.2588711869497196
1.0649614168672692,-0.36451374091177535
0.5907345542569639,0.19789249707988216
0.6488076773277294,0.2029446729923995
0.5147086211212631,0.01674814710195889
0.6180410830247396,1.2146290110375901
0.8443287948482983,-0.5728301509488221
1.015591229538905,0.5728976480347691
1.0411421709730462,-0.44084546904558586
0.9751428966076512,0.3488659508872331
0.7596477850393302,0.909049921308911
0.9283962099031204,1.6906136356895067
0.575060962809427,1.343828934197135
0.4994891114071393,0.37857181836895304
0.6004115821680567,1.6702744368171376
1.2186126412124934,-0.10692877089133102
0.9398291236077341,1.1491814805907454
0.6026808528538989,1.2597337341197286
1.1577187718639423,0.2933345632548339
0.5908516614899857,0.7591593513343118
0.6512888940022944,0.6576968843019915
1.2186777719618207,1.0586387047723282
0.904443902266459,0.41078207425846414
1.1918539425947208,-0.2717756797716629
0.7571811149697868,0.02503961631683732
0.6003831146827625,0.7818485086028258
0.9417596128469099,-0.1589298251023336
0.4596465439516238,-0.3326963762004625
1.1200655788210032,1.0993025842009843
0.998972271612595,0.1811240493124566
0.9506759977732409,1.6700467613507601
0.6601856930650507,0.91869445283125
0.927185917577603,-0.1843315249810644
0.6146612438586265,0.5677604978200974
0.41557972572439245,0.7435673831133498
0.59086362186395,2.4524912847715
1.1189012185782383,0.7847655309088873
0.909605075933761,-0.19379737050488074
0.584626527343241,1.2371814203254186
0.9020552373981692,-0.1376730280355254
0.4860255616496819,-0.36812518140875466
0.5743136641486756,1.7548795068647993
0.6140098799068094,0.18133107570204454
0.6233955668469691,0.1933996297954393
0.5932309938880573,0.5135821511973717
0.9247314345165096,1.8251619101260226
1.121036572667159,-0.4459408344826922
1.2267979563777733,1.0987125240318951
0.5547438532742311,1.3180268023828854
1.1061891555405599,0.2565654295172659
1.0787610096511921,-0.35505734924441185
0.6042477810174479,0.9298143214040855
0.4515739156768362,1.0123417077401256
1.036136969083294,0.7149862964581186
0.6290528949853857,-0.39830699934827896
0.601882536061163,0.622356403373943
0.4474160092292712,0.8294144375598567
0.6104830220009008,1.7963102022877822
0.6040857473548817,-0.21626860965139844
1.2069068374815817,0.9180550536004324
0.6159809201001569,-0.5475435142016352
0.5986130814303435,0.9212350854602388
1.2057483340084723,1.0609084836774665
0.9103796299804984,0.9209814063842401
0.947007124286718,0.33114822433263447
0.6257632444598505,-0.5150176121064087
0.6550446490637905,-0.30991189794258056
0.9329325590383042,1.0495275293574267
0.7050915050592725,-0.12692298003431424
0.6156366859428153,1.907125083771673
0.5772214660344096,0.3212631286791333
0.9311342540787302,-0.32985284489257244
0.5990242196989861,1.8192407598773097
0.5831244984175282,1.0387520275676236
0.987834195756419,-0.3649017071446127
0.7017630624571664,-0.021542008017783304
0.6295060108348102,-0.4269672152898173
1.2689550788371173,0.396275734267394
0.590607316522158,0.754965083175234
0.5975149537851762,-0.37892197843165815
1.2245366883782247,1.4881498546304566
1.1130583812473238,0.007924645336129188
1.1356329341752747,0.6448499403345959
1.336013715298712,0.7452731102739294
0.6036030267754591,-0.3586935331378143
0.6288908508349276,0.2312178518024915
0.4928153220034862,-0.15345715678428512
0.5539408291435926,-0.3449511825162022
1.0304519151771134,1.501579856557424
0.8681553167887011,0.9358279388244435
0.6101250912182807,-0.6241782791586858
0.8173735579301924,0.024743138138990067
0.7397639787370132,-0.3754685057647825
0.5345373878050361,0.30257377097320215
0.8500290821871541,-0.7393605074339838
0.9227491581536116,0.9875707053606542
0.8334376501762548,-0.7050272736150762
0.6233817199185694,1.8602158814112073
0.6283464989351175,0.8794386884876042
0.6317792263202254,1.8845767845080226
1.0923779717890665,0.7358796423654723
0.8376644437787268,0.03215363924218556
0.6606317128721189,0.23648227871764643
0.8229416254080648,0.07130668623193337
0.8768081070720803,0.5516140381717158
0.4476070002255954,0.87728892058004
1.1420407282208767,0.46161308639629683
0.9917095730737286,-0.6611937424616527
1.113596980549839,-0.33574454811875726
1.0006818060186753,-0.5163062149936276
0.6060766037935232,1.078258702015986
0.5648428242407604,-0.040348897281064666
1.2354183807601318,-0.29940100495924726
0.4729335362181918,0.7223051380176045
0.6167757959510758,0.8052409756275777
0.6358304001377217,-0.22110008737431405
0.6814459412732798,-0.29290780482341017
0.6294350279578188,0.923514296555371
0.9619557471518845,1.1173893117571199
0.9386287531786667,1.7819564368838965
0.5329979580265747,1.1986883871689098
0.6164500117623215,1.3124092112425043
0.41583825005978486,-0.025032454280001115
0.6117352675710008,0.21477433031079937
1.1389354015360318,0.038470478421762766
0.6131320281192889,-0.10104815423280565
0.8059804241187976,0.4839784760375765
0.719370693429395,1.554918328117086
0.6494541000154725,0.8394400143445304
0.9326312156831765,0.8935424852118191
0.7674720198216178,0.7459917359860719
0.6379343295458989,1.3479912167084946
0.598431032983137,0.2793983456697192
0.8103071463105055,-0.2674328272211709
0.8035275579696879,-0.40302893394589434
0.6039141824062468,0.6302127381903603
1.0387703574317235,-0.062481742167534854
0.5880655895320586,-0.003010196670217513
0.408490510034172,0.8062012321562941
0.4060858985367586,-0.42448009641159834
0.5936599887835446,1.4963576682923128
0.6029154572495458,1.4410512735237795
0.6006616999425094,1.149251813161732
0.5832361754882494,0.5327813284332328
0.5735355484665898,1.0241383619627453
0.5767701858666862,1.357320007091285
0.6290268053633653,-0.35860504115615255
0.7840912771792017,-0.18139594406668377
0.40582881022352846,0.8165841936280696
0.4435153072408824,0.425129880679418
0.5989288211641484,-0.3208173739915339
0.5347400866116597,-0.6239038574377687
0.7865382766053841,-0.21034280025294513
0.4264235887305315,0.022275351247810826
0.6743808642499455,1.5759864787225761
0.9756733292575797,0.09265946949580961
0.6361679898422885,-0.391222420730529
1.083873342484737,0.9750979122110406
0.8421858107001541,1.5464703941967162
1.1365538240705557,-0.4935087208350142
0.6120218046698528,-0.3270419563313106
0.734467276763175,1.0619545133008157
0.6458518737603858,1.102195342689028
1.1065579825226404,0.5330501130167249
0.8646101531099879,1.2633042312334826
0.5997223678473053,1.865810650902318
0.6700303910688257,1.387797710562398
0.8048636551024184,-0.6381237382612376
1.1626843823924893,1.6767284044083213
0.755895443976883,0.5169124193021782
0.556273818351497,0.12262821749153002
0.5769054425996405,0.6224817097752029
0.8925481835563848,1.758637285531802
0.6021022111773852,-0.006114740445945066
0.9280308955590335,-0.36209700967562264
0.6152938545154837,0.8181792118333583
1.0037363755729949,-0.19933025699260767
1.0911296059167688,0.0005772058076258246
0.5967220791750324,-0.19001458336051236
0.8622456513925207,1.1443691692945717
0.8337747610265926,0.5480627884576186
0.6066152310298298,0.3723409644411955
0.5883630034484487,-0.4716191298290153
1.2174951350480991,-0.34383784944503915
1.0668448127189365,0.8301528554615836
1.0864290372233174,-0.5700263780107458
0.4436973966416568,0.46891760753341544
0.7540945212030343,1.1061576375019282
0.8445804178688008,0.7736825635631768
0.6025543860984968,0.5776052461472947
0.8086788232538236,-0.5386170933634427
0.6325546644606858,-0.0027566037265054355
0.4925952580932021,1.0771036458788776
0.9706150879323621,-0.5261339119150649
0.4817389274755523,1.8099187316938434
0.9993498188972434,1.5438534795553447
0.7129945322675557,1.061574960552238
0.5775245987985506,1.1348910070373117
0.9609500366048478,0.15712017032344477
0.5410433083318192,0.9526268297136167
1.0649635245835045,1.4998519931640621
0.5757127358114461,-0.2800791511756492
0.6164159680950786,0.13909471379921864
0.9234444896854451,0.5556506378762051
0.687015378780158,0.1692951531948177
0.6039520864459345,-0.4797996295561505
0.6999590569578279,0.7000652059298069
1.1713059553821543,0.5897466007448409
0.5433296931220113,1.3003813550347525
0.44071613059134374,1.8593725509833217
0.6004578126227116,-0.23705342290996095
1.0704773393645615,-0.8790052044185505
0.9991681157426129,0.8324378609199802
0.753426302134343,0.0045448263556510105
0.5794751053578953,-0.2441722261731995
0.6181821219491151,-0.23065398413529964
1.2424545457173675,0.7365132750636566
0.6432449446547408,-0.11499031879299368
0.9269638174147057,1.8096270837908324
0.3999979923994869,-0.011715671221435811
0.796420020211265,0.24877249288982972
0.9281002745753969,-0.447662036121519
0.6422856209834822,1.091303627627661
0.453276782906903,-0.5686505066236646
1.268493705610023,0.9654974017827374
0.6060735634678759,0.6957695341936195
0.6172723982860129,0.5738164022234138
0.4150779086073817,-0.48793226039575427
1.0131777891975828,0.6289117383103346
0.6133210687419539,1.7675983078392998
1.0062397402521668,0.4301794131640604
0.8840492445604051,-0.23454341576972054
0.7767007700253417,0.8948815769853171
0.904179361305111,-0.4049723041524554
1.084284329396806,1.2421862725861093
0.6884320277214045,-0.3694270385176436
0.979678169043005,0.47736688956255685
0.5825568100609788,1.2024762805423446
1.1872444402645181,-0.558827730421714
0.9338302054971451,0.5331530987967006
0.599539856895072,0.6717580631921305
0.6172090274315074,1.3425276374381008
0.7908195521343717,1.5991892112031842
0.6593657730486567,0.8656751242247327
0.40408546014287405,0.36458843939951063
0.40870826668440974,-0.6727442476972348
0.8765041378902036,0.6009277141241647
0.8745387488323181,0.8542016841201165
0.6583238560185053,0.005984709013608591
1.066192410437225,0.6463297213772883
0.6183105182417561,0.9280686211262188
0.5669539372461985,0.9597922494593292
0.6036632593408611,1.8349911939144867
0.5016440134583623,0.742247691977788
0.9302522416829369,0.5635155696433283
0.6340403159271534,-0.4531225251109277
0.6379998716411676,-0.737435299659418
0.7475620125900931,1.4687082395645428
0.6145165883505304,0.17669514333977845
0.6192942225585087,0.23657713027064237
0.9648983136854586,1.0457290365877405
0.9017203306841424,0.4763716488011782
1.0810176438892292,-0.2659880716960117
0.6479977221154617,-0.36173351941622045
0.900900933299836,0.9239801195990558
0.5849830543224496,-0.3272098131505873
1.0023913108804485,-0.10927649996281136
0.584313926122271,1.2826271703349106
1.0434875774608428,-0.6031583556033666
0.5233620746340151,0.08056809108832938
0.6367984690003154,0.08963598924845168
1.1365141873037015,0.7369794860117838
0.9609034620661603,1.594477182542547
1.1371585926690722,-0.5627132793971268
0.5562681729171034,0.5497284446368168
0.6974965275309561,0.009656059328323141
0.840918532603215,0.47051258556127146
0.6337912999272204,0.4855170758016712
0.8208462162333032,-0.6085528938038545
0.6234999446627882,0.3348143524624159
0.8391623806369706,1.440368328383304
0.5869567752657013,-0.44235938682537634
0.6305545907864926,0.7869162047599431
1.25868991306938,-0.23148501383100356
1.2849172659774926,0.8196670894595174
0.6293547330584469,0.6736022942545071
0.9096813086771753,2.078761843560726
0.7088139661649719,-0.1985688296524909
1.0747953240337287,-0.13340748260847082
1.0761878815535142,-0.4582762448055856
1.1847027413289875,0.664147270424202
0.5985676345698201,-0.25574197966085543
0.9041400451277095,1.2067501607551359
1.0113407647474988,-0.35877312106954395
0.4603946379591382,1.2953627840534836
1.1297181012343234,0.5971513833276554
0.6416871417620766,1.3187589355899278
0.8390478817965312,1.0601602499773044
0.519196887687152,1.0179422454396923
0.8251029449994882,1.982548720747436
0.5958834757395297,0.6629034073381875
0.6028004447022927,0.0317593810837334
0.6549571147326434,0.8419907301801393
1.2104431961552253,0.9627093430160889
0.6449974600994139,-0.222549194301694
0.6649471363516448,0.9879259918206642
0.5183645820629507,1.9252566987595447
0.5765559670768321,-0.2361500943457137
0.9549688760650559,-0.1951610261831359
0.6041703612168019,1.354681761319199
0.5995962046736522,-0.27620653182567384
0.6482765053535305,0.7417248297260793
0.5234536946827038,-0.3659703606717956
0.6162305862980123,0.9699063302077502
0.5988349496849632,1.15366398346469
0.9958732720404526,1.6953367527121395
0.6150400370503775,1.0458865702785642
0.48766910938147023,-0.08334359403615282
0.4042300468901158,1.357429791372898
0.6351389343864698,-0.3639701268233099
0.6096470314199456,0.13562598946733206
0.6457145707264479,1.056179239044186
0.582382534913795,0.4580874664700719
1.0697549380613633,1.4444946891917256
0.5187041796188069,0.6572792126089584
1.1920734690051513,-0.17262016949879513
0.6693213759475889,-0.2020213248773566
0.6158215402716889,-0.4321277756062132
0.8699397810992224,0.029102340262296855
0.6007862163759577,1.116354562601942
0.44886324133905564,1.3306177821119183
0.555746086361051,0.2505612298280827
0.8782316906367149,1.1439243561797952
0.5954993582196256,0.785563847206006
0.9668252027166101,0.4348938295831667
1.0487639569272142,0.1451330399571109
1.2880113489610103,0.08297736220372667
1.0680590323280705,0.8055500854199906
0.6004552875921181,1.4594150541930082
1.021453254637758,-0.45783249408184823
0.6269988983883105,0.8091855856485021
0.5900937210917884,-0.7329845451779712
0.8976981018012807,0.2852491033357105
0.6733195900631956,-0.46241925468303274
0.8834219298662808,0.7239582217898578
0.8833548774912563,1.0761524835468577
0.8938998994118657,0.2565682194561542
0.82344269838795,0.13561041117055467
0.614390842492949,-0.1534301826687355
1.1496344279823545,-0.6811353786327007
1.042397492420392,-0.362898148383721
0.46918433056930536,0.4355436110630738
0.5612340425235356,-0.5391537475511837
1.0365522072914115,0.188247132348265
0.5736418603047424,-0.35193881563487567
0.855503644126877,-0.36919141793230814
0.554043736001104,0.563979175885255
0.5681848372502725,0.5975814675060702
0.6424041305927655,-0.4688090080416005
1.0333524144838482,0.33603008289003433
0.8024267312634901,1.729108800815439
0.6438214610309118,-0.4277638306361599
0.4405256257652455,0.1384925023861182
0.5331414598277995,1.7413371621369091
0.6221821034236842,0.07179752619970675
0.5711591553927082,1.3581087358514772
1.0063885495009566,0.033483352969671004
1.0769738383536682,0.05114117162138525
0.8576698958773052,0.28391626309106255
0.4700584721841817,0.4598460311262845
1.0871324514564922,-0.2977155099304861
1.1321862474060749,-0.4569304247102917
0.893907886412451,-0.62891596809991
0.6004937605976957,0.2050827699741553
0.6760857858306362,-0.08169083931366461
0.9562464170944376,0.01810105498734703
1.0040514481394416,0.47622111903024056
1.0696801663564792,-0.15064352326850367
0.5371141854163086,-0.373503598687211
0.5570859643838453,-0.26323448521241943
0.6388011557118338,1.6785703330347288
0.6125476687974512,-0.048489219843667
0.7649176513845317,0.8006049269103337
0.6027004207093679,1.3113522878585313
0.7521244973559355,0.30340721881223665
0.47200666045196205,0.8635535004624268
0.6400956396285806,0.018362837504308033
0.6287341574622608,0.9428216004892984
1.2623335458726834,1.3088039354919476
0.58553736195788,-0.08994377120636839
0.9291896377218081,-0.4144873049345652
0.5663665896997333,0.4790566751644186
0.9807940821515899,1.9245153737829759
1.0061975704917687,1.57265547703659
0.6184621152287377,-0.1234964053231806
0.9064056001636092,1.4421693401503892
1.1042409630594723,1.9332585274467728
0.5679001356468959,0.40378969886298893
0.9479165430220313,-0.23231811105883757
0.37956664053930733,1.0008883872243022
0.38497908716623697,-0.5005888226539599
0.5793247968856157,0.8756561091260957
0.6041242244314202,0.08233512324973047
0.5065581357544473,1.8716885527047555
0.896813503934172,0.16917640335498788
0.9205008235996385,0.06457165704782475
1.0172887656921614,1.5033943424544138
0.6561627527958721,0.25023281363394
0.593616268492111,0.5119657739102211
0.8213860761262524,1.4021638130861274
1.0963554837766285,0.79728060118882
0.8378124046293203,0.635069924476591
0.6467968244470431,1.4360171224606144
1.214232986685435,0.9710461049936125
0.9174402692555139,-0.4615773111524262
0.6306768907240676,1.5880871226487878
0.6030433018955557,0.8576778331777879
0.5619897105818895,0.4394230374126343
0.46248942882005145,0.17053537261087975
0.6209894757626578,0.07237283402949851
1.1705158669945936,0.2978961974989667
1.0512890134542021,0.04566554046708085
0.6016595037942329,-0.24631016622824387
0.5983768246734567,0.18314575860339982
0.6189861556458759,-0.4912015970053788
1.079786676470156,0.3446662869920869
0.9814237177285516,0.5397934621120087
0.46045144375250846,1.12475390241176
0.4181795598048989,-0.41556584908121474
0.6596775766780633,1.2993947309295426
1.0135207695216844,1.8550367466869673
0.6223794924605733,0.9752706654818053
0.6013860716043036,-0.2164284416761637
1.096473608467269,0.1902342144874663
1.0782065061566846,-0.2419756263351136
0.5414247823866823,0.058403944223032855
0.5302958941969822,1.1724775693619178
0.8478329322902005,-0.2923636465750576
0.5398201472373754,1.5054725475829
0.6066731109536876,0.48783940073502574
1.095354068998496,0.07677440921755715
0.6462070342097719,0.8763317305476885
1.0977894419143779,1.1394119543389887
0.6039078550786807,0.8743744760472383
0.6429903490616538,0.6206769219774713
0.7355004305372943,-0.1525775486260803
0.5437705863019927,1.3193058127487074
0.37155205536380786,0.13403307005546905
0.645130343709888,1.6323340212102941
0.5143561123784232,-0.37215996978838933
0.6049392719620549,1.7276429839769092
0.6178563552261407,0.5266227544904339
0.8739472678289215,0.5256160441163193
0.6440737889139856,0.41264574416026084
0.8374151500065549,1.4280202106635207
0.5720694457952458,1.231148014344552
0.8460394484995913,1.281964754121924
0.6452088362345418,0.5135095591963369
0.6015152538488148,-0.37100449449874817
1.2565710999754611,1.7260999968600828
0.6034285067268261,0.014393535251405735
0.8825128354630952,2.0841034369468607
1.1820510039836232,0.49256120512305784
0.5989683894658753,1.2449490294671501
0.5907081474431137,0.0681226032758521
0.40430937072203516,0.13663398339170973
0.6482101589446196,0.0826122262906463
1.1682807548443588,0.9224714303235628
1.107155128515836,0.17913683841074016
0.6315018996606342,1.295290237539622
0.6113916877852329,0.2723356716214423
1.0090148916198338,-0.4356363926413449
0.6944786746077053,0.025659088803721086
1.1363302813016438,-0.39687984677153715
0.6540504354520351,-0.43971642454262677
0.9448782020035782,1.2060861758948862
0.5744542953558587,-0.4668629207910631
0.8536247293384833,0.879639303338742
0.82733245994643,1.3847776171171398
0.643866715175187,1.5793313287195279
0.4499551002876947,0.31774510850380594
0.5608519238903897,0.2472920994704429
0.8103768295969812,1.6760876086498435
0.5783694277362614,0.029365619678183408
0.5812814881396972,-0.14737898837290786
0.6554480094907157,-0.11454313380304224
0.9248587268539605,0.6458920111632006
0.8076287878929529,-0.10136768069258392
0.5857635252852399,-0.23440301403625374
0.4116603231695496,0.6739653532071892
0.8967330083918127,0.36435373104241764
0.9652396187606203,0.3768156869229669
0.8520077432689759,0.3672548140222025
1.1479428085212986,1.3892908473993182
0.7816513211657277,2.185803896876947
1.1647435904379928,-0.2166186934422573
0.5639965129069694,0.10428046210198536
0.6424233455658628,-0.1375525200815341
1.0352094127185234,-0.6925549727914315
0.7670675372433272,-0.429980574399141
0.8309441320207944,1.4528565803680435
0.9590299366728029,1.320602939149464
0.6315728756133804,2.2342755574386093
0.6062444570505569,1.0957695653624435
0.6368153026780679,1.3884596387180856
0.457293487572357,1.3214518238509119
0.6139163350916031,0.437847744893453
1.0566183115990238,-0.4987656351292532
1.2166793023308085,1.0589863062595612
1.0502076553036739,-0.033923967831232436
0.5995448242867424,1.668788175008163
0.6240424080267267,0.7186516886553667
0.8184610006330615,-0.17018494686625377
1.0832521436096318,-0.5810077373768168
1.031281784829467,0.7110859903531698
1.0139173750376491,1.1630295583466466
0.6029085469927027,1.514831519722543
0.8251889043486296,1.3085976798521952
1.2614135558397452,0.7098393793336734
1.1146811499003186,1.5857864840616047
0.7190726130911802,-0.3219371841683656
0.8938093521403849,0.8883157885871381
1.2533177650890093,0.572111955131891
0.538926664405023,1.1556805357012732
1.2009058964628867,-0.19346313227492773
1.090568291468873,-0.6584420271885122
1.0746324669885274,1.042709865818688
0.8012791071980899,-0.0887879342696989
0.8682538370921805,-0.24495535522927706
0.4682164871276778,0.014810541878993999
0.8288703419109884,0.8456525277114316
0.6134812897020488,-0.37493996960074255
0.5617749090965414,-0.5606245569792312
0.6718077753267515,0.02529039854148249
0.6083019869381132,0.901752770374293
0.9722427049772597,1.9653234617954405
0.6015519136633946,1.2711767761370103
0.5250191181346221,1.569481240685338
1.0831791779636237,0.5237715987042931
1.0935298370714936,-0.5410952900692532
0.48446193231368617,0.19532855934083165
1.0222745085419438,1.5822795122891544
0.6091604614585713,0.45145075942563617
0.6358454734512884,-0.05904110265794077
0.6562153913754715,-0.4809844228067948
0.6707206849292779,-0.1371465528213779
0.5817360015927605,1.2315797344140402
1.076564600794968,1.2510802805335288
0.5845209187366943,-0.5401739672309994
0.5658151915717266,1.2872840919978141
0.5844138743832068,1.2968820119030777
0.560771261445925,-0.14771945037306056
0.6078422127537224,-0.5585181911241457
0.6146577850875772,-0.677771401772509
0.478488880384059,-0.38090529840932447
0.6018811886764805,0.6370212734146841
0.6877564563311811,0.646714795159237
1.1905778496184944,0.031674450277768634
0.7097742501327111,0.6438270719859001
0.6140423299720423,-0.09767802918312798
1.0412110443672251,0.0848726378431093
0.604433124301659,1.207853945309267
1.0822693593398844,1.0370534939156104
0.8776315376884118,0.4014463721397318
0.5878584721609466,-0.13240211327217596
0.6080197467752783,1.041577898603153
0.549251995886909,-0.6087259021005245
0.8483852453782199,0.01943022145221343
0.9719899583216467,0.16093178723957952
0.648017006151305,1.414635865398206
0.5216839937238649,-0.06183495209410024
1.0386356650909572,-0.4530185296640911
0.8860147795646596,1.8509962626988177
0.7975759773181252,1.0024924810528169
0.8131865362838766,1.4986573995499846
0.6847148325235839,0.873505144625975
0.8398052303797289,1.7886826165489715
1.1052493929641658,-0.07116259168431846
0.7616676074901092,0.15038215948712993
1.042279781095868,-0.45608684847913883
1.0647805594004651,0.713616408585805
0.4567254372864627,0.3532255322163795
0.6021674388877244,-0.5404442909689535
1.091848451691324,-0.5715839276591221
0.4898299262553609,1.6605615041336226
0.54209289368954,-0.4627046962177447
0.6661596060518415,-0.2394910048140399
0.9406760898426942,0.2386284166702694
0.5383453490212107,0.05214695096689517
0.5825438460449293,0.49957787037329093
0.9652020845818741,0.4024823521687865
0.8128713611237776,-0.4635339756306075
0.5216434156575428,1.704246804461762
1.0053165268253101,1.080870726869438
0.6211614218581538,-0.37273789631114873
0.942647363103611,-0.033923957932717304
0.5601851631375984,1.165833439289291
1.0866041028132056,0.08555168684984912
0.605845604693545,1.3703376673630034
1.2254874060138707,1.5438517663900009
0.7677099638409992,1.1473420493790827
0.6020754167615214,-0.3524639900778226
0.6183002020885504,0.7846549605968606
0.6090084986981074,-0.4632073301464347
1.0077134260777953,1.2712280264934819
0.9027574775103466,1.2387254272313883
0.620583667741781,-0.5456365055911081
0.7378596923922781,-0.4543749145816313
0.7664539486405777,0.13693088286351757
0.508119170913511,-0.23170527915098835
0.5205152383487774,0.34780650383468015
1.3784857799463486,1.5647774122857265
1.2580570900999013,0.46504262739335167
0.5172540549722999,0.1342762736531377
0.5990299087786451,0.21381813483518347
0.9137416715559988,0.7963550411674144
0.5722289734789043,-0.1209337876909076
0.607834081490752,0.5925714931609085
0.6511335860948959,0.8495419975694813
0.7655933373116888,-0.2696363108480395
0.8768503264137408,1.2473887406664383
0.9957933372666479,0.18835250761688277
0.9925002623406691,0.7860479125248825
0.9386907291003841,1.2531835444835975
1.1644451610646889,1.6391107733836607
0.6014730847326212,0.6021659686097867
0.5923930898227546,-0.0021649541665694216
0.9527441724332422,0.37500960416104223
0.5498066848857769,1.0958720755855387
0.6060804784231408,0.238379257685724
0.5765080235303485,0.41292256699873325
0.6035027177311361,-0.3042716141453662
0.779401324332465,0.7509830722316098
0.6006483515736,-0.012258553748081283
0.7243241609189683,0.7974993371423941
0.5882079504464841,-0.5033665894039399
0.593774380793276,-0.2193914475214967
0.8795247999330412,1.2671926492911898
0.7544952535179097,0.6337269678354331
0.6001408717740079,1.1855109821342937
0.5976110670442584,0.9525342946132347
0.9370865842082692,1.2141551252952287
0.587604975070813,1.314284648421002
0.594428187867928,0.7660948470425382
0.5995553081748146,-0.3525225178441334
0.9441738768740708,1.082666794898828
0.6714653271901897,-0.20299302098211303
0.5908883061003228,-0.11449701555709851
0.5867252536350095,-0.5134707674426051
1.2439661618800315,1.5936364311520554
0.973288938359524,0.8833290479085516
1.3257557940799976,1.0409156612096115
0.3688246282299402,1.03010992563851
0.9846128766047042,0.09680865557070129
1.1360779210847172,0.6552091288357453
0.5407195791974488,-0.2458295507731021
0.9392772308397321,1.0381493410847442
0.5046946907913412,0.9835828651218873
1.0697366207472478,0.17860865300591594
0.45383175318052676,0.36579859300715045
1.0140248674119228,-0.44300577613069614
0.6018333385975579,0.08594723897026879
1.2890147601595774,-0.24632917021896544
0.7891679391166604,0.7533348029915803
1.0978661413963227,-0.3494589224096404
1.2324870322461352,0.4075478085420926
0.5367691025811597,-0.6107681364167266
0.5903683685079465,0.0693210075381846
0.64153157622083,-0.24094928545219702
0.4012412456327035,1.01650538116901
0.8537063836158694,0.19128820261419166
1.1884360189744831,0.02768922678273847
0.7916350312282019,0.3548409191040087
0.8781340317494493,0.5992095553893821
1.0052098456641343,-0.4774726501836628
0.5926510005355163,-0.619706890222418
1.1652086066245142,0.6237851479504989
1.0591317828896232,0.4508937924257652
0.7642536353531735,1.3903095777110386
0.5178623045692565,-0.2680494579844984
1.3968232801841398,0.6574673258654757
0.6270071188511072,1.0913577306097135
0.9371918391087475,-0.15817645959502774
0.6013413246885332,-0.06831515556592774
0.8017410053885401,1.27362677148971
1.0552680089788693,1.3001024798520615
0.533401696157444,1.273885383621505
0.6457392436148971,-0.3364448716656563
0.8141283395148019,0.4999323531929657
1.1521572421197037,-0.2550064138093521
1.1255433783833846,0.4821415688816789
0.619567818545876,1.2927993140301637
0.6252381086154625,-0.2041768117551795
0.3995850576259867,0.810853124576983
1.1362531951768358,0.731989363719546
0.6354520177538252,-0.6888744453874355
0.6248560704222774,1.0310496560139275
0.6387091745643816,0.8804229644947176
0.5971484398324747,1.5018607177689844
1.2675659997098507,0.44705821282697744
0.6385750720428067,1.3080275728675632
0.5437085009983307,1.0304558955503746
0.9939571408330168,-0.06372716896852632
0.6026675098604285,-0.05499741339052051
1.2288653275879757,-0.529010124240751
1.0825050327757522,1.1513216182769663
1.0442932346178346,0.20715313556000303
0.5882542652740786,-0.5395878384956445
0.8494169391677107,0.5156045362960038
0.9839801903844219,0.7670714261632375
0.8213705866064088,1.498409122215366
0.6084242202479013,1.2780514869708641
0.43079670206594006,0.2707689646478386
0.5915418908697404,-0.6853125836800447
0.6279984623277888,-0.6717627871173093
0.680413754842854,-0.11010352900083038
0.5734877969582582,2.076567045615417
1.0011984200501973,1.3492090100919796
0.629401861387893,-0.4478049698917219
0.6461038518271118,0.22803562966838453
0.9574586397983822,0.6515973868178293
0.9557828081087684,0.30064518072684915
0.9127657372684741,0.005782567603384178
0.5969552326505378,0.42307200302436254
0.6604371906079469,-0.12795115460571838
0.5982330720652991,0.8477841617281688
1.2035555048239817,0.2684290411002817
0.5532477283237616,-0.3692930789155989
0.5965746040147806,0.1851424795147878
1.3739984471987328,-0.5452787770019657
0.6348425535747905,-0.546850500514862
0.6188695914632769,1.9685067081226837
0.6623923189042038,0.9776715364324354
0.6194760544828406,1.1144059226116474
0.6175414897472764,-0.5213413888811258
0.5946539383174653,1.540635016708187
0.5967650248141062,1.3995757393693775
0.6032077513414473,0.8670569391542831
0.6607860292171888,1.1745082348938087
0.656190967422361,1.8121631768551059
0.5998568370190981,-0.2014853076814471
0.5691059637524208,0.17769537295563786
0.445116708560753,0.47209647179123826
0.6305331784828357,-0.38082325156996766
0.5708412103562707,0.7545454613836502
0.5968765989048002,0.3994600330143579
1.029921596859284,1.5396881221716319
0.5088153242946781,-0.2899176658730941
1.1917358550666968,0.5195635000201403
0.6336086841241921,1.6879227975846842
0.6382058737798133,1.3359881149947719
0.7695372918317419,0.3829190732657255
1.0108917523881014,-0.5956073946082869
0.58270877825031,-0.46507364439256965
0.9051938662519068,-0.25322343897322475
0.4620152020043819,-0.32957957266919524
0.622969325212096,0.6209490701741578
0.47306886496271877,0.3797144842052075
0.6476203970483634,-0.10856104396909669
0.9122044236608338,1.280092858137064
0.6092766574324933,0.7775209121916482
0.9627365069648349,-0.1308440632071984
0.6039999932956417,1.261559592732642
0.921531375497868,0.07994880226809055
1.0974016512857598,0.8502855330685392
1.1323809930494333,0.549773290954363
1.0898634961247635,0.37881136850117914
1.184091452243944,0.9855376331124885
1.1935625427083296,-0.23359691479848552
0.7007351605622677,1.692007887561983
1.2666944539528082,-0.44517839145997873
0.984000163007422,1.8726764996050993
1.1094531467528899,1.4327446229274983
0.6130165362604948,-0.1836492803833901
0.3649624594071008,1.6240809812235049
0.4648569083755852,-0.21918057994297674
0.8545708387678512,0.030994170767126773
0.7396389609423859,1.8837656680010422
0.500638898497513,2.1671470151646126
0.6688890534636602,0.45968485628449185
1.335800809553945,0.34211546285374983
0.6109605930934212,0.971773063426358
1.158503440884096,0.387474806899638
0.7262483248142538,-0.005181672435500079
1.307633340540062,2.1065906110778725
1.0103775828094685,0.6087005856600175
0.5877932995650548,1.084067373637026
0.7337034715965407,-0.38922264214574875
0.6204058019595265,0.06285395322261875
0.801210465398658,-0.008733889390575955
0.8002997420338817,1.371584235564205
0.8009240442805972,1.0298940954994955
0.6501173956074416,1.4413269894518053
0.6241612126565901,0.15954524856807584
0.6321951214420704,0.8554233611061083
0.6721435771712767,0.1500612691950756
0.5096978389483331,1.3553094535526449
0.7816978335608609,-0.21148488511666608
1.1189468129549227,1.1687064137337915
1.0364375938046821,0.7157135957062257
0.6372408315111301,1.705495323308887
0.4615463334868386,-0.2893563555577253
0.6658604903368647,0.9355513259388628
0.5900349563913223,-0.4780017883814151
0.6249224722485363,0.5662046671102792
0.6928467774749221,0.931645253693786
0.6377575623662765,0.9218089256615067
1.1017048485187841,-0.22479695421333895
1.112493513990321,-0.3236723195456048
0.619273188882036,0.636911910345052
0.7469142944828562,1.7758466838177391
0.9423404132559011,-0.4558748210308978
0.8475661604282974,-0.5225640781808975
1.0940216295234684,1.3811165813474773
0.5358135121994141,0.16876363356795157
0.6051150320101126,0.09480039509405587
1.1337208005376918,-0.5803726244250311
1.0579704710410258,1.0227823082914698
0.59834476624128,0.10888593818608805
0.5554121191294383,1.2499585541890113
0.613052145775075,-0.6147791004480995
1.1316301927302215,0.586125251207266
0.4010926398781007,0.3327377828737123
0.5236365582616149,-0.3242595987020966
0.8076735270378941,1.573888145473902
0.5112904471181543,1.7189545775695896
0.58764062527707,1.7689195698739182
0.587244838063205,1.0337452717187876
0.6053062288966047,2.344251535654415
0.6658482404062038,1.1258103810302114
1.0484741884800324,-0.3725303556352358
0.6445279200740096,1.1367073460012465
0.8952907118540251,1.530364431107739
0.8984963433574826,-0.4835547083091132
0.900198485841567,0.04599701283587037
0.9098313907732358,1.5053892249659568
0.536923245229433,0.6938698741386023
0.6978000893613041,1.1411162340841898
0.4364062313274021,1.674965208613698
0.5776908847864738,-0.30809900144663815
0.3958078360500587,1.4856869346965946
0.8844368709256727,0.7371455405120191
0.5243294509104027,0.6093398702980621
0.516289602363816,-0.047174362230108374
0.9936749512242466,0.9814124687088315
0.6616604914178607,1.0190003262195007
1.2429485407068503,1.603445942528236
0.9968538478306872,0.5243042292619227
0.6276086911222102,-0.27329133721109233
1.187828046395809,1.1650239304534336
0.6093714654407505,0.4084614836651258
0.5047973176930336,0.9818736732097109
0.9466607740012339,1.075405035583749
1.0143359128970741,-0.05687841454639023
0.6124049186071436,-0.6070278315090232
0.8478067489242842,1.4523624476274093
1.0075087521417698,1.198609651215689
0.8502617296983723,1.3626754211134597
0.6140032943048198,0.2553891467790794
0.6072375513019104,-0.3371986398570318
1.1436319390483651,-0.28943875605385094
0.5809489646841477,0.4311774064350097
0.9040665315243948,-0.4273831796686374
0.9443795506450052,0.6241204279201187
0.5262822735039532,-0.6694916885944953
0.45044519953720474,0.30239377412757595
0.7508005402394424,1.7830554689172695
1.0571573566098722,0.8232269665022989
0.6121467505788107,0.5152042748590818
0.5761537282984031,1.1754138971386356
0.7000531375285346,0.9561637017582969
0.9483380559704209,-0.18143011071843662
1.2458460336618753,-0.14547141777889877
0.587339673164775,1.5384553141674218
1.1393186240705495,1.424557165026774
0.6336089734727531,0.398293685119744
0.6152080428946028,-0.21305427754564976
0.9687037194906003,-0.41035855792922526
0.8488598687494839,1.6066485186402297
0.5730779287198051,0.4152699044476803
0.9726660731921806,0.2531787760441435
0.7958092514888384,0.44224452314979945
0.6185742421171923,1.7045490786969897
1.1301046222241922,0.09906339556312216
0.36445731204147325,0.6633788297985735
0.9246473955798411,1.3180361732208496
1.0902119376541064,1.1127528650237526
1.1220268330129242,1.4294569357655322
0.7203221708262807,0.8975730768341068
0.892381834614004,0.6051741876275474
0.905642759523715,-0.36791029419954596
0.6010416023724849,0.833664255151925
0.5690845220871118,0.09661944709037744
0.40628539222597476,0.7981672390844786
0.8501828271208032,-0.3455477663257768
0.591659520202719,-0.04932709221294421
1.1331924352403517,1.1101359076779242
0.59225431426422,-0.24470185631173674
1.0762066519110935,0.5972867358892533
0.5032420293065046,-0.07564601320250706
1.1684916775198757,0.7264255056555095
0.6827869012519822,0.5611806660454695
0.5996077693354098,1.568726426355904
0.6097193966717273,1.0713282446114034
1.0231677094684082,1.2518306406903064
0.6216609461971804,1.3918172085765228
0.7380677026849503,0.6551728480997951
0.4220762069112619,0.3777375295659121
0.5561981846958853,1.8702114543662693
0.6393063648367282,0.56168698118088
0.6098713764329462,0.6800368786558585
1.106492313880342,1.9309190590923653
0.6164009220768959,1.0445565602598677
1.2458696356570598,0.3515260890738526
0.9202550545508461,0.7590865643525174
0.9937412781420463,2.4121434264077357
0.6685568248499203,0.048456733713820796
0.5194077585864016,0.9513178333203662
0.4683382891353362,-0.48262522743244873
0.518744495818126,1.1930018191011702
0.8328953659468615,-0.4987035361476163
0.5182772288746097,-0.41840701371878064
1.0568772376974034,1.4562929322374352
0.6229228032844443,-0.528895721984059
0.560352823553602,-0.29401176175216576
1.1944585054811552,-0.47448269373533447
0.6459658126037137,1.3578407241694985
0.6140634098830782,0.8910537387202204
0.4932231214223839,-0.18214349295261126
0.945909139324938,1.7159046272126912
0.6224822989957778,-0.4237603604959114
0.9238675837749915,-0.57225514937483
0.639796219069622,0.8242635280037331
1.0440968863263298,0.49959503408835115
0.715114411441918,0.8584320372757438
0.5501852009971764,0.360648631823864
1.095174721368942,0.3371889463695462
0.9806617373827966,-0.016378175376279183
1.0324557672262868,1.136809309645239
1.1312876742587306,-0.09057392236820441
1.0079475957926534,-0.15966691344018902
0.5317768480580669,1.9485891390072219
0.9835159690088242,-0.40242841630398096
0.6646925522551381,0.34827915363344386
0.6198831811757897,0.24939999334288365
0.9126788447712224,1.1896976306582283
0.46050085742514146,1.2166315216998838
1.119661394850758,1.365107062170225
1.2322741759024667,1.559530850015559
0.6296288444636898,-0.5528263344117054
0.7045274919045795,0.48472440115504756
1.1723404208917982,-0.3668869356261689
0.6073429209005787,1.0557265402951495
0.8473457418995564,-0.3819151221878928
0.9367241299054658,0.051297250672407146
0.5984216089045684,0.227139920227808
0.7365110328828957,-0.07782999111558073
1.077222534833803,-0.18767152380911112
0.9542464059540947,1.3505106860974632
1.242881772056957,-0.11452483573005413
1.0277568873778407,1.3876706318801302
0.6163809197013177,0.9459809260015619
0.5751655647794556,1.6145358924675253
1.0326440743734668,1.7833872873181646
0.5983365596078946,-0.006940251035431055
0.7365143773127898,-0.502102270454811
0.5787590589464575,0.2738994711005417
0.9180331566427803,0.3429011078608988
0.9710518201292178,1.242661465154316
0.5515143190177197,0.0785729736798873
0.5857056457653078,-0.2652318485478827
0.6260421539248056,-0.1623831054307921
1.0701129341274862,-0.13346274139912365
0.6865199043996834,-0.17033408850474804
0.6127718693649815,-0.5570608492233877
1.1039047984364225,0.46568701747423147
0.6032543102693251,-0.4952120237663475
0.4216862998296306,0.6667580281975332
1.0391623585801948,1.2698926885588278
1.1964988810539463,-0.1665718689023502
0.906949622321082,0.8289991533632897
0.9082778763652362,1.0469507388961068
0.6368975015016961,-0.32690798661272613
0.6274925965209673,0.12957399779022452
0.6060004195622356,0.6779876805369469
0.9496537353103662,-0.2824452765636143
0.5840222252045326,0.6068566085718351
1.064958034306029,0.1969811474196728
0.6013476557241181,0.49761648727308005
0.9018350284338953,-0.37268050349707693
0.632708161602467,0.7038544552600079
0.6512824155837414,1.4213037310427947
1.0597526464790228,1.794827747080497
0.982707719324289,-0.04558598092466379
1.0697612734413582,0.9428203218689782
0.8196206406773927,1.6099457353296813
1.1055747444408253,1.2591888900140686
0.8987355387583222,-0.2504250098462732
0.5561796374970376,1.8668885842408032
0.5926529471467779,0.19029978642995418
0.9761176423012887,1.3137375836368923
0.3963451270168664,1.079026227915618
0.535316921837915,0.5558411681212454
1.0496256812305242,1.9536847097725762
0.9619143033975499,-0.1523861855912606
0.6130515462313861,-0.07668630536701891
0.5795903976975104,0.2653673266951174
1.026104896709894,1.3887392455999548
0.9517671845692188,-0.3695282287270661
1.0174396468307723,-0.30569146529757574
0.5994514372527404,0.5189922118669529
1.0746492726304488,-0.2645089964450951
1.0213565957004418,0.4576573366324342
1.2285096124147659,0.11203955081918701
0.9251347227011993,1.5793888785258634
0.8632643581039964,0.05698922736386788
0.6135023725432328,-0.4119114619482631
0.5731294297361648,0.9919150468680398
0.8977520682956053,-0.24847657408596568
0.9141075612273616,1.3564595785515876
1.2051721058992806,-0.3003059366662061
0.5954403519220218,-0.5926871078188282
0.49723217687174487,0.6438609845189878
1.0618137904440466,1.7393260658288192
0.6551812359753356,0.2011136178948817
0.9679116852481905,2.1102679084237854
0.9116567312249798,0.8033232792415882
0.9825338534610641,-0.26744820160146016
1.0990722419724142,0.9462264760833973
0.6049983200082024,-0.300704823235382
0.6688785797369435,0.17116137405007747
0.5958022316395619,-0.20723805105019322
1.280232250732998,-0.12709447689557613
0.6426524653736007,-0.45529440770409113
1.1395992159901207,-0.32284136593535295
0.5046419016446979,1.3608421855555746
0.6078614132649084,-0.4144739825283472
0.49728128681887634,0.10217698071999642
0.6069694377211412,0.5115225704128874
0.5722695843899578,0.8290347718376395
0.6591660126125689,0.4887746744036566
0.8390641911044889,1.4686972406989087
1.1322401463433847,1.327670610073044
0.9805778101798845,1.1688399365321311
1.1142935335980848,-0.10796561249136949
0.5435855871093145,0.2495190666051949
0.5961350675608494,0.19704714543299767
0.8390931059124915,-0.2753333959151178
1.2909511782556367,1.5074008452035161
0.8875647466193414,0.6302346777426104
1.2328959989249735,0.02321866173169329
0.5842719698266694,-0.19968063040117792
0.8241974998943244,1.554297516708698
0.8397047881434333,-0.12454573738780761
1.1555107199939576,0.11007619016613276
0.5818432013176661,2.1782213672618944
0.7602231213767786,2.3678375762190766
0.8088539907377175,-0.2737367585635496
1.037900194985791,-0.5383468562755974
0.5966430367711876,1.5035054853427867
0.9257108879729314,0.9734084006439457
1.1226421428040845,0.49417341031399176
0.9426513757760573,-0.010734698941866225
0.4452232203821109,-0.4716749369668529
1.0422859204990873,0.43471890930943413
1.094756831679385,1.308380609820369
0.7462929894048951,0.6150052506084089
0.60673264005911,-0.4241449630470855
0.6008203082344972,2.225738695370644
0.6990224986014985,1.5523062274339727
1.12723938498465,0.17689190609605904
1.0600078029578923,0.9614914088592089
0.5812110812322856,-0.10067755544528278
0.6036040814009823,1.3549773365713218
0.6686109710570038,1.2181742254122323
0.6004370749313062,0.46736977779039124
0.9807859073873137,-0.03546267659050388
0.5814744298039217,0.3663280143343972
1.0383363839979438,0.5785585766900639
0.8762195226945646,1.3752383493951523
0.6020879794011006,1.2161122129497213
1.0006133462798608,1.0363449159109068
0.9431535960646364,0.8105829270554821
0.984144870238068,0.216769250129783
0.7786426261495216,1.2804737376383966
0.610747327575784,1.4379205419465269
0.5544795711598349,0.08809978243356789
0.5428943339375516,1.1339975577563308
0.5610022052161606,0.16085940142141256
0.8091941317311,-0.45742385334396196
0.4952426471643745,1.6806908124935234
0.7505627777406916,0.3073830933385213
0.6185595452822463,-0.3994468470027509
0.5383884851651668,0.308156021699961
0.6086825024898579,0.015608377426559294
0.9629734319575611,1.314938255406663
0.8066668009213736,0.10297113207881191
1.0945645606303516,-0.10841695031765433
0.4498822128903564,-0.3237741923142947
0.6092385957545807,0.018783423590001264
0.7774299962820533,0.20757209813866292
1.0022245182350797,-0.276496607534678
1.0955210300190388,0.22798061902027533
0.9221026976227109,-0.32581870852913963
0.850490097285171,1.3728375769248935
0.6065738323436575,0.4034615557302761
0.48657793559062207,1.0444465733638242
0.7859976359409289,0.30830289603470473
0.9519052539852877,1.017469300152174
0.3793127052480816,1.8592254280514637
0.9845752702164643,0.8931110101297258
0.661714127007258,1.2196516474797616
0.6638022110205952,1.6158855901452644
0.5295230420140904,1.638146760868319
0.5547664856761206,-0.6579357926025542
1.1736454584984484,0.7522413376643221
0.8794997896141832,0.6135017992009556
0.6351400749467574,0.9337512521969487
1.168326614935321,0.43943869071095376
1.0459633015969843,1.1645010467949106
0.6049423036412525,0.7593179719599655
0.6369499781588399,0.9604794112835165
0.6377343155189643,0.11961250967063353
1.238083782883871,0.6317349407030335
0.9027035552905514,-0.3489639263929813
0.5949663325598122,1.6286076118418125
0.6597264743831359,0.6103477216491799
0.9783915590837955,-0.1704079905267079
0.5453638616980636,1.978563767987896
1.036510592245753,0.13438258744616735
1.0997573028071654,1.4292182768106594
0.6194868303475692,0.10610331921256687
1.1809030567631496,0.07171705653656439
0.38373491977244134,1.4043637468514985
0.9595824852845419,-0.6557174053167963
0.6343200352921979,-0.3830955468677981
0.9251154833030418,0.7220924105463509
0.4766026855358608,-0.26760834915381976
0.8044395225562758,1.7337445044899522
0.4125113317108582,-0.2544776837047348
1.1990067707979881,-0.06602529897979373
0.6447443835364491,1.1282689783094852
0.5971785137227796,0.31407151705704955
0.5585806514100125,1.5125888312078735
0.8406935122866948,0.5386344518812078
1.0142522128444833,0.19289459217872454
0.6786134105884037,-0.40375415672325243
1.1652246947832425,-0.037390162518355446
0.5257149280093603,0.5808788153861519
0.6112471706066553,-0.25801275075001473
0.45850258764887525,0.48607228513082484
0.5231102171344025,0.8952738270210863
0.5275098865207688,-0.5573282082372326
0.6006048968498372,1.223786913283386
0.5520583485062701,0.18932883355290728
1.0126439098526803,0.9349663941320318
1.2027145317119894,-0.0408747999635245
0.5338867468444254,0.43718252261623747
1.1464601080895551,1.6729663213015478
0.5874451583580024,-0.3175885672278859
0.6195576825668603,1.1257177531909093
1.3326968241801955,0.8962199220348344
0.7942127483969268,0.3613417817687284
0.49664460121119375,-0.5829051539445836
0.765250640612337,-0.343470210753665
0.9478990600093057,-0.14386419672838424
0.597589010625311,0.3473371056823511
0.595672799536017,0.3367337018776885
0.642836982200585,-0.36593220597775067
0.6611632106366006,-0.48267344021637465
0.8758029458864494,0.8155095934260062
1.1822580101403912,0.9154430487074687
0.5797161845350599,0.004181015175650948
1.067784181676443,0.09230780779980102
0.599447266952168,-0.372661932101308
0.9844923576655724,0.9781638956605484
0.4544190271440718,1.5703343964143903
1.2751829924895033,-0.5751023102828143
0.715599510274067,0.7360812741081908
0.6006457395651091,0.8328561797341147
0.5177550031054292,-0.23594825863714977
0.4863887493482652,1.3211757150702077
0.9689759771334094,1.4856274771609361
0.6009643344104132,0.5779033677061872
0.5880961134979716,1.2312489045701618
0.550844799166767,1.7016718089709668
0.8866226209467618,-0.1368095273473727
0.8820640483060412,-0.37340002908180353
0.7661570338649215,0.15023170774780548
0.5984443980997849,0.8019665702028078
0.9247439046771309,1.3553556027382292
1.2139719417027204,-0.6587923462085841
1.1784341222502275,0.7404906700659727
0.8391684388440985,0.6584986035512312
0.3973397592204162,-0.05607004797654058
0.6367149253868172,-0.4236637197319213
1.192056433440168,0.6052744746477756
1.0799435651044202,0.6181523416000433
1.2233605056726053,-0.6487699777713213
1.0562805229724401,0.6727091220532486
0.7022009271200211,0.84121693076929
0.6030183395791421,1.3033964652397185
0.8783645500407251,-0.4375269357088211
0.6520849073143519,0.9198817633838321
0.8888138055215715,1.4254237145489168
0.6083778388096225,0.5712925514029344
0.5963797683213912,-0.5289336709361321
0.6795430192870467,2.229604647206552
1.0590240376748912,1.6569691160401743
0.5934029495821048,-0.1152500000989479
0.5631031328005429,0.4206816907951537
0.6105132674260312,1.0892206793731949
0.5161755755215445,0.14878504906564344
0.5868553421773011,0.6322964146470447
1.1308419156596876,1.613361369500967
0.9704019500269951,0.5288996706402599
0.9754845336210285,1.6750157581228429
0.8328956354966275,-0.1866113658345116
0.6276499989036511,2.1363818161360624
0.49581278914819216,1.2583461477041615
0.49923508629546,-0.2988141795132158
0.574350421403955,-0.41054314836350364
0.5254002766895456,0.8787538652738441
0.9759311661196932,-0.49625067676604595
0.5618805642766969,-0.18271217505921356
0.52610610692774,1.3910634200602892
0.5926622375070406,1.070531550361268
0.44402160881403246,0.31908201787085627
0.752455288466179,0.46549175214027116
0.6264887542753216,1.2323184459888923
1.0457191327781445,1.0478032869985618
1.2518855937473738,0.9819138180899849
1.0986654721009093,1.6729900638368078
0.9524130098356589,2.2334361317641926
0.9296024097199935,-0.4828775428997031
1.2577066279673546,0.4344250884397096
0.9647527427295927,-0.022816441071574406
0.8604706892905056,0.7249776280340253
1.1014574281500031,0.39066778246373457
0.7207364322922085,0.020226106235789708
1.2624668860538502,-0.508972634645221
0.3860164046752994,0.03654554566813334
0.6165663935398877,0.7560484049192709
0.4285492406374549,1.246722827295821
0.6345911377035914,-0.09962060381400897
0.9868453787799454,-0.39666659620610223
0.6270574099759919,-0.16387955239935767
0.8848041307650819,-0.3697035947929759
0.6016050082924771,0.380339376046408
1.055068166200509,-0.3213213879459765
0.658195759341653,-0.6823059382750774
0.6415519126831056,0.6473878275712417
0.5433559048145846,0.3200980075164742
0.5584243563961607,0.7289537924494385
0.6037634995786771,0.07810205448969751
0.5038559162007632,-0.41308828052468416
0.6290619186346883,1.210407735288073
0.6978293039530196,-0.13529047614872877
0.5954907155563964,-0.1945481586051227
0.603307544174467,-0.41035916369393066
0.972897764083309,-0.2811701052064016
0.4240191638387985,0.4271247208166146
0.6186253947886786,-0.38727836445995595
0.9882116505077032,-0.2747760050982723
0.7285092508945977,-0.41032506668395424
1.0394258226506894,0.2142144282738489
0.6101853843822752,0.7230901773731768
0.8603047137868698,-0.37015576131999556
0.5973988813722928,1.145535668975028
1.0458866672715037,1.1657890945664051
0.9827587434284761,1.2985337187948893
0.97840956068598,-0.5718347944494406
1.0959931361812623,-0.21983322902874475
0.9779486112771341,0.8790674199785642
0.7329190430189414,0.5233581444208483
0.6616188460657316,1.2451635716129812
0.6135455942259849,-0.421463730909002
0.9834037116782288,0.6836042572888819
0.6482147065454932,0.8161122666741252
0.5241116886529209,0.6844131038713324
1.1844263501957084,-0.2904762214657036
0.6483779808243499,0.7140796146255484
1.229468299491,-0.07272224872457264
0.6156856801495345,-0.19846120331439238
0.5561555809759784,0.9382253627797826
0.7755036878091139,1.3027683166921933
0.5835485915180887,1.4526834797309958
0.6117521914511467,-0.40668328163229095
1.2139210556042905,0.6508656325568072
1.0654240003032032,-0.35126919206697294
0.5837386561589188,-0.4535032235182412
0.8558694099074184,-0.49336849756967044
1.083871658677698,-0.166075984961357
0.47653564581102476,0.34532588336170306
1.05958230402716,0.3864223146275617
0.6774802028734008,1.6469769735648134
1.1025989571156476,0.23725690205807495
0.6024194205444237,1.5884760399900646
0.9391207255827726,2.081447407469639
0.855230514296482,-0.4270011702663835
1.1148592910928714,0.6004233239511683
0.9070958342151438,1.700784768285415
1.2018771071189829,1.0310655686643826
0.6211663336585859,0.7607094225619007
1.0189641917323142,0.03127024053236726
0.9993372940182481,1.4223712907955415
1.0065274978406493,1.543875449834056
1.0596035180609042,1.6046109797464754
1.1753641514373148,0.737543701517585
1.1062152867175266,0.7268578224406763
0.4065232035179047,0.5943650937798721
1.097992188310855,-0.5684906398476468
1.0208013100306879,0.9895351492440383
0.8051880538989076,-0.1990187869391098
0.8772374602091693,-0.46908398127319684
0.5819591638985848,1.0576586500680394
0.42320443834909277,-0.30562872065685154
0.5727878480925725,1.4830208073913305
0.6317345590815976,-0.4324047698399804
1.3586393967866124,-0.4152701600512141
0.9109324050915101,1.7210723007936033
0.5986295361519536,1.157894676744719
0.8598395152794496,0.5521614621559984
0.5469596241528183,0.6932851699469591
0.6094197640390755,0.8098891814507512
0.5069769165428415,0.5726007489242934
1.1942326155287304,0.1679930856590658
0.5966062725515359,0.5874321260382762
0.5644558149217642,1.1748407001463048
0.60181247976613,0.2956528124919807
0.7633129419476273,1.5157772775309086
0.5195995848509054,0.2050729604034276
1.0902758108134267,0.9003679826595193
0.5949344389953661,1.1291946310447
0.6330623861865847,0.8337994567309017
0.8603046370886533,-0.18632925253702248
0.8537141876136167,0.9846438201190532
0.647606067008569,0.24105537665444113
1.1618707027519253,0.4787381047382104
0.5979299645074264,1.2142629820427617
0.5640149653658677,0.3952785435656323
1.0415284654022237,-0.6205768140875823
0.6021856302997753,1.5800917225018236
1.1910229059551711,1.307966972141802
0.9865781198620993,-0.4315953398459209
0.6067964056669468,-0.45138119108905084
0.6552588494178884,1.0219996245572263
1.1687597206824234,-0.20836781005842223
0.5542275821203352,-0.4579531742571177
0.47500326844725455,1.154551466405004
0.5809224587220744,-0.37240514136859426
0.6291085394043481,-0.4623735850193431
0.5972147443294611,-0.15247278149270613
1.0882479667189155,-0.1384449042691465
0.5776804744082513,1.7133809663252138
1.0019582538865366,1.3873352130900725
1.0352579432012152,1.146277139890192
0.6289937434717012,2.1992167812906795
0.3941772982964324,1.6348190561928968
0.9918598560468037,0.7578840632632218
0.8144539084307318,1.3866789623559583
0.8247452752571979,-0.10757857230254621
0.608417553931135,2.0024741215913826
1.0601079250818013,-0.58942810710982
1.1552719975641026,-0.40386562998137526
1.1457743567519838,1.7337491641490672
0.44958085604840053,1.0460808376438557
0.626710234713309,-0.720608502477321
0.8929205893911991,-0.34358971421443485
0.5437303761994785,0.30914390947885334
0.6462969680666776,0.0380810802638602
0.6104051588539674,0.9458847837577741
0.6194237954506056,1.6235817079622863
0.5390776731710213,-0.26128102274905984
0.594604923159421,-0.14070355699388482
1.0580630030773694,0.6856287751736063
0.7929629451877556,1.1461057931086291
1.0202987424592291,0.6616379224081762
0.610957171308347,0.19628624655619767
0.501696647849161,-0.21401222878198112
0.612490526533836,1.811393025452166
0.3749954860365511,1.5701610253590579
1.0017900183407953,1.036233158975963
1.0966282867889283,0.1549719142402376
1.1262795252702948,0.7732054701016272
1.1132325702319161,-0.22186559155841687
1.017188570936668,-0.09048737857006561
0.6359560873126042,0.30182228144470813
0.9265825455716508,0.3324280052328916
1.0191393382536338,1.4791748170616903
0.5932779750049022,0.5811402701277788
0.995779587127632,0.1332365457798177
0.5626161863344683,0.958875570627257
0.5411122587424527,0.02940108519418405
0.9905040235994385,-0.3845243366889748
0.951688524329011,1.777228913544972
0.6062882374950732,-0.046295895822833194
0.6415791169360611,-0.6152178869194691
0.5089353001086818,1.4973449767428624
0.774413895345313,-0.5731774541713832
0.414245227044932,-0.49097339974973364
0.6091139170339553,-0.06480193683020857
1.077460712299902,0.48574768199071605
1.0985750092568243,0.34881742183753695
0.9217880157878008,1.8286588109348973
0.5734786868183217,0.7634371475608519
0.5877531159402467,-0.2657670205081307
0.9670625941667775,-0.1208138060929555
0.5025025802987456,-0.35583171883357967
0.6185784825118319,-0.037420677358464466
1.0807042086751761,0.684565646479947
0.9217992437279783,-0.40708411716764975
1.1229500010927456,0.41344782420443726
0.6649007007880621,1.6691493110902342
1.1377560739130161,0.7654856495885258
1.0405481579943199,1.6240720163206661
1.03545322292302,-0.454822643110826
1.127261794035701,0.1738902851510355
0.49208157746312486,-0.3204387104039457
0.8893290530172491,-0.2962960167679465
0.6250453410711088,0.6539369974174591
0.5367871363138694,-0.049044321858141116
0.6307418066737416,-0.40089546249378716
1.2628417797498597,0.3550454232588254
0.5907708345635322,-0.4614061967105687
0.9881796235718856,0.6770828112505
0.6436111925125021,-0.8178112915964599
0.5771756673234889,-0.4706445197517433
0.528449958011915,0.17879705586122863
0.9363899681539787,0.6332043556453731
0.7691880090672472,1.2410784320107464
0.5283108881877163,1.1816290592907366
1.0086998455700658,0.6327270351729827
0.635158741639094,-0.5276874936523682
0.7733804118419042,1.65132538665236
0.8261154132858931,0.13582190989914164
0.625218721611807,-0.4096142121979661
1.0800433359642123,0.008990437696806491
0.6166261569640415,0.48467051164449704
0.5444293741288714,1.519827723729337
0.6315593617271789,0.4724164227502114
0.6183782252366958,-0.39289600619222875
0.6414980690215166,1.6791128991521906
1.0181814920796914,1.523458918577222
0.7723349556933102,0.7019535852924913
1.0288124916167558,1.5375323559369134
0.8821570595603292,0.8099439424436105
0.9820842094656923,-0.21422550549905364
0.5845773974562078,-0.36886897405755764
0.42626000075449694,0.6514199838536757
0.38731862259582583,-0.3004963584215116
0.43692832443507135,1.39051088754714
1.0843427692973062,1.9104267364327336
1.1763008598157723,1.2369684045011355
1.0823212930941941,1.011684785950489
1.148042728343531,0.9809677354401707
0.6095070679660631,0.594677018203879
0.6009476008308055,0.3453370767093936
0.9431049303485645,1.082583948620452
0.39417813605538554,0.46129754843538195
0.6008165916539616,1.4683081432479574
0.5461368154954812,1.7880985986413072
0.5972199363943467,0.6084034977696118
0.9303819041029332,0.0025479518421288178
0.6017618418326726,-0.3653420972597299
1.1145893203089743,1.4006852269951007
0.674114944034608,0.6883615043365975
0.9460437321379517,1.1877195455902405
1.0801568912287978,-0.47867959453982356
0.541716533764729,1.4625504266191451
0.8291652727948332,-0.13214950745297
0.6066741889862959,0.1675563981213273
0.9138829766589305,0.7101389451958675
1.099157687013394,-0.21979108851566356
0.6001338495439141,-0.4060770425885644
0.7142472026216089,1.598374461732222
0.6005686132053513,0.3665601013767591
0.6043115550699936,0.5266685937311161
0.5970843991034375,0.5825994313483397
0.9659728837822059,1.0209867233016825
0.5472892593992477,2.337414678175854
1.1960390704837638,-0.5013969646424619
0.5524528648822258,-0.2992802217851636
0.5378310323441966,-0.405613788396271
0.5783825383013755,2.126594063496805
1.2318246195635107,0.729178091547348
1.1249355141125505,-0.2027711174283675
0.6574714251504683,-0.29827682307486125
0.4945024116857955,1.435689024425801
0.9702850593451529,-0.2567483904218172
0.5176908387935507,1.3555374658620551
0.45800335164532796,-0.1939768628545962
0.6365238686078274,0.9128878811778378
0.6091300154861877,1.1263340664724857
0.6912031567421928,-0.43320276672657604
1.1348555908462914,-0.37217109030018625
1.0838345290125946,-0.12931086499370567
0.6646132936654648,0.16890075480104472
0.514621575655339,1.5368928985739636
0.5895623739336526,0.7650873699394547
0.45349407606405484,1.9221964479115663
0.4554228530575509,0.9703891308901385
0.5122571215014431,-0.10825782786608479
0.6238514718631868,-0.1816449969262685
0.9192502050499529,2.413541054006784
0.9056413908844727,1.2061791641152302
1.2004277495172317,1.4443611628816826
0.5907001041414628,0.1168313931786702
0.7558630881601198,-0.32614141496109283
0.6517549084068076,0.7576121958097429
0.7832033229237927,1.2870803279071905
0.9682331378447407,1.4202486834853754
0.6152586793379377,-0.24536505067164535
0.6360451393207327,0.7249529438660152
1.0425143136711084,1.234113183253572
0.4617041162821428,1.0017375637545705
0.6226438725416675,-0.12101545419809479
1.2824126616480536,-0.043205675005141324
0.8109955364509265,0.902385091482081
0.760855839012367,1.433654594628891
1.2468525735322955,2.1004583534098042
0.42374661227663335,-0.46862798617477414
0.6442444116401324,0.5691826164069923
0.9404553760797096,0.2846491296256282
1.1345916738430333,1.1550409395231083
0.5206792085548531,-0.41335964307551903
0.566711883753617,0.9973026660068328
0.5429738083462786,0.18054065550436693
1.1762037671545265,-0.6310899063664666
0.5774274251883872,0.32719234534011865
1.1630951876057105,-0.12083640979577177
0.5765721874851536,1.8208302725077021
0.8798555653981449,0.4026228812186832
0.9479693116730283,-0.013408083501388522
0.6119499367158924,-0.45994096918259425
0.6486965696665975,1.931250935017907
0.6163214543835763,-0.11608029663716414
0.6367058464548105,-0.3755648790156606
0.6272785056138754,0.26110423135414235
1.0672515221447039,0.6080355292598074
0.6067002137452815,0.38026545240946097
1.0755563950226747,0.6188098886022084
0.585131275339066,0.8682267725735482
0.5985282293393452,0.21988143623440998
1.114324212608212,1.7037357393644008
0.5971148182127362,0.5211793327665748
0.5357581960331523,1.6053439143931527
0.8676269500988136,2.153859498183738
0.6312403701355951,-0.42442751915037213
1.0705344604458928,1.169938494747527
0.8625912484078624,0.9344213248877355
1.033676626694468,1.0933181729502652
0.5909343829225872,-0.18739257478110777
0.656016064262004,1.3880278269483852
0.6482880450404627,0.3221492494141285
0.6477160719711474,0.7055234627917263
0.5627821348135924,1.9701599824801668
0.8639693740872079,0.7390453331450653
0.6335466269820681,0.3465326452249289
1.0867193747768793,0.7461481595650743
0.5797124489418914,0.5827719031841638
0.5336163142313725,-0.35083268833247394
0.5832652757948007,-0.3198878377115976
0.6030173330870388,0.9516045139653053
0.6205371091548794,1.1019610282073522
0.5206839179591741,-0.671637587284273
0.6167403723819496,0.3702086414597022
0.573376792627404,1.0730835102125662
0.5847827671964445,-0.2465905580930393
0.6065053166003351,0.9982769235779317
0.5310483845073923,1.2115566952341355
0.5342963640294112,0.04580180822056129
0.4982359273069401,1.5724854854988828
1.0074342169754549,-0.41168331064902874
0.8046660758550891,0.6125492785072166
1.0253527156102566,0.0782668842325974
0.6539985553383999,-0.03439597257095444
1.1806716150444854,-0.12104593072518688
1.2285112687190756,0.7916068254698403
0.6107861932372929,1.7226007480327388
1.0145163163257809,-0.6179124594361827
0.5834146798175576,1.9725742277000706
1.102986716656965,0.28996596677265707
0.9170986290578376,0.08637365062582786
1.168596760867379,0.5231389893588276
0.7747550004848891,-0.5221293490059531
0.5849213441514723,-0.7142322588816548
0.8792459982623868,-0.4718555213585707
1.059086799355862,0.5557907129388852
0.5103680577155179,-0.19289471933392727
0.6051360298456308,-0.4494666072190821
0.6036465673033988,1.1001729208373954
1.101863940709741,1.0004138415034376
1.3340779688651485,-0.1763390871095777
0.9101473558906338,0.765496723176456
0.5356882720772942,1.1159025467417814
0.997810465694654,-0.7250788996917853
0.6010937779630475,-0.3455827074603381
1.1110809657542287,0.7944137785075036
1.1342613761819127,-0.28059545506008887
0.8323766127221196,0.6821343046637894
0.5909361763631495,0.2818441458826244
0.8280822821820571,1.4851797389492787
1.066005524663963,0.2504022733814391
1.1337257636029605,-0.15171517550067667
0.8875653479817399,0.12445466617867126
1.0634240658335623,0.29892342568082064
1.0687627711138303,1.228780112301901
1.0242157310248594,-0.2680630917703159
1.1565382979123984,0.5484390422089873
0.5595227545046013,0.2155629115652296
0.5185774703519561,0.8072338207653489
0.9140452430449961,0.9716868518624495
0.788042386862752,0.4181177620014365
0.6516209054026249,0.4283021049738638
0.7860104032801352,1.4943502829045925
0.8887585591240914,-0.09965451541674572
0.6061075650934824,-0.21757269792292733
0.5857471202328685,1.137590810123618
0.8396647490960565,-0.42565458188752825
0.369362346084815,-0.22767816964666274
0.616210421500127,0.6856674156997429
0.6520010716876559,1.1392690563736467
0.5374696782511259,1.2428740144656656
0.5191860080304458,0.37332123537991907
0.582550907836353,-0.5247513608718011
0.7938914819542028,-0.7536043615059744
1.0600951667381973,0.308545007348401
0.4372553237421163,0.37015758500672186
0.6498646708022213,0.5238631324510789
0.7059009162366103,0.869273717905906
1.0945757348456149,0.6496529887227414
0.8261367415848957,0.18921925092898934
0.6265285410506185,-0.40504358627530335
0.6117294699887135,0.6675830852092379
0.4515148835499914,-0.24850383696950373
0.6710238450663598,0.28669030245600513
0.6158077950931024,-0.032048334298667325
0.6265689825690232,0.22385363453324292
0.7772960826379449,1.253572876967216
0.537507561441938,1.2982071950786267
0.9646856621615758,-0.5094696689416991
0.5891081119911963,-0.08273090422720414
0.606431629227719,1.426021016941469
1.1703949386732238,-0.4104947556203398
0.6166206673925055,0.27243208766630417
0.6876518146412933,-0.2968928528415553
0.4246090774721879,1.165392564356091
1.0685276871406963,-0.07646671520040377
1.199555856833055,1.4409944569288
0.5784646749030716,-0.3406685703702398
1.0431448155466159,0.5503975229439609
0.636807755005767,1.7100533954879171
0.8210856253892476,-0.013943000327617028
1.0430679824356688,0.7018152599423465
0.606175141424702,0.4251752014897203
1.1519545048432598,0.05524816203517624
0.5801209539922655,1.221622085790438
0.6387311014370013,-0.5726623007811623
0.46040908676520303,0.622158451110643
0.5709495498493674,-0.5161032756986798
1.1122621061731588,0.922440454297645
1.0407563237227166,1.29145178909659
0.5310218492223577,-0.18908476352173742
0.6439177018002213,1.3984530184570843
0.6218212982001183,1.9165436409818857
0.48446144017335463,0.750511444230177
0.9550533669670824,1.305831539566609
0.8970806451055031,0.2998905720931079
1.0530917036232026,1.2448410803743226
0.7253242703088836,0.6449959325858452
0.5858977941387906,1.22242686450732
0.6586387235720617,0.4030746886197486
0.5164461340197563,1.1308887918558397
0.770636807470356,1.381409525454969
0.485797443277095,1.5237130384043196
0.508502539849786,0.4194744648316048
1.0363345372932231,-0.6771233344105378
1.0143170053590398,0.2632257243718624
0.5753101698776378,0.23865848111236765
0.6557669259443165,0.6742321927005227
0.9302370153320065,0.4683298226704893
0.6285950750272176,0.02764284621313845
0.9059738459473334,0.9823752609127778
0.5083229255255233,-0.4466703652738192
0.6026717193316844,0.35535961678629835
0.6168988651905433,0.16740238443446942
0.7278782114626359,-0.8732800181985507
0.5447153858259707,2.1494342899722065
0.5851396711876973,1.2753535102154043
1.0276667768683454,0.4170262725163436
0.9045170550224945,1.2668276313276186
0.6646619496895803,0.5471747562705654
0.5022966062369946,-0.6569233019206274
0.7916517676881596,0.30888997789812667
0.565518083817115,-0.6198607992395253
0.6168547380774346,0.03962808122124481
0.5996695453921883,0.2617654706210687
0.6061437651199386,0.7494521264438236
0.634695328141756,1.2949464473115848
0.8082281813887694,0.5555394022038611
1.0857465430508566,0.7701501986653335
0.6220459893364988,0.9712956802905736
0.9700069930735779,1.5115483521327708
0.5921929070020182,0.2222490416249538
0.6127611288799338,-0.40291762427917355
0.5197048562541093,0.5573535117396919
0.6492762542448253,-0.5206364069383997
0.899789083186247,1.3640752578916038
0.6259629374852503,0.6537967280106174
0.6219090063705064,0.2341487939122608
0.4698153579456917,0.3976842090130236
1.0488828185954095,0.1494330684249251
0.8209808778961247,0.8335190918523561
0.8764406026964218,1.543450727706802
0.5319787611882705,0.9862505691193787
0.6338965483108,0.9690122395893267
0.6446924161358998,1.3728827680604414
0.8405952591612347,0.9190810865592627
0.4682066915561301,1.677898990347801
0.5728631977528303,-0.35957943574538653
1.04899028762038,0.07606305848703729
1.065343846656997,1.0008746280976144
0.6502576827248805,0.38709908194905507
0.6171255183267021,0.698750710783209
0.9030701757493848,-0.43503922828594455
1.124581540540561,-0.3960743069028828
0.9738762332290916,-0.30917302149265563
0.43290092224050314,1.0727044024804981
0.5678089256755308,1.137223595112603
0.6022805808233906,1.3049108179100277
0.6541490816950116,-0.1616377580306057
1.014285356496506,0.9482475826994877
1.0389235208388499,1.4665626685533755
0.8912931450925368,-0.3071569747830825
1.1884595199458696,0.8475469061512825
1.1945953150681408,1.5672933952580725
0.6939856903125949,0.6216016901382294
0.5987760237800203,0.5738075200268798
1.003532579566092,0.011639114111442389
1.1347343760232294,1.0661650628483172
0.9812685074953136,2.162445231608158
0.6834373658603902,1.2571031497862113
1.2581040432673232,-0.4977757112303055
1.043261232913419,1.0624458762607472
0.6542771422475048,2.05496101976684
1.0617336769109376,1.3986056837198257
0.5198839002847123,-0.5548803920974781
0.9357364853138928,0.5144284875164742
0.6019174564155916,0.6298984050453706
0.5868646064321085,0.721368721770475
0.6291674818308086,0.4081982128425872
0.5140790157010575,-0.29865704709198126
0.8139328522743027,0.44295411498922305
0.4989005283723031,0.9883394573253572
0.894193863140117,0.0637887615369967
0.9483906093269656,-0.18786156142202945
1.1617877037156004,-0.11783012155163189
0.6046031598030075,-0.3859327150547601
0.901767674929649,0.1371101413342738
1.0228445925062561,-0.03720669923129494
0.5992433004396192,-0.2882593070163533
0.909337962834144,0.1992155135837914
1.1188144197007561,0.5076587995281429
1.0414463651005457,-0.2287654046732059
1.1981799408280178,-0.14593020474793494
0.6061899686135384,0.0013259551460877983
0.358797057789218,0.7453219606158755
0.6121094148212455,1.3357745645590178
0.5906187300907011,-0.2640558945889522
0.6116421832103229,0.2866496458590458
0.6297221081863622,-0.186726462713427
0.5790593585705912,-0.27645253250647095
0.6608675069744068,0.08291466741235093
0.5022227051639961,1.1494945907506606
0.3633812101210674,1.5834172883196
0.8212942218208289,-0.07797094053049641
1.0446514460681344,0.9833504799230864
0.6207288005808647,0.8407516198870857
0.6000190578547157,0.2895473034108794
0.5829089682651567,-0.49984822711534765
0.8650235369281435,0.8602454653523308
0.9177564851992106,0.6183701559105514
0.5845449294848335,-0.5966079443038902
0.6884472557062543,1.5753221945863913
0.49684709172741376,-0.3036555568780278
0.5098353264882052,1.1440857461390999
0.6346262272457526,1.1157886545429903
0.908216483143305,1.115805987726259
0.8436707563079631,0.6904108609240821
0.5170207746879075,-0.1920843467550787
0.45828186696608325,1.3760094355397288
0.7412907022634402,1.2459583353259474
0.6358116727335497,1.5689635821194738
1.008809931750968,1.7138331676856189
0.5704022748329971,-0.6448209365843123
1.3108453380363099,0.3993170320353864
0.9980696028765941,-0.15563999294187386
0.9555640156816987,1.622005833494958
0.9794162529664807,0.9422670330872357
0.5898994159920871,1.6476328593141356
0.5748804584264694,0.8667265002534317
1.02650040459501,-0.291518467825014
0.7364247864769243,-0.11874463293408288
0.7967264853051395,-0.07376623692924435
0.5827287155159,1.3649220903298767
0.8094528885554896,2.020930951816725
0.6003318819080434,-0.6511879432408836
0.9578695728546303,0.4221399236539437
0.5784780444093804,1.343317141939379
0.935382772991505,1.7237859546789212
0.5772616693798037,0.16104684052207383
0.5897311841852444,-0.5023609368151629
0.6330741309296809,1.292510062898036
0.5704523369616004,0.14585009492182435
0.6085114985999612,0.46862427947976815
0.7148862700769778,-0.42876153168979103
0.8720468511950392,1.5354249307999115
1.0058265456568594,0.18928204214004019
0.3882223703496769,0.3924507417511783
0.6325682042301487,1.492642653887302
0.5975885195779504,-0.16919311420236227
0.6968444851825917,1.4858088202599324
0.6351311574429834,0.05042659018219764
0.4505945231577712,0.7542967855340972
0.7636504297170845,0.5013374623721196
0.6170197499348438,1.4430531368598074
0.6506590588384908,-0.3420019219755968
0.6848495646597588,0.2944264789906829
0.6107175045522745,0.6828449666608202
0.60881370715102,0.4367321475956464
0.6145720330305203,0.22259235727053758
0.6022454683438686,0.4364077942364504
0.48779239817927816,0.2500619358229319
0.43206810990033573,-0.13212805425662855
0.6010621317030175,0.8156605081236807
0.9672641948210413,-0.782953184019914
0.4784959794635643,-0.48605379236306706
1.1812623137602085,-0.002729754612147084
0.6117719429851435,1.2455055927518948
0.5874398130913481,-0.39470040911277976
0.8950549701494854,1.0725642592791746
0.8736350507765611,1.6307432324241617
0.44199675238103975,0.5809617160121173
0.6042300106328239,0.4984002169367251
0.38085678817817525,1.3773732646089627
0.5925171611748425,1.881614451954365
0.42295443470552085,-0.13203583400513547
0.9232348140380224,0.6950360630291575
0.9573549314742311,-0.3580493519316061
1.2187647214982522,-0.22413235182245608
0.5134418842045364,-0.6937788880945568
0.8933341919445659,1.2291526533914856
0.42440085872654215,0.05809123912417721
1.13615958655788,1.1192603725957524
0.8857001921046309,0.7111818418637617
1.3415120803993679,0.6337313926589723
0.8602101981618179,1.4732143467666887
0.6392032577571244,1.191931822958584
0.5965073858150189,-0.11203478728547686
1.1808552097966218,2.751221424389633
0.4961560870960376,-0.25154536465484034
0.6553181349894687,-0.14906518869897292
0.9823803519781955,-0.2645686413539074
1.182631542144998,-0.1946593561752914
1.0059490619106912,-0.5591948214456853
1.0999812482398716,0.21635311531776968
0.6066032784456211,-0.018745944035481743
0.5909777831903251,-0.14180348123511669
0.4803246602662373,0.5156219774427764
0.5788181444702155,1.9686652499647388
0.6416935417300837,0.24860602820320588
1.0394342434815835,1.7612081689531678
0.6172456820193698,-0.36126718154023924
1.2648568079465774,-0.12380885153604859
0.6038915250398453,-0.22559775050702924
1.034793491310387,-0.1093697061845211
1.2922419003729422,-0.07258649623939048
0.5991306602665247,0.5062669551426028
1.005238380581227,1.9111684889445542
1.0413397407199514,1.9815672372029556
0.5748839954117263,0.5933307464656883
0.675254832960984,-0.21834553580238916
0.5876238982848747,1.2120578949954721
0.6290569353805551,0.752195070525484
0.6281629068760102,-0.29737599722935365
0.7588861719865981,0.8612079245822881
0.5538777658494751,-0.5849009905117618
0.9784683312504181,0.32629695663765995
0.6445915653027955,2.1720584454518677
0.8499267532561326,0.8820212464111585
1.0121168681609394,-0.5038893376701981
0.7299153767088887,1.71261294473632
0.8909199791658131,-0.28177992145907543
0.8890668113348161,-0.47314851563691784
0.7885217491356955,0.9293757690706288
0.7243849608834163,2.0154772580973797
1.1901447301025154,1.3233870712369349
1.029812260502595,-0.55004138991185
1.1540965852533578,1.3037909389921074
1.1263228122269662,0.18825694869408266
0.8667060282748826,1.7530844890679962
0.4367559784594628,1.8297114597705355
1.1837593834175477,0.1600759230891351
1.129590339137963,1.0306530632216124
0.6124618883781264,1.3787594993153087
0.6226269392881403,-0.19031777769707325
0.9909208451781064,0.9124441124415023
1.0268638422128122,1.0148086915265324
0.5591061536645614,0.9063775408517689
0.9080699491540438,0.7195069489811521
0.5850197458148622,1.0103689099603985
0.626711999846618,1.6637292578721574
0.6687790479426027,1.3504336753705624
1.0389328120184107,1.6022964333300669
1.1572174204788908,-0.36206869488037646
0.9557266594361542,0.9901338531520913
0.5511066688959881,0.01316030052482113
0.6035530525270698,1.4273264268288155
0.9820019548044567,1.3598257880095834
0.6194879127953773,1.8455271623040115
1.1404888363632701,-0.45365641539991464
0.9731082786733849,0.9507669473795004
0.5840080691185595,1.277179529311488
0.4915405705875216,-0.3412300930742325
0.5588278817390919,0.14133163861852965
0.627435795405367,-0.4620530344655439
0.5820755857428827,-0.20115244030464638
0.6091680861225639,0.9193811833948955
1.0213607060216634,0.6688399005776574
1.0883639959070548,-0.7453630629742641
1.0690615097001563,0.8220666853047307
1.1087230607303378,0.0019738803789184634
1.1120128372977416,0.124140644840669
0.5805711141711102,-0.5653411349759109
0.9818559560178108,-0.03700204358179517
0.6098195674257018,0.32156776465804926
1.122027436695578,0.15051649816673773
1.0073705337796397,-0.49319026456749215
1.1099860344102175,0.991398005158917
1.0142776352177234,1.8384832951394245
0.9360751143537855,1.2451681373055208
0.7241453852886484,0.9649953002874743
1.127805357445909,0.35071867610667945
0.6392184862731403,0.5806826650732986
0.6012414313339206,-0.11884664499935135
0.8432639181255391,0.37704268470005137
0.7987733867792856,-0.34042033693792906
0.5225832225207699,1.318851398854748
0.5616299025869471,0.6234326900514364
0.6261275006455898,1.9892785373955446
1.0913121636660346,1.579898077336579
0.6623198264198524,0.21453705797574452
0.5470006773275786,0.4623620493910996
0.57722064825394,1.7886676682179938
0.5517526657906301,-0.5228287357754853
1.133701893744892,1.0956395537713732
0.951786648009709,1.6178984477414187
0.7465129733518867,-0.22893527135531508
0.600830560296562,0.5938857563134996
0.4935195649733881,0.31003074588280616
1.096503306915353,-0.20443314176149555
0.6015479951878646,1.6565237014627454
0.5661169121676188,0.20581619625323305
0.6431402128055355,1.1568862462858283
1.2234869701728832,0.400031566380185
1.3016963159815882,0.9741880363170875
0.8000254732748067,1.4127241231117402
0.6099155188377734,0.9612226088895535
1.2476499425924648,-0.08760434633137462
0.6182465387434051,0.06724406812727864
1.0831993801017175,0.8385619848814164
0.6058767612198853,-0.33843319243244185
0.6634927736028696,0.7150317678303446
0.5441110464593089,0.8274101230891446
0.6320751005393861,1.1462772625951374
0.6435110395722418,-0.34810014583719073
1.085788291737273,-0.12656470728939073
0.7812486881018372,0.6522315741180817
0.6851417950157596,0.8754468322216284
0.9522170550030784,0.7828393557747063
0.5976273992777518,0.4522331588655214
0.6354377935211254,0.11545526809780217
0.5320191368702516,-0.2031662542829766
1.2193410943343146,0.484832268891258
1.0060037453933235,-0.23861132134994845
1.246103435274789,-0.42221347102229945
1.214304858572641,0.8411433701542108
0.9254072316974198,-0.4557949435661605
0.634557435470746,-0.04811999832082686
0.7947358943734641,-0.40086186139656155
0.9534989828384928,0.3953780724611652
0.6360470072987003,1.4780776991092295
0.5575346875707523,0.0630981658726773
0.6075921939573065,1.8278117222185122
1.308141320669181,0.13323160689689767
0.6135183396769739,-0.5800582928087414
0.877400104021728,1.4909244651607756
0.598812007710249,-0.7282043072956941
0.6610587663823331,-0.37197334478280686
1.0848103232676527,1.0870304256129888
0.8545663295323496,0.14522059594927017
0.4483115075003796,-0.0564466600140074
0.40521117131298,1.5478068118789778
0.9186143941749763,0.7018790014884135
0.5359729962506267,0.543677337761092
0.6002133139620455,0.5951546094466746
0.8748118882793149,1.6390397663493286
0.5762916014277508,0.7783308704175413
0.5989993233550016,0.291684086017425
0.7419264866224351,1.4295417205119214
0.9462608256619565,0.5282470015140815
0.6580913920443461,-0.3085146371338928
0.8258832574945828,-0.08399269012895591
1.0866550599588556,1.0939088154130612
0.6721568624488947,-0.1927093878294478
0.8773684550587543,0.49468738969073756
1.0210398141460622,0.5631005437515243
0.3971957568992488,0.16255471271405497
0.9902925920919334,-0.25946307361130255
1.0732517789776599,1.1233635516406766
0.8034812902098663,0.9111460354556249
0.5321359684426754,0.3661488204496786
1.2450785699213875,1.560391184247377
1.159279296589802,0.793012250590845
0.4782210047413787,1.0539854084583005
0.6002878492625143,0.2613087915955443
0.586000887516646,0.46089744472668
1.072490974524324,0.3313567448839852
0.6124923064461361,1.1775590131880942
1.0853767322676298,0.3473784131248396
0.4039605497763106,-0.39958610338561423
0.6405863881869458,1.1615728325903043
0.5071534111530747,0.9202671370094517
0.678693019381954,1.6899972025376246
0.8739754357086511,0.8008245834660574
0.5830941553505494,2.294265375595882
0.6000916621575719,-0.3904852324172656
1.1345133203778472,2.3529490914072797
0.5159111024889607,1.4879608235673025
0.9048932866535809,1.5414820675637595
0.5589872867490671,-0.29976250603813026
0.5532784719654186,-0.31766351936056597
0.4902666279412793,-0.5607567840005395
0.5729135766009074,0.6834002962043955
1.1207515596689523,0.7616461030595927
0.6006672954396791,0.5111600318248389
0.6005033152019547,1.4290810961604172
0.5463229313977014,-0.22357127593886528
0.48680291521277397,0.4434467379351417
0.7813491120327103,1.1913189429653817
0.5956484736219708,1.5245769773163533
0.6088525409053207,0.47821289216382507
1.2503063510585943,-0.11381869409069215
0.8092985564678689,1.5715884720158133
1.033654080940201,1.1314186401723125
1.054986569677216,0.7060718642648436
0.8085780452294955,1.2242725139728032
0.5876435811404517,0.2631638600533807
1.1623727362305385,1.8388911336336018
0.9142844181835936,-0.3122418022612834
0.6039092547815077,-0.2661741904987194
0.8424287990061647,-0.723302623431642
0.9366080472753918,0.7127893170943801
0.6726921204788782,1.3323571540529777
1.1288887532363723,-0.19115418330920167
0.5158520603665978,-0.7696574709404183
0.9623620287253871,0.5441251817791468
0.999581102148337,0.2420046832892329
0.6999943427574259,-0.373217626459524
0.9745870252071875,0.25502804571158605
0.7394238318895529,1.2809954476836998
0.4182701251462437,-0.20233115881352792
0.8981186162128802,0.38982999160817944
0.8411011929183381,-0.12113955949955373
0.5801594595305503,1.0896192686770627
0.9574699249835215,-0.33416552865636795
0.49646784164014984,0.5496229940008936
0.41811364839595,0.7434568823441041
0.6310460164836545,-0.31163779382200407
0.5184660654141886,0.4558975009114402
0.9446176937537614,1.6366236657132116
1.000370485677238,0.9341284585911771
0.6070937822879117,-0.32527344043159356
0.44165329539910425,0.4571982531928029
0.4934056761188378,0.578783312272587
0.6391926594612961,1.0522294934412435
0.9893235162137857,1.7764592911059225
0.6180022953572462,1.0129422176360727
1.3277882000964076,-0.04498116310770478
0.6243813957786388,0.7040142587383549
0.49403954967287356,-0.38422998305844336
0.9042500686878365,0.5144695381706994
0.6322417916122003,0.1596987946094981
0.6089000335623423,0.6935975539614181
0.6147872648804424,0.7902861374733046
0.4572772777144326,-0.40172984172604387
0.6387670977609116,-0.451427379810107
0.8431601137305789,-0.27211961320644734
0.6636416691368581,-0.71341503313832
1.0469671755800725,-0.3038089640044105
0.6292115154019056,0.6795839819564202
1.300380971537665,0.296690135409695
0.6841435725905203,-0.3497222578697004
0.6147709957899969,1.5407919043519596
0.4999418714988887,-0.22907965150393328
0.5859037348248515,0.4954352759697648
0.6078801958600711,0.09971995283604689
0.8175746164548432,1.5869773378916665
1.0929983850528715,-0.5576209695061525
0.627436445337848,-0.11931993533579086
0.782132535990361,1.402916092259063
0.9787911493251016,-0.34939080728740074
1.0302960095819595,0.5488089371011998
0.6366730313342845,0.8489134857547098
0.5995628432195654,0.5534921415342717
1.3050603630978668,0.24120067177625049
0.886345076955693,2.04337103010952
0.9436273866284425,1.5708821392422856
1.0380447257293408,1.2523902558873234
0.6307074316705427,0.7180020359624609
0.7093680294097162,-0.4984073968343577
1.111543956612929,-0.19172789149497851
1.0383577827944679,-0.31688122080417025
0.9718287204097635,-0.29603838853469444
1.0189366519547718,0.05250120993603821
0.5921154098555049,-0.23585822669378467
0.5733813662307966,0.47191370039013175
1.0112079547566764,0.4240358507990852
1.0772800036969863,1.3794720119692148
0.9276168159192789,0.4046920032224578
0.6341790644266159,-0.6049742635686145
0.6437007316639995,-0.07501523662101117
1.1904203144285412,0.9492685762989478
0.9977413985213774,-0.05838747086127344
0.6572872129142401,1.5355508045564459
1.1044356472007368,0.5562820826189953
0.8679811092550163,1.2084994566779614
0.4408468741381052,1.2514525393516722
0.6122725368409332,1.3673223992588845
0.6187169007244926,1.950956406179017
0.5910771741584763,0.4068663838042457
0.934862140959068,0.8199654854261216
1.006208875416198,1.2354072957987658
0.6313021733044158,0.1426159806099368
0.9535599521668199,0.9847426082040468
0.6420448362007662,0.3714023380916911
0.5366078672177872,-0.01785624178910261
0.5992491437044298,0.478615705606164
0.5904197727517242,-0.007275030869959398
0.9253304072638076,-0.39687136048683896
1.0340518824816278,-0.18611665082973539
0.9738505463660299,-0.24489477898423528
1.2560463485499511,0.5080689304942742
0.6551448650306204,-0.0765267513237343
0.6084085318438064,1.542380753370871
0.5179852957678206,0.7690914135953955
1.1675783587637032,0.754163101446083
0.6453237735775048,1.7298608899285852
1.0723627635202864,-0.015181586832849436
1.2700690598448887,0.5906801122316048
0.5182524731304929,0.5841940552644476
0.6043067447837229,-0.38658224807519836
0.4880872677509716,-0.25080176687520267
0.5946738276888459,0.6251749101100551
0.4052173982692338,1.6075336197906058
0.6879137782433176,-0.4247276308601692
0.8475425778607678,-0.09240578814734626
0.8112462089765381,-0.631269494078176
0.8844939951589949,0.4799812079121273
0.6276554631992717,1.1675457537147953
0.4736057616981836,0.3884353394148334
0.5486066188188033,0.870996596281574
1.2151616610624896,1.8749323646264184
0.9713977516276459,1.6570307740224988
1.229548973009137,-0.1157965350961589
0.9970808430091345,0.4004851102965242
0.5079760113788043,-0.036678483899728054
0.6218171489394944,0.7740969872529286
0.7407412971612557,-0.3626142546802249
0.5527772670367836,0.3883528729716338
0.6594541514338624,0.15408076368299203
0.6117464064454434,1.1018864584051378
0.4671038480703057,0.03285139855698932
0.6057997033483604,-0.43436064181206596
0.7892123621416423,-0.10660510280596885
0.43003806777457043,0.8181870611997116
1.039353305808723,0.6517940217516657
0.629113983164186,0.6322944010415851
1.0994077420537776,0.32421097382955805
0.804418401949839,0.2363240086667054
0.8678330656853654,0.2142248179218684
1.1639269786033501,0.6549484082818615
1.199914487155289,0.6255302472784834
0.6468565471784526,1.0437492571218228
0.5023079475007988,0.2796284629974799
0.9160663325458016,0.9640439413068114
0.8255980400043093,1.2215252848595923
0.9694766203028309,0.6285052460680766
0.861635478451912,1.6180922502426847
0.6104613033831692,1.6269232774765943
1.1711067387230885,1.1216685854050057
0.7721584986280827,0.31785678090022235
0.9224210778808724,2.3231300143488394
0.5757051885351178,-0.45162323204119836
1.0895200109637586,0.9493532286911779
1.2841314757429125,0.7315612404376173
1.138539507202976,0.7213654222647226
0.9992854041589099,-0.45159132152873094
0.6483396122175853,0.40946579478737377
0.6290219645194712,0.3663661645724054
0.5956794782947404,0.22420767091569704
0.6155790116139607,1.624382193389065
0.598890435152661,0.9151185021276291
0.6042420695390708,0.35407535169886084
0.661436822541783,1.0821723164952568
0.7884158583575225,1.2639104067920628
1.0546812554648743,1.3309370240931835
0.6190682463099733,1.3634300122628324
0.6696165280604749,-0.5541457274301007
0.7033469854790678,0.635152444639221
1.11125029249137,1.4235399622599165
0.6215931435126595,1.175287217083152
0.6057943458657948,0.8301270685947704
1.0118878106584979,-0.49695641407166524
0.6765436958353017,-0.41861515059953436
1.1152138654827402,0.4964691576665994
0.6906854976042146,1.068800820000213
0.4285493212980142,-0.037830145610127125
0.5824848890773464,0.11824100622220651
0.5345991146023451,-0.6234812313758618
1.0751377681034464,-0.17215049027333168
0.5995075264204532,2.256931061131245
1.1501008813811207,-0.5042763086911272
0.5685651214265952,0.21134819058603344
1.2419431092738575,0.07928532877665206
1.0013239737223656,0.9967570276814791
1.1388780095633704,0.09885813039971042
0.688395704778136,-0.6154075462852846
0.5827736777609116,0.33251971892890725
0.6075844333347682,0.09515998810313617
0.6731287332349365,2.0704517170012897
0.8961599476653234,0.7052583461743159
1.0664312442283315,-0.16372847222879225
0.7600270393981965,1.5041331103979028
0.5482709946206469,0.09169772859585457
1.052620845841435,1.630298877732042
0.6184077934466289,-0.6715764458415858
0.5988856260222386,1.2867301573414802
0.5654968283209652,0.13474309208227137
1.052249382204224,0.8540202449481981
0.9452473240700197,1.2452477698455822
1.0043606336480022,1.3293570706861904
0.5997184302153322,0.2855662137835461
1.0426520902032144,1.63433016874518
0.6526715296595736,0.547795463205924
0.7013528466227466,0.6983631208012937
0.607692882768618,1.7927268222557207
0.6276243081015395,0.7542391718617558
0.8720093916198113,0.26166947751843317
0.8880007187798579,-0.08646791058036932
0.7139156333902513,1.2209546496140897
0.899738873028366,-0.07151617986307487
0.5791167753499615,0.08423264379979536
0.5224568790950151,0.9675924432475712
0.9926475921412732,0.04965300250119714
0.9909276437972458,0.21156507178645556
0.9600322818430529,0.14949094061091248
0.6115940783512953,0.031244545083889623
1.1876371400831456,1.477982237189134
0.5982918120734876,0.02726640766746577
0.5955892544365913,1.92660978793584
0.6098799040705546,1.5992542178787401
0.6024529580728134,-0.09819493382295656
0.7997681839529653,-0.4801588742612493
0.6635835133575811,0.3668789314926657
0.7861704083544336,0.07441551967453536
0.6431240974970337,-0.3181460709416803
0.9867066210024902,1.3005859631846877
0.6288451238403087,0.36504441644433383
0.7005809389813663,1.3630225204349524
0.5428242483883259,1.2884428187266512
0.6157493886876602,-0.10042492916933149
0.9815071486230569,1.1647077626845777
0.9764077830080993,-0.09280823988092599
1.0401866503096948,0.4473373119800826
0.4637302890039834,-0.02472921778460755
0.8051574854456843,0.5761037459413628
1.1253383268815953,1.22065825602229
0.5628922562446912,-0.5920797847035923
1.0674864527329047,-0.06375657843927701
1.3105408954700126,-0.1576706203972035
0.6131305704845453,-0.3455721960717718
0.9634025550753387,0.492640556077408
0.7609226602750889,-0.5830423345611886
0.5475821492441957,0.789748194250566
0.9064709256658963,0.4121634044179928
1.2434070082478108,-0.18589604329043385
0.7803862713727118,-0.43548703853734094
1.1436243622020963,0.40085038063825473
0.578520269875926,1.2655659489453532
0.6905055182978581,-0.3346033705204462
1.0547425619337538,1.662019864022456
0.5827054536761187,-0.13192553545208346
0.6059760811818902,0.6810400304295476
0.6182825616280652,0.6817955361815335
1.136247626045026,0.189903222741686
0.4554835768226808,0.47690958050735316
0.5581512352333139,-0.6265704241725749
1.0221015076682047,1.989978785033168
0.588421775889596,0.9864047885349019
1.2025069305591736,-0.6262103763248614
0.5055634565395218,1.4235238875985914
0.7772732497047973,1.6036106311821605
1.0305086687137526,0.787598178827775
0.4962262669291385,-0.5460688039817599
0.7438029838299678,-0.09210618299670266
0.7433481250843914,0.4896187107915976
0.8759819211269662,-0.00968470548688033
0.9557565785151763,-0.2728726754634794
0.9443518819690767,1.692617798871681
0.6141191833471354,-0.3582868418678577
0.6120203665905231,0.8143080597908043
0.663577150238581,0.708667130525162
0.5088713784535475,1.821412593342985
0.4195165904103073,0.17192983809370277
0.5092927704084416,1.8947254610290578
0.4892596582078006,0.7387877279266772
0.6205790301566164,-0.3980186430862446
1.1517404700915492,-0.5245131108746369
0.46965881899855166,1.9971488730665872
0.5946749475249541,0.501717884643662
0.6017453242791164,1.7238344868502302
0.6087705125786227,-0.06306270285672323
0.6053316026145725,0.27059096257880155
0.5654610355662661,1.4725525469115515
0.47349962082808716,0.059876915720514845
1.2270646586995733,-0.34133791231062804
1.1637261029100598,1.8404667059046829
0.7794398003066577,-0.13069432124372884
0.5874919148636837,-0.4109654395000557
0.6336892089720797,0.8231591469070203
0.4370591964781026,-0.13497911825099218
0.9715473976676035,0.1405774058149502
0.6960793341414311,-0.07132934358514333
0.622169720732499,0.6942849881108424
0.5799866495902095,1.0995026260901644
0.61770342140075,0.848432919092705
0.43347580815926634,0.10791037450610969
0.6512229728679895,1.3045451064403857
0.7502690566428354,1.2139649796330332
0.6101388405004117,1.5028189535592806
0.6492684603029962,-0.18410164116731653
0.6031966850443566,0.06411163017865462
1.0259239030740517,1.3001119436980941
1.1160509433824786,1.2733366889902258
0.48157199660276473,-0.14135252164953752
1.2656451122888195,0.6970922544576316
0.6064386749262107,0.10966516299980647
0.6791261464983025,1.8019580932126873
0.9449776365935874,1.0149678565029419
0.4785498127844954,0.1203555763896493
1.1108306608450038,0.39406677642242927
0.6053681143613413,0.07987640545998509
1.0888752752250463,0.1289129227420421
0.4299359515435003,0.9454109063847669
0.6078525711572513,-0.2569819952237318
0.546039549649507,-0.5925742434222627
0.6124501635189307,1.2773146946289329
0.7947114701641995,0.13273796363858972
1.0899603111148692,1.091733547469295
1.043458389980269,-0.4241412583520317
0.5728766354677691,0.6334798692002124
0.7821763312303198,0.7289953158741276
1.0156260141263447,0.40894606507902165
0.8691424339387763,1.3926555791408664
0.6136626510922809,0.6400644549983259
0.646766504605891,0.10085058276922182
0.5954523269549679,-0.6016537729910184
0.9450948462477452,0.48241949427969105
0.6124700755379658,-0.12564325349292108
0.7644468062077918,-0.4483952757495104
0.6598608088579347,0.17044189345923738
1.1112736742592033,-0.374535330039516
0.9059264835196525,1.2078574990329565
0.9430658672485178,-0.03772875512970661
0.5809012257618069,1.027150669472236
1.046424102706551,1.224518806351577
0.6448753908332671,0.9581118436402218
0.9771195196062405,0.5410252372117175
0.5761684096424551,0.06267062410327293
0.9804150643895582,1.2557125095264692
0.9883524004660926,-0.467081792251939
0.5099104838159273,-0.5717926574817571
0.9982746734245509,0.1978709543961764
0.5949407088974739,1.6731281377537426
0.48543553515448584,-0.4684988380054576
0.8284702232770866,0.4296624642789138
0.6200836477897651,1.2756750985932697
0.6161414819267063,-0.35774510214208977
0.553377421619117,0.22428696677455703
0.6145040958202409,0.6015158143898084
1.0314667152204697,0.11796436087891575
0.49331239886771905,1.2361454351863268
1.2186077401382536,1.798564110777964
1.0390797993042642,0.36348161732761725
0.6378057723017838,1.7619350749804914
0.938056952706937,1.0297996038128379
0.5977765250563436,-0.38781172132151437
0.9689797944269523,0.6023711512260423
1.0564241851631764,1.1187923520955678
1.1425611717499966,0.3082869344537036
0.6141196166059667,0.5705262993761718
0.5109875604915306,0.8546538221995277
0.6872218890441235,-0.37040120472205257
0.6706026407764915,0.5209655561107639
0.7824610694685065,1.2773721350711245
0.9268183393775054,0.566830308807571
0.46086993097336454,0.736404391029275
0.6044674479262224,1.064085458274617
0.5955696467419392,1.5335248232891585
0.9283850441555435,1.157472774648364
0.6649364500121464,-0.25550514774423644
1.0403035149771016,0.9724854024301426
0.5453387730515412,-0.3120103782539511
1.1598608432428827,0.6927032290959897
0.5859183197411967,1.3258122165247026
1.0147770421104703,1.3224938681973988
0.9620997069294506,1.8467423619308319
0.92319526252154,1.190471211758603
0.9667442963314652,1.1864944670989832
1.1168194884051554,0.46655740646213173
0.921116882617833,1.1973640500330878
1.1756111682888781,-0.3382427435178512
0.6141502903905441,-0.7953796683800948
0.6057673788521589,0.14467385792242723
0.5780049131526741,-0.31855704769286963
1.122214728758951,-0.27633264616766423
0.6008983761106746,-0.5808091004517884
0.9529993772213852,-0.13600210276665833
1.1181692595775758,0.9871406331275099
1.3103442955809332,0.6460189039574874
0.8131290535977695,0.5936132275937659
0.6166702339269781,-0.5137396286352082
0.7798026479782322,0.13839065608883402
1.2412373550653177,1.2249206330565359
0.5239082053527501,-0.2617990297827216
0.5126305884124241,0.7478251447783075
0.969606472096046,-0.08476108564737604
0.6745508540958997,0.7796779832018801
0.5055487794553792,1.362065328361656
1.2402694907214649,0.3432349042663512
1.2539203892737305,0.05051975332580391
1.1898070510459149,0.40326024390883564
1.0081872353120174,-0.17457587075269299
0.9905317276673624,1.3641457362248341
0.7792960384310084,0.4336925034439043
1.07504703894306,0.8831532497079484
0.6039447786335598,0.875681086868113
0.663216610695782,1.2770800869085315
0.641277680146433,-0.29281301820377975
0.7746289828230529,1.394916493394386
0.9051716586337181,-0.4077706815365895
1.059701286844333,0.4416102366385364
1.2203077681199253,-0.13563588322131379
0.6129116734613891,1.0317790497179917
0.5816202662874319,-0.25465661904894554
0.6052734003443315,-0.11910659612085087
0.5946537053979551,0.8450787963753474
1.0489400300302703,-0.3531777511652318
0.5021262097867725,0.9803045880329072
0.5762824935497672,1.1510382072733158
0.5671855404171623,1.3302200431480655
0.4547343095318339,0.38324909210714975
0.6049893878192356,0.7990377559444164
0.5468626481842227,0.36974881911462815
0.6006712814205657,1.6785948660558914
0.3588895513421147,1.0428188187080487
0.49403828395854166,-0.07433135217389453
0.5653248722878192,-0.6312053897236651
0.8965692931179756,0.9256896605389976
0.5761865543539214,-0.4110165978798984
0.6617352299678173,0.6493997183973474
0.6156874105246081,1.1798646815766312
0.6014585979328846,-0.31528744535709463
1.0159423235001848,-0.3061165106015582
0.5379239746366351,0.7983604185294169
1.1225606434961628,1.2350373095750011
0.5830647843418123,1.1793162464487565
1.223341877780922,0.043334101835904165
1.0964342892226602,0.45102919081925896
0.507451124668078,0.1769940937059703
1.135883509701556,1.9288282139161885
0.6053722679268045,1.4552053003447112
0.9435534342550617,0.25582645964510514
0.5267426542160272,0.7858597606730107
0.5780175342046776,1.046720151908698
0.6169778579226203,0.8387318969722365
1.0948119721200757,-0.45986132910214583
1.0311501627421322,0.37069859294498303
0.9985976201010143,1.312765222626846
1.009432736066368,1.3267496292877952
0.9621546441864739,0.6832869689001743
0.9296828110519143,0.8045279594650148
1.1620378639456461,-0.30903726231905526
1.2190915665120474,-0.6067956585285447
0.6254542915118634,-0.006334576000413282
1.0627623443014365,2.241817084998816
0.823900774972415,0.5791910974728545
1.0726234979643317,-0.3302961620417537
0.6105412897187986,-0.605192943855298
1.1818622941427195,0.49072699796469094
0.7763441572359907,-0.6181984781798522
0.6627272441267241,-0.4474882734296364
0.6316372632773615,1.2790174731777535
1.0640849824086092,-0.026500698923178218
0.720249967425394,-0.4894853529538782
0.5909759369883265,1.3383068309569612
0.8084761090269377,1.130931221047897
0.60909805130302,1.282697540951937
0.5807977614280014,0.40041516282374956
0.4249267613654052,-0.29559625332155254
0.7838478350099465,-0.6860813793061311
0.6131977419705961,-0.11708022701385118
0.7061390529918057,-0.13555724596057578
1.2065152354397817,1.623509952542507
1.1194618689332292,0.4896529629174626
0.5831156073647641,0.5685720536928031
0.6109616399117848,-0.30964678327872347
0.5429116427841733,0.6450766223694511
0.5081891854245103,-0.6936288129168136
1.096939070092259,0.7414149365526796
0.636762975717861,-0.4824278884056318
0.7785460479723173,-0.1637932344197896
0.5182583583341747,1.3423127702106896
0.6520962912720968,0.49938994432698913
0.8284696422457423,0.9298385033316952
0.5709355139531076,-0.4347805268770454
0.6379212388007314,1.1208253543858155
0.5938100553607798,1.157336543295989
0.8227868826285589,1.26814083506966
1.040984416439848,1.6322969995779775
0.579658662539761,0.16984129326651493
0.5931233235501442,0.44877432311973536
0.8145713206660412,0.8988420846927991
1.202045790528806,0.21565441070465546
1.121139944204557,0.2765262333355611
0.9598204939050718,-0.2463979809000397
0.6071086186323804,-0.18433646160978379
0.47969427740952614,0.22133847213209423
0.6333120724909934,0.7706655500352461
0.9770944251546201,1.9677959571947468
0.49855986825445014,0.5493474800275935
0.9202872359320878,-0.5445307140690557
0.3772520417340816,-0.06844839308127039
0.6523446934889343,1.1074586378941544
0.918528303652832,-0.3044281703860905
0.45942787955937486,0.9207600559000206
0.6234999229317619,0.9165202255896256
0.5947797934637638,0.9867367020959683
0.8522171918900301,1.4162794803581549
0.5580328593393565,-0.1435089512497556
0.6292443338313295,1.3836107349069975
1.0391653610788414,0.18638180182412478
1.1760676412049251,1.2662055210104814
0.6434056206573787,1.7543541418060586
0.5863970460437027,-0.5818458577794481
1.0510475088248061,0.10703105912785724
0.6714758593686843,0.021354437084227296
1.0530029093331557,0.9942228030253455
0.8439582535577721,1.3594773564429938
1.027662399465669,-0.3628434330620613
1.1227148834459058,-0.44194389149083846
0.58374390622869,1.671027083420688
0.909815514466231,1.6048976550721932
0.748540086758384,-0.5787695881351482
1.073579271320273,0.6334932112881595
1.0595087966110672,0.7192064683818759
0.6371260075105518,0.6543465698131405
1.2309628373640895,-0.2552576732854122
0.6895777368115252,0.22436858754473737
0.4959652698710996,-0.4066119925952778
0.5919654363976362,0.8947750737455666
0.5706414832712366,0.6747430074515355
0.9845581721471324,0.46310298915015524
0.6055605140172361,-0.15468975226358095
0.6278803695974176,0.8587130293452576
1.1480284393096196,1.2200693432430392
1.203867482447112,-0.3111788527167763
1.1040031230350127,0.954821573845042
0.6007388765092789,1.1596644259974997
1.112832402841358,0.3388426611951836
0.597187730047257,0.0919411595839098
0.6102523429545814,0.6952148386677561
0.6281306491310188,1.55929407846599
1.0652691361594453,1.2189446429132325
0.5979072645040928,0.5462788389422892
0.6136152299730382,0.9100692935656405
0.5776485399211471,0.9649873988462401
0.6682773336758492,0.7825835307970704
0.6014520982444176,-0.6240395392791777
1.010597654102543,0.290683790246731
0.6382222706547463,1.0080994870170568
0.6039550263824824,0.3882581315675804
1.0681449103156029,0.05126228940767438
1.0619677195268369,-0.21835053634504414
0.6690291120783212,0.8550992317353798
0.6014826748800641,0.2618675654048288
1.132383413464501,0.5174390469623229
0.5718878941370797,1.5861569823597899
0.5573242116266858,-0.3986139131314518
1.075719377072951,-0.26549890009420585
1.124943668102952,-0.010809860729607823
0.6273093159198946,-0.10829309117944538
0.6687433451037179,-0.3643027717598821
1.165565191323253,1.3942614977632224
1.2134443404793553,-0.11089259164923476
0.5945965449219213,-0.304886884332586
1.0098999422927555,1.129583712020298
0.6045383639264434,1.1359078875181805
0.667452290670384,-0.5284942313684275
1.0389795207457289,0.470365541037878
0.6021445512306101,-0.10953045567733136
1.13593000212934,1.2354574505673344
0.960904950770251,-0.3911725356080754
1.0270248804015514,0.862642570613646
1.1547321922579514,0.5013898232108545
0.6922585242102786,-0.6106996868629806
0.7713003487837118,-0.2740714352352551
0.6075845294184012,1.4759863516626763
0.6631741933184228,-0.1895793862515557
0.5973240111774004,1.4660493465251099
0.9274292896648094,1.0226476653506889
0.8099975119508126,0.37294859322805096
1.0582950264589832,1.248923128418896
0.7561756672708411,-0.708131485874531
0.8978210159693534,1.0640987982474175
0.6609728715318843,-0.014485369770398257
0.9297353888924389,0.798254619049651
0.9159798879191448,-0.41354349650188305
1.0026401937043994,-0.13250590253443637
0.887507161754511,0.7025203104606933
0.6641582074212322,-0.1770599437125371
0.6064908863415851,1.002420341849155
0.926319031869778,0.10834639098893706
0.6037112328895302,-0.10778988658503608
0.6979958874585867,1.4769037184282126
0.40309994367199664,0.40167501968404534
0.6369678671843746,1.5546761461861949
0.9285678149739618,2.0834725533927236
1.1259966027097879,1.9706073537302846
0.6256366578377559,0.5547446137107781
0.5953010338178598,1.1847539774826836
1.1217601567251285,0.4825343262102274
0.5600059532434721,0.624728581910276
0.7935910320078947,0.6481515806445268
0.965605682895585,1.36921198582343
0.9288947302614297,-0.01808541744433124
0.4564673945664653,-0.610675013813545
0.640119277614378,-0.24762591805170225
0.9419861301490318,1.1237637158532836
0.41342118789893767,0.9707463638660233
0.8847677285080777,1.6817457064556915
0.8501004360131459,0.9460351563323499
1.1293196397422685,1.9505711812814073
1.055825314514965,2.2296098788950705
0.9355281712618719,0.922977918031238
0.6151720589173268,0.45163800106545626
0.8581131996858884,-0.48344208502709335
1.1545320689431036,0.5732821894664668
0.6141300993734169,-0.37463035240058423
0.39559595910270107,0.4254547299806924
0.6045897330099428,0.35035564428567056
0.7875630297395433,0.5685729667873762
0.5856137969809094,0.9828684600569507
0.5968007325303157,1.6207915426940191
1.0497837961029464,1.207487623671609
0.6364474535040938,0.6539371051574074
0.7889257688223941,-0.27247755793297457
0.769207719516919,0.4029610926675524
0.6651944997749039,1.3556281562711916
0.9941707637909973,0.32610221816167734
1.2014711498290551,0.34730286906149044
0.5221534704786284,1.21343012283137
0.6067200997563577,0.822117479291383
1.1380774006683514,1.444502786587684
0.9139219083451475,-0.1291045232504136
0.6060106167434789,0.34883264492850774
0.9420673193212596,2.2023055191910474
0.8311703101784649,0.3447934824588168
1.1064441095208417,0.4125883872275952
0.6417255841944136,0.6254219382229778
1.2648732533189262,0.8147003563890147
0.769736485901142,1.227083403375485
1.1633113191254958,0.9387927455985011
0.8775742104107767,0.47352889494545125
1.074176939635623,-0.3890509077745494
1.0154339430996129,-0.03544541542624979
1.047431285059286,0.06010143651959651
0.637220528376543,1.4384292094200455
0.5528289595280901,0.21269223783848484
0.6052129287879386,0.45278600043828265
1.121327038699538,-0.5545190635825127
1.0364857777768826,1.4048488444563791
0.7262487779919481,-0.3356687905520789
1.2277561879227077,-0.5173782930623798
0.5805748831659208,-0.3738324870956936
0.8437470122409128,1.0779994410112819
0.8928984157183601,0.5033939948438928
0.8713108359307746,0.2607338248802026
1.0576573303417263,-0.08522462340808215
0.650198509355116,-0.005559813248444664
0.41526789596682734,-0.34667503830197566
0.5634301241010286,-0.6576661850562995
0.6051732108506365,0.46103520680044285
0.8241416003886134,0.2635758973886603
0.9716856728485356,-0.2903967555635839
0.4650613348233451,0.662126585260838
0.9595758377612131,-0.20196108727667342
0.6107672380907178,-0.6877268493261561
0.657081662609508,0.050705185410364034
0.934731664515478,1.0608710891679018
0.6032714527707059,-0.18462988925067847
1.0143582810401877,0.2468227736099868
1.051690653488724,0.3006747232440663
0.581458014748748,0.832415140451301
0.6129927293550747,0.28935775389298257
0.6490071831010599,0.3440873369958384
0.8808259704495454,-0.3468152785873645
0.6845002129584237,1.4666514815874137
0.6859086837337378,0.18095381072468478
0.74292441907465,-0.3899903942105636
1.0249724760371863,0.9044137094013853
0.8923508320509862,1.020865694700988
1.2396279474641865,-0.45758555223181885
0.6245808543976389,0.3681639530033777
1.0667422496969046,-0.6890994624665717
0.41047107321881,0.9748910656507945
1.0322194859335336,2.2152927629425347
0.5552928792680115,-0.6515804393499905
1.1843810201769316,1.5933472602023815
0.779668599921305,-0.04329487544973959
0.6649608133633969,0.7886517348957587
0.5592986228745664,0.2651742186050027
0.8032943543735163,0.9457461877934377
0.3751252099356048,0.6692226119418468
0.6144076729975969,-0.4216877027638943
0.6000081134349653,1.4665734866083306
0.6108523688110786,0.6054060699869364
0.9925297988304744,-0.514071500162925
1.1033512324642718,0.15656179067903803
1.065587312522558,0.868814456309479
0.6433460564786131,0.7527164747210447
0.9993689846627312,0.8750275029387883
0.6134183071162539,0.4546284399340207
0.5745135201666492,1.2658019784195753
0.6007723911543357,-0.011477052089657491
0.6057196508313993,-0.3855011166143284
0.9034468746318103,0.6107675943417881
0.5661350095385063,1.772699068536593
0.5916210633721773,1.237552840519552
0.5865917398367352,-0.2889673036655809
0.5572867392110616,0.8309101099426763
0.636455634730485,-0.2038100401847595
1.1063435952137157,0.9487221413490912
0.5896164818080605,-0.7532551427647987
0.5917657788556451,0.7880419672473368
0.6285359748187246,-0.5532442067448354
1.2176448468887908,0.21330959000086006
0.4986999372834491,-0.3594418024065694
0.9671167657514672,1.1137881691339353
0.37812063699883036,2.046148520183511
0.5112157417167774,-0.35214250198409724
0.5848225883385332,1.697631118494896
0.93473050217349,0.8619397833066418
0.5488076920690738,1.1687515503189667
0.9185017097135951,-0.19429640669586895
0.9590376023619482,0.2195690311744986
0.7770656162690673,0.3967565275658941
1.2296203153059027,-0.3880144462955681
0.5090416863117898,0.182217180190466
0.8949783947138508,1.5869403851954367
0.6150615533679898,1.0991788029671885
0.5691336259402061,-0.615485082061877
1.1240562768095264,0.8719035115821969
0.5636569502757288,-0.4947229091912896
0.7107939268390464,-0.13171839509149305
0.879977210282496,0.6503595224762635
0.6128535531703975,-0.42740699836118534
0.5731439356428891,-0.1952239498992575
1.0731504253026274,-0.12077636970684252
0.5275378674291644,0.16796330317997565
0.6011089853251488,1.1603657607793478
0.6259557147830774,1.0015747593672937
0.5870482150275937,0.4036523140643413
1.0986496612644063,1.7393388397936544
0.6037483999981779,1.4386638314161182
0.8335375257231363,-0.27945020000430126
0.6154115396622496,0.1089261983848258
1.1683394849337132,0.9041888352095669
0.362952364218489,0.8313436460781178
0.5488170639457204,0.399374542190564
0.5679504324001573,1.380225530465529
0.7750865642324563,1.2363912473339962
0.5611630525345714,-0.03609264490887851
0.9426831426312667,0.6240018037099979
0.6244281342957583,1.6245960867641478
0.6044795685691543,1.0204438056293437
0.8413148307644945,-0.7105420693312918
0.6461261229176218,1.988385123857825
1.1121784878430059,0.3436183180116196
0.6157399081804842,-0.4205088458927666
0.9949339255842822,0.23031193986548043
0.7755387529742763,0.07650734680153852
0.8571720778866931,1.4094601083121812
0.5832899771321365,0.5001354415666006
0.5703719017644712,1.2706962391122252
0.5723384274528156,0.8500245415064168
0.9584365696136983,-0.32938412806571166
0.66972159550471,0.4923225138417112
0.599082738910897,1.0265836505360575
0.860051531505821,-0.4687373512667342
0.9258840490155575,1.4090440294388593
0.5868923493263711,0.3884350232693864
0.9525625153103232,0.6978834263870496
1.0845843576418146,-0.09620875336081271
0.5837245003610964,-0.5508746496153405
0.5508003953115642,0.15881463077584515
0.8140293803855494,0.7462196205237891
0.5905417017349064,0.7471175846857616
0.6029367794987555,-0.33843906824097214
1.2821501271226445,-0.6183867137801662
1.2299083628752383,0.3691811154375727
0.6049650643251226,0.4821249730429408
0.8823333511876923,1.0099505700310034
0.9078808713159665,1.0355906163288917
0.651008543174658,-0.7051627574954837
0.6202507014687862,-0.5762982997135787
0.5953783441223812,1.4261887635562172
0.606258328270424,-0.20942076231470605
0.6751767119307658,0.4908300314849997
0.6255059553643327,1.882872101869212
0.6150856458042838,1.1405183699276773
0.4994514407618322,-0.5995099707226905
1.0661123459820632,0.7171147882897422
0.9455720753302786,-0.1760623979874013
0.6213487559735613,0.9506312234680427
0.6611458443027013,-0.4624129189648332
0.5784217941341696,1.3058196764982524
0.6817408259194597,0.9667649422397975
1.256869533595153,0.6227254543503054
0.6845670458304081,-0.25617653009785957
0.5501542768652711,-0.7166017117132886
0.8442122185007099,0.3858451054933755
0.9969524951244604,-0.23470086332296403
0.6820516399174327,1.6749452114157122
0.6465369116738412,-0.310224986892425
0.596580193552343,0.3445641953227491
0.3926531876537521,1.041411797063283
0.6446524706542388,1.3800130344359547
0.7287159780379586,1.2855957629868264
0.6460859616390033,1.2367664277226147
1.0457293475584972,1.4393575446641793
0.6033833526336674,1.0242993297942782
0.6109312208746764,-0.08688241970115318
0.5408638129420887,-0.3318797711401143
1.0786503196853008,0.9793938628050921
0.5906228509603979,0.2691093410468654
0.548700213474352,-0.5584936205210081
0.9123850976683475,0.5991538957184375
1.124086269047435,1.2443697439449704
0.5980013739227839,1.5925807038024424
0.9827538575747927,0.5766584281203692
0.6121708160738102,-0.3044450272464827
0.6311726932233145,1.4385189369695635
0.8428468233562957,0.5694518225698234
0.9567482435854688,-0.5020186575205408
0.631356553151469,-0.07053125554702927
0.5845817696888531,1.0248875082937832
0.6582206779006458,1.03959751148154
0.42844056545928766,0.4528912775633436
1.1151421835483177,-0.39472313880760557
0.5932959445097482,0.6934545423065499
0.9676773713398874,0.05932468038282779
1.162226403338839,0.9957037085067422
0.6016616262101517,-0.3724377099844511
0.6451926185919707,0.8782617244542158
0.6056058058536046,1.6333986123237874
1.092296983861693,1.280577922900664
0.5996084755168755,0.30827438366514825
0.5647929000342816,0.9287882330839868
0.5707491791457344,1.3255549300337415
0.624485911322727,0.15421205394710896
1.0357370884875623,1.1625771170157022
0.6059217277549279,-0.39340674086647565
1.0640012827973426,0.12756030494362386
0.5931901290675923,0.08096666016803787
0.5531201436791062,0.6917161920854353
0.5145546638462158,0.5474336321265675
0.6587796346272621,1.597481477555863
0.6406408334825537,0.6453321194363899
0.6668121777279393,-0.40851749471982196
1.1144911793345338,-0.14278915323691355
0.6622770901058875,0.7619859999587377
0.659624268926132,0.6407795585251777
0.5239336914724141,0.3595954219352341
1.0761890568123913,0.9029131470531881
0.6035696674594002,1.7442919730666115
0.8508630604334437,0.8310509218996619
0.3901847661028456,0.16732680096972813
0.632735659577299,0.17211999177284343
1.0331505549961963,1.2167059391389574
0.6378184692854361,-0.4839441466123363
0.5677982910453694,-0.3280856806758783
0.6112551205177648,1.1415902489927447
0.9946308471127745,1.371331704885703
0.8638268888325413,1.1777086871258557
0.6069093415603457,0.966524449664238
0.6637543748962101,-0.3313418014381741
1.0500037189347136,0.7557722610626707
0.4664347792286464,0.7319303737273388
0.8348680488759435,0.5523902021155904
0.3887603632750298,-0.29171486769421107
0.46030541115672224,0.27883944444016756
1.0741904034929273,1.301901641332722
0.6396126359173806,0.5998562441587053
0.5286970954409023,2.466877469832486
0.6703955385480983,-0.2529953253362391
0.5996570364942074,0.43817145811536273
1.0542114114408139,0.7166377951216654
1.2217367514456394,-0.10948984544953563
0.6593051391265846,2.2885259492546
1.048038247850172,0.3863631945573221
0.7810922875111819,1.0228003224281856
0.589304460128545,-0.3968563850248852
0.7612108920348475,-0.0033704214079982864
1.1111390103607444,-0.18442165989659648
0.6368170003415697,0.32861454468414775
1.2750247068468843,1.9896612835936587
0.725812278763434,0.25037701137069857
0.6273098771733554,1.2426330369883924
0.5272499216676184,-0.3673892415940005
0.5859699445213601,-0.27817609629177925
0.6129610965096158,0.4421395860464864
0.6639026812648294,0.3340386084029871
0.6374048770718084,1.4957884309074194
1.3287134362264446,0.17564758166873637
0.6131293019478269,-0.22197175284220808
1.1722349661216722,0.47366299342681173
1.0981788693221473,0.34513197299561943
0.5890895682755664,-0.31806714917525036
0.654989401165224,0.6092649076794519
0.6091663966737494,0.45264243317425734
0.9844329423385803,1.4109737319782467
0.6664708410780585,0.2143281979583617
0.5583395611764046,0.2404374065765781
0.6952510817240876,0.4363885272034428
1.159451154656802,-0.1813707818529401
1.2944360558585966,-0.31001003372155966
1.0448348632703806,1.1576760919875442
0.5744519496411318,0.10344808742051709
0.6283065083780165,-0.11693247158668267
1.2787599430468226,-0.19850630597676508
0.6061659162493163,0.3682988818580453
1.0380783835120186,0.3684599606605682
0.649557716074157,-0.14770355079711306
0.6227742533828243,-0.5688557980512043
0.635780088491686,0.23823749924085613
0.9426484720362349,0.7551933413942992
1.1231553530126714,1.043544946362644
1.0944933059327622,0.718780013398577
0.8240704124723347,-0.41844148470047526
1.0808367026084442,1.2442452669437924
0.6876553683728371,-0.26194446701888346
0.9280935699742747,-0.16660549232639632
0.5529854170317845,-0.40586368851921173
0.4872458959466524,0.41780721980709695
1.268262618557138,-0.2803460288127627
0.863261525769683,-0.555569207695638
1.1426478491425285,-0.12089368446728699
0.8736247454237335,-0.29136175478934717
0.6214235257519782,1.159618710302159
0.9712334976355999,-0.1393685555242507
0.883804323283685,0.9782015317311354
0.6438046710810565,-0.4968252769387398
1.1538542819210291,0.43653650549055956
0.5899270117836194,0.5070553330047459
0.6092348671421712,1.4174728639014118
0.757608396629442,0.549691832023992
1.1375367432356693,1.2043172479125719
0.4085486053330919,0.25507092878490467
0.8129873133597296,0.43022947497291175
0.5582120031445186,-0.3267071257402548
0.5293666293314556,0.522115738801837
0.6294773086883444,1.5378192020270063
0.5697737545279693,-0.5058645125109658
1.1781144041363907,-0.18857434232212453
1.037008101689821,0.0196304238989512
0.5681555697204272,1.475806305600653
0.9602214880675687,1.27168007287323
0.4993235762502844,-0.26986486309482255
0.742541787410993,0.5452807533362516
0.6016832904082416,0.2806894244083371
0.581794126675425,1.2339759353399784
0.6097096204070409,0.6261332377575373
1.1109813423182346,0.010685406090554461
0.8816236024174468,-0.41240896405498195
1.1541287312182693,-0.37077866734208664
0.672546115787233,1.5742347702048372
0.6711607601124878,2.1871787976974497
0.6505044569938002,-0.5811481067362354
0.6039343012240374,1.6758757117301482
1.2145763346606324,-0.09397626128898312
0.8853260141917332,1.3727786085658966
0.6529928528153457,0.8642274057500721
0.9641543212708796,1.8534453623248406
0.5067014010636209,1.802525254246506
0.9737391378534397,1.1489096150266902
1.0036538719180237,0.8287321474155307
0.8997242235718725,1.2039045498223742
0.6893748163698665,1.3331256859335823
0.9840622448786751,1.173562761820952
0.7256107573623574,0.6845879131189814
0.6073355908190516,-0.14725005107715838
0.474699530211188,-0.1696642263276128
1.135660884699527,2.184355517084032
0.5842924476188687,-0.39996694108561903
0.9003835774746853,-0.1574225233827082
1.1160192593305023,-0.24816437215484533
0.6827624193603484,-0.1666870770966542
0.5732066356995286,0.09482065856288766
1.0449382231378883,1.1388603182103079
0.6824526085961488,0.06966058120145138
0.9647499372119803,-0.2614517105036497
1.1322058953195564,-0.1005813744153623
0.6170435288715923,0.7238743389448682
1.1659704108406317,0.9870210382129576
0.5652417153688791,-0.25251381134736667
0.39803294926633015,1.3802684475281926
0.4350326334847898,1.0726173396358933
1.2048028389614027,0.0253112478351937
0.7988090144987108,1.6340827412555712
0.8750698633353494,-0.31376598327278915
0.9182910655644794,0.22826517621310383
0.590007865188956,1.4547955673214288
0.41639493643606396,0.21079724321702736
0.5810177345999824,1.099815287544013
0.6633263427341025,0.8274770082537062
1.1320337524933546,0.37046817276567323
0.5372261715097211,2.3499380248257324
0.5855793864487083,-0.35688814993294793
0.60805794747404,-0.4613996049168193
0.4462644884106722,-0.37803437558265074
1.2414383254587604,-0.5558384982508315
0.5538468944703804,0.4271805134517185
0.8430072214269018,-0.3335499139283812
1.0707379739209797,-0.605897591020441
0.9803940936826074,0.4927351683127399
0.6127883330476513,-0.5585983920483234
0.5756080574215552,0.47264710271792604
0.8910458084357737,-0.05056576395040956
0.6279088219576427,-0.155235179395674
1.1018760737494089,0.07519109326808948
0.6522506578790006,1.7858900715946375
0.8214510731591596,0.58581219454844
1.036681488600539,1.2674932374729488
0.6006636673963235,0.590255500769699
1.0119754239135137,1.6964355155918627
0.6453066934618668,-0.32098902659547274
0.5857195983720738,-0.2425161218646446
0.6061091696028171,2.1061546902239088
0.6537984986840288,1.423176060621227
0.9102400281647962,-0.127700787195767
1.0633179989102521,1.3880316209600676
0.5924125431546633,0.46527518723937505
1.1355936340165442,0.7991966977651737
0.5535752352154941,1.0175228855989458
0.44728564231026713,-0.261718939117979
1.2439442186522642,0.11955121042500255
1.051900123123542,1.1692590121240287
1.029079175372978,-0.10905815640228286
0.3661653959807455,0.5049340350190002
0.6065895059169812,0.059010433349583474
0.38723765643292696,1.0519395106225926
0.6142671148386194,1.6757770924035367
1.1830759717700186,0.5833679417978631
0.7098869321024699,1.2138518898408233
0.530014413437897,0.6597776308555209
0.6262756769070856,0.34839450592165766
0.6549881337828583,1.7016568356763524
1.1923966793223157,-0.08312212666541893
0.9945351420312738,-0.28834340328977076
0.6109229879081802,0.3910192836113452
0.941617054050933,-0.4553690856410071
0.7021163147942007,0.4881945290058721
1.235052938577763,-0.35416746240247526
0.5095629154644638,0.2769316532879355
0.46193224152489,1.332268882867614
0.6581738432714237,0.5809387177653298
0.8913402953539191,1.4273827760480486
0.9111343024612967,-0.19502010430209782
0.6130160463124656,0.14714004376627976
0.5243376728364689,-0.1682111323254418
0.7966521525822476,0.8252772745843744
0.5661549479212773,0.7303082984813023
0.6469816389381493,1.35531436926244
0.6214151505166298,-0.08706849924231302
0.7486047373450826,0.6028494912141842
0.4431442764899147,0.4640388912283107
0.6429233921499847,-0.3021025053644685
0.6533350104016133,0.11405076962736427
1.1999248804659468,-0.4572082799403824
0.6124771295185287,0.12086508235029425
0.6358258514099032,0.01207106954610894
0.6576964011595874,1.1936294170085553
1.0645602208850045,1.0766228903681887
0.5980833086640638,1.587866119275622
0.6193536195833724,0.9562636199831451
0.662272134849482,2.203955873292463
0.834434541636506,-0.4662212238254962
0.8050474774761385,0.5331081731186442
0.5593844172153806,0.49734369338671236
0.9857144923032277,1.2274206034261514
0.6035540283568205,-0.7472534074832251
1.0534655911249995,-0.5101967245365142
0.5869876204803921,0.07372253444839436
1.107400466819426,-0.7022757893772517
0.9714363708915817,0.8253727493098196
0.961471120490123,1.6713679237110184
0.5186651651896214,0.46895252216294175
0.8997997259744683,0.9731779521899788
0.6153956102338848,0.826165319607369
0.8229153306918422,0.3446476473694503
0.6075630957844387,1.0718839715014035
0.6047923707673434,1.542371181594489
1.1146890344380198,1.5263188664434684
0.5856202020908828,0.7915548677152382
1.1944431753560947,-0.009431743180371412
0.725763533193865,-0.5580912209399432
0.5419800512729717,0.3990107117372311
1.0074512394311106,0.979323779595817
1.1721084278842655,1.7907762600016075
0.4310600729756729,0.06827432796428112
0.6376679704136301,-0.4840262948735683
0.765036446027368,-0.4897822656613253
1.091671657488724,0.1597577289555588
1.2229440332815396,-0.44679967175145174
0.9752347008171505,0.31063333974301444
0.5939100373253245,0.9476170041626228
0.6110744189826266,0.7879523882022634
0.5537052201962072,1.6765643638608019
0.5090788446317953,1.310600199517066
1.0262685508258091,0.46252406965369597
1.0590295418123452,1.5535789958062238
1.1771772900150141,0.9641739741620695
1.0131810070717218,2.1882206780475575
0.756072431536745,0.7171505355080023
0.6124553597913707,-0.38636199605537624
0.596972287498613,0.6128617504399688
1.0498189174670751,0.9655648072770253
0.9615962948818824,1.5464180895987605
0.6245720953498988,0.7202903964978761
0.6061019264780328,-0.04134913168004678
1.1513827996447086,1.0594337693253206
0.6193976744493895,-0.20665272013184105
0.55514206856606,1.473752326832346
0.6668953535267017,0.5795402557843119
0.6076131526565689,0.8239896893109637
1.0578925874794411,1.5355211633152823
0.6515660039612706,0.5234042204079169
0.8981341639957554,1.2292428865858687
1.1503047213952524,0.2696879575711443
0.5622836621215909,0.16754594625059732
0.5159555573113107,0.9680414096347333
0.5855378496871411,0.5687126447124122
0.38896314304974533,0.5177457478151137
0.5988765256192154,0.3908947152157854
0.5972026191350565,-0.7601521900206956
0.5701050017585032,1.3850817047666122
0.563038733409464,-0.27218532653718475
0.6034725831468916,-0.45967766771277024
0.6083194709519448,1.719587174844782
0.5995264728382672,0.8522722104155835
0.6153544336889135,2.2304465938127778
0.62354562252951,-0.1422719795098658
0.9510870048288081,1.2163041708135909
0.8988882226564068,1.2198529631954884
0.8957818914645563,1.0644354170094386
0.3849691043991498,0.03165567152234322
0.9835785580911534,0.4816387133279322
1.253220996493866,-0.32123839269945875
1.0157461913922514,0.9614448258169556
0.5863795922570758,0.9549023989010428
0.6367329718958732,0.11474546503389049
0.5483755639165417,-0.2700513503462416
0.9787204900779216,0.7247572176821931
0.7970240175038792,-0.5777290861545729
1.0873292341261906,1.3186731590483223
0.9877329155965271,0.3502460814635168
0.8682608222141766,2.005580218705594
0.9466844045828504,-0.5450251465544886
0.6262815704448255,1.4279377750924203
0.6203086972032132,-0.5353974590004087
0.6120524298243496,0.44365030639411623
0.5406411550519754,1.3364079488419658
0.9314398054535984,-0.3882905090413304
0.5825813260096069,0.8885319417773405
0.6043577918545221,-0.26487202209772587
1.2334529065600117,0.611896908949638
0.9191067047429963,1.376308550039504
0.641141440782844,1.1752161526541642
0.5746235252430923,-0.3707886442684305
0.6815363190080077,-0.5084720980785727
0.5268378472084855,0.3662370671234639
1.2360800756790655,0.2068777814797956
1.1412447758358835,-0.35149404653081373
0.963313129682692,0.054094224359608964
1.216308397199191,0.39251167379664476
0.6381719172012915,-0.2432450183815899
1.0459403304405746,-0.03241788150822096
0.9178729123136674,0.7467374949205234
0.8614237262088589,-0.1292813215801948
0.6032990412726248,1.2062746078292588
0.535643128831988,-0.11524028201401981
1.2823320302138763,2.0729783786654146
1.0620170493257624,-0.13603420218670992
1.0030163381282597,1.3766565967904307
0.8792907079717374,-0.12484948791988587
0.4567159105274846,0.6700595760658584
1.013960427633946,0.8363811673334951
1.0349614169646366,0.9028455912303236
0.6169360464771881,-0.1819008326231464
0.6647408024364151,0.6452507108436025
0.5086906862822032,0.3928060457623719
0.9628485167372619,-0.13614281226342642
0.44735563238704673,1.3402199127062095
0.6083836923136783,0.24213900361621818
1.1290651078692384,0.06570046205049684
1.1248291378304693,-0.279014929845059
1.1256772246077644,-0.13207561086676417
0.3698788610494631,-0.4243057384585424
1.2870353192443398,0.09971215826688208
0.5940478499157502,-0.09065440924841303
0.603968912269012,1.6060427082432045
0.41645171414349896,1.412560687670432
0.540870500816854,1.1726885711050405
0.5661535985644301,-0.1785754048986998
0.6964312089823685,-0.5369719459046094
0.5888932255469925,0.6193444372610868
0.6119717078453184,-0.2736017474782618
0.6418872882561918,1.6737302483172791
0.5245636317598649,-0.31801871361359535
0.5631308231883966,0.2514317722329312
1.1153189460688164,1.555381780456964
1.2097255606262167,0.194642139956325
0.8259160920280253,1.498831212330383
0.926347151592585,-0.5173141757536388
1.1880762753750072,-0.4097256194029998
0.6520476859091879,-0.04216877243935052
0.6122513133419709,-0.6523850303168082
0.6519734834943811,0.5143032949099207
0.8356427359565861,-0.20847672972814674
0.5629927595111641,-0.6415568010167809
0.6477657290579495,0.42379782058025794
1.1961389615126685,1.3001015586360132
0.603741676548592,-0.6713164964534963
0.904001005613182,-0.18393743982222652
0.8186370694397743,-0.3029734918890217
0.6017471336114671,1.2936492385742815
0.535765699495572,0.9687791511971064
0.4705260507221927,0.7742114238544867
0.6594107900782012,-0.20431974416862655
1.2408391916261243,0.7178945052413163
0.7142923765096751,1.2177808743468066
0.9475641427842993,0.3275232510548441
0.8379947036010666,-0.5680386890880212
0.8273495326866515,-0.10058809861574203
0.6047107604279536,1.4169736138725808
0.9694661590850014,0.9974501558248118
0.5934318495072235,0.47743151669948986
0.6475640632199087,-0.4493112760210247
0.5976762142961145,1.2731770658594441
0.7450366422130907,0.368161296662807
0.6575567250951514,0.37848724935684314
1.1728247823289157,0.865222699384688
0.6013436333772366,-0.7236930910898802
0.6230750157467472,0.614915024933422
0.6269603854648068,0.5827311244827228
0.583189542169427,1.037099157005858
1.1386489846937435,0.24001819090168824
0.6000199775887182,0.4133430572601252
0.6191060493246394,0.0537757366257553
0.6545738514889123,-0.48362959015577234
1.1968451199832792,-0.36497936992629965
1.2077240419065165,-0.3726023678923158
0.5697667425699616,-0.26851446306586096
1.086905588240925,-0.04023026629059914
0.8984626780244687,-0.33026553066407266
0.5888820102429086,1.1796067295352444
0.5221218703453993,0.1812183716292694
0.6682420869322672,0.08154506857515531
0.6203760238747889,-0.5451219105117601
0.634941333216142,1.246618730649307
1.2657112033862596,-0.3128145193214781
0.6734593001112843,1.2959326838229952
0.6629780885918477,-0.1649319035687266
0.9103779870919277,1.5751654798209
0.8794562264214202,-0.13837895065209913
0.7867394634718294,-0.13875104048860243
0.8146786551384115,-0.3678913618188568
0.9684426433339762,-0.28069865895199103
0.779259548078227,1.4117675042887072
0.5743828584953323,0.6623473131624491
0.7741829206118239,1.762337589742851
0.5134284103241429,0.8819178293442366
0.854499368486256,-0.4593742230211506
1.1225716369425207,0.3097358613444449
1.0258103259723066,1.8601140874628048
0.8825907416807237,0.15379053108444848
0.5938113873800227,1.6146621205140712
0.9948380475582483,1.1673206593399006
0.6635910319861645,-0.001777691105105686
0.6274186413364626,1.2105541013106278
0.5498323293972669,0.5199016651590299
0.8191307521159847,-0.3513742141865153
0.6320279317794373,0.25498532210344305
0.607748698360491,1.2775579118339428
0.5470075845477692,0.49549114029001934
1.0743391443677988,1.087561028710472
0.6289924670564703,0.41564983462108124
0.9189709886454713,0.5437152346606353
0.5774474706538493,1.4937001406220467
1.105771366335066,1.1852190013090804
0.5841257708577292,-0.22281705697609636
0.6651165285685045,0.8458812702199157
1.18623060864559,1.5795780881385775
0.4895879467918472,-0.8382114001964536
1.1004749970997216,-0.35128614380706336
0.5863707341480131,0.25001872671540004
0.4514994837008566,1.4969172570956673
0.5866781976224237,0.7989817842361592
0.632749485592377,1.235369942087492
0.8942968414180914,-0.4066473518984445
0.7877372146311449,0.3338835956108543
1.1236024308575798,-0.7158820735282694
0.8876750434513832,1.0709686087141481
0.5062346639406616,-0.4060939096816007
0.881628014282578,0.1704227003726931
0.930186074243099,1.0874479139857272
0.4969840920007227,1.1658727454784983
0.8197825604228881,1.6321123502850359
0.5521268697015196,0.44991801578780244
0.6080543654179889,1.603926691545635
1.0504032380225468,0.9943565459038723
1.174136013748557,-0.0066369480259881874
0.8547025865679789,-0.111553039451427
0.4443073688315911,-0.2312808641751416
0.6054455562651013,0.7397679155442383
0.5850346356740277,0.2906562458736156
0.5916252834376932,-0.474140956529395
0.6386126850194217,0.620575132685576
0.6587674675706808,1.2484119649897212
0.5990247538980484,0.3863340263874905
1.0763138872667402,-0.07450327413343885
0.6029596852518839,0.9557384265780601
1.058473278387235,0.700988524168932
0.609949072833426,1.647234217917364
0.5470757752546501,-0.5287049039238385
1.0592602278087981,-0.282928632885523
1.0603116203479046,0.14660858066060375
0.5749567994047945,0.22900378646836833
1.2895131390857446,-0.5965346702814929
0.9443661618939494,0.8796341169879771
1.0929808783459614,-0.4768791194546852
0.642123085047128,1.60335578606318
1.0971194327422231,-0.04893985113336119
0.6035336866759613,1.2275869381650002
0.7819938563917894,-0.08756695193080713
1.1196750658389472,0.29288996562334396
1.0483739737039204,-0.17554028436338473
0.634013220754657,0.3917882686412726
0.6486578524990786,0.5086561964068056
0.6014721569824786,0.14928364046439352
0.42315389091860334,-0.2443050888059055
0.6645573294490814,1.4115179507769509
0.8751241471525015,0.046848664259069084
0.5993834338798785,-0.17654551482792097
0.7874733902886913,0.9744299675422748
1.1225142250928073,0.804373185715083
0.6795042957907746,0.9170178029606699
0.6144136125650538,0.3894497094325121
0.5917657721185737,-0.16011911785501087
1.0879942526072766,0.016797898599820366
0.595792175634722,1.1962178480728756
0.6001674741171142,0.3013853513322675
0.44343436085770144,1.6647550002333957
0.592008840249113,-0.2425011258588847
0.5291556893956408,0.05479687770518803
0.6283660100326116,1.6455703418242773
0.8339537096429974,0.29076398691441585
0.7787582373162605,1.5284366678316292
1.0344707020091013,-0.5171113892392096
1.1078247497985687,-0.19709098630749006
0.6013870611939679,0.5760920187737567
0.6660575630330187,-0.1282781454044058
0.9427548109721706,0.29798695632450806
1.292447981270409,-0.33675390059702365
0.9086444757936323,-0.2117763171910468
0.7204226058573462,0.014941589890198267
0.9113243790793569,2.326591855971496
1.0254858200556947,-0.5387440957510738
0.856765816805356,1.2948679804331649
0.9185801979813009,1.4551815007126359
0.9469876515018122,1.498699306411845
0.6052453068806085,1.515868123317616
0.9823969518428006,-0.7573841370166767
0.9717003950698846,1.2684190657523604
0.6467358330876652,2.4593197788490553
0.9774957256026615,0.7906237626758225
0.5217312331433065,1.5703513065743597
0.7576572843984664,0.7333658014359848
0.5579328265119723,1.1588334807194653
0.927596186218647,1.7398364339673165
0.6131900579680039,-0.3805029957745877
0.6084808663382207,-0.3444761867997159
1.1531361157241007,0.9203391506930803
0.6665129769633564,0.12197779674016082
0.8156347176043988,0.6628657272603535
0.8345487415040784,-0.27573059906740843
0.8584990251412786,-0.5252621635384811
0.8438382068711869,1.0343346992348759
0.607554153688963,0.01537134940405524
0.9097245076629028,-0.008156614021088443
0.9109600938014164,-0.11091209706511082
0.38913032904868866,1.9725165481766362
1.3919562008809687,0.7423270194926965
0.5785665974443667,0.9497115758284066
1.1059474612811606,0.22690210509802972
0.7640476783508279,0.6192608479456952
0.9595290216740904,0.8376595898523462
0.3965988372999558,-0.6114097984428042
0.6647600888373426,1.7458209000359677
1.2202331907407804,1.7430856700405732
0.8466958506587098,0.3504528903245565
0.5238931410559935,-0.006042857227811893
0.6137985394100836,0.3169033418010797
0.5272481191275764,-0.6216164362344696
0.5635394852391161,-0.318025132696929
0.6149531450528831,0.08784791615472115
0.6098249344121608,0.24241526710144568
0.6131376349735423,0.41357425224115785
0.6361393400522738,1.5834390930703093
0.6149400997311004,0.35905366055985977
0.5483152836382255,1.1994813580669308
1.0488979319040392,0.6256509518207997
0.645674852500729,0.004234100570320254
1.3350817378636861,-0.4014848803930815
0.8036963508518955,0.15818363569915567
0.6009082889571438,1.6762246377611079
1.0544925886630623,0.05809412733479272
0.731733622666314,0.6814533110536813
1.2659830123952605,0.8192477918218904
0.6894497318841383,-0.018170445682782102
0.5384688157479119,1.4781614881666874
0.46415886702585196,-0.3053868255043291
0.5871098304160002,-0.40906118821881976
0.5854562003642502,-0.23966091775379414
0.5184178621902665,0.3246837675457394
0.6382251182698617,0.3860806661514699
0.827327611832167,0.12818948057931123
0.5712643752765845,0.9656489559819043
1.0341270362559807,0.9714166164335667
0.42888043916480467,-0.534729170771004
0.636861150451532,1.141428989738885
1.1999746142779648,-0.5351097250514225
0.5872140522301859,-0.2179465326197921
0.6020337476703691,-0.2737262450347535
0.6081772867960956,0.47990117833529555
0.6658487611709455,1.4807176797023023
0.593473316040993,1.0574025075556346
1.069509544548464,0.373720168497542
0.5989087602526066,0.6188674192321939
0.627904940754962,0.47285134754538033
0.9980997949244415,1.0332533633499978
0.8589954523233572,1.9683755106724636
0.5825148328705297,-0.21698399160295287
0.6224974041489992,1.3183964971748536
0.6468011494543167,0.12180794916753744
0.6382330817714121,0.06012471864755514
0.6801838860435329,0.2489606665155851
0.4415979747406276,-0.5255700070002582
1.08432286658966,-0.4907272801289001
0.6658678838327543,0.3782855872390732
1.1156854320307377,1.2962115325822614
1.049482084933142,1.2322084695606534
0.8959811594505525,1.2735165045672794
1.3931197911456485,-0.676371630158559
0.5953563518180114,0.44511509312885855
0.5762850858141089,1.4226217387976166
0.5601189471434966,1.2062332589042035
0.5534260997249411,-0.0328753045430874
0.6673991770551703,0.05883173463457733
0.6416998469216104,1.2829945592626453
0.820887840226634,-0.60056803387172
1.2230901528841767,0.880137492892946
0.37989833645546084,0.5162282450279172
0.602483124636801,1.7899955677638972
1.0225513957739638,1.0641207709296385
0.6242438304310847,1.6298405675661067
1.1190589848092658,2.3450864117571757
1.0388357605749723,0.739942250311087
0.6433201949758132,1.0687268346469458
0.7405955941923642,-0.0010434056062686298
0.5617272118231349,0.9903167191310143
0.632993064523015,-0.1290956826793842
1.0514392721452563,0.3246690922084653
0.6360717780956286,0.18286978841365398
0.5206770814451182,-0.6137256202603113
0.485803063236018,-0.17865201230419242
0.6080024107773799,2.025293060047924
0.5667561610500491,-0.515638936527137
0.6992286554935356,1.4694471370347297
1.1211999860691293,-0.3322140292789162
0.933802784416495,-0.3730626190092479
0.5841861722296349,0.2190155100585977
1.0096089844312353,0.8848124405828108
0.46490216926456845,-0.6216490752718533
0.6077433942812807,1.0312634976755906
1.0587211775299763,0.8263846675125434
0.5953229727633519,-0.7210859968413934
0.4307305707771625,1.6671209905837845
0.8188522944166304,1.099839913810545
1.2045460171333213,1.4521980138693311
1.1254280500168807,0.25077350068571896
0.46869327048092285,0.25137535686238277
0.5893636725925495,1.6337790129285858
1.1102385441630185,0.7584167780522455
0.5825043193553766,1.3628466829758525
0.5472263263310102,-0.20066087900976132
0.8264157068874246,1.1394732104990257
1.167086285872543,0.2405273413220393
1.1225000949182289,-0.7049577249858883
1.102808854641744,0.8832220152808513
1.000464096080175,0.07424865702406092
0.5975895925568796,0.7837643234769103
0.6491173670187318,-0.37942777402722366
0.9598037611860749,0.7331488371372314
0.6353542095858697,1.284100859506489
0.9599222602866881,1.1484030213767467
0.6020112687308933,1.373575112635203
0.6529207957299052,0.47927693922513354
0.6110141467867325,-0.47753386176639
0.6100323931259682,1.9043365551961535
0.7981354583264095,0.9484801460563168
0.6114591204938629,-0.5308861653114967
0.7931502105465447,1.0347006343263156
0.6263259885731545,-0.039151693678220315
1.0789001838072352,-0.4122087473553687
0.6319239595790606,-0.12831482637191483
0.664730071078863,0.5722217641650374
0.9950984502612275,0.6961321247720123
1.0377700557786143,0.11263022981926643
0.5657977414181923,0.6431700665645542
1.1502497400849896,-0.29829065752769374
0.5834003301767902,1.286957214370545
0.8144601313503577,0.9151151350775256
1.0201416733855648,0.8274236995526842
0.951768814965614,0.015563277083609786
1.0339210215330825,1.55190523766715
0.9292853929934833,-0.4874747618211268
0.5951844022186128,-0.15604301062427645
0.6308501019676422,0.8474335151798921
0.4218096740701486,-0.06467816745445903
1.0225917544289302,0.5495433619756139
1.28484837594093,1.5326966667880966
1.159462699526461,1.2956614519036633
1.1870971917925577,-0.365934333441029
0.4485283476089234,-0.4991065901422167
0.7337685495072168,-0.1802154196343006
0.9753510570554551,0.14875567321740954
0.9208835775446762,0.25167036032765266
0.6257796171650679,0.25706669024373247
0.6917780145870318,1.681264575115691
0.7469898286202256,-0.4378336564226736
0.6251577433498258,0.15082445789274657
0.671857716849003,0.9618250994791198
0.3684620524210907,-0.3356885130999751
0.6142431019182588,0.44020054141571124
1.14649187236497,1.0816844742806937
0.9040844008667173,-0.5803825754901597
0.8890640318864693,1.8472647498909986
0.5271200864269721,0.8728733127702558
0.6660395731967492,-0.008824347048774689
1.118094227222539,0.7083693860413813
1.060967064030382,-0.41700354548280794
0.4466617266593289,-0.43763850016892814
0.5739129211224614,-0.2948772734410803
1.1594702030257893,1.0093576380087386
0.5319862760449515,0.6783943455512198
0.814066970024304,0.9709787072204842
0.7819639826485947,0.8887163076079001
1.2256424481065729,0.5360450315660757
0.46341651316640226,0.6194337310029278
0.6712103410086517,-0.6068351383211927
0.6021261097658007,-0.41553116652157357
1.1141884147898962,1.339159819415277
0.8445219665563787,0.21718692460822625
1.135922382709362,0.43764525885628747
1.1800486332409168,1.7850834056388518
0.8696606284841557,1.348977195583651
1.125611351817918,-0.09353708828405051
0.9214785065537484,-0.5999437911293615
0.6181896973605542,-0.19543216309568884
0.6606698489864415,0.6058707634420872
0.5763991406634212,1.4150594079231011
0.8007406836919475,0.4852010325131605
1.137333190436581,0.6398752106632559
0.7974100408081972,0.14310650069447411
0.5953443666695497,0.9059421352412951
0.3778385323162297,-0.5459163747230674
0.5642977844155721,1.4101361133432257
0.45420135626372243,1.2935943513832586
1.0958285774083094,-0.1304086042025333
0.7460114443382584,-0.007784299952799736
0.562803185545307,0.7598653697987247
0.9314866530146042,0.3569316803465957
0.5383123699137657,0.6787049103698499
0.6698382560121701,1.8304541898766025
1.2176734554334165,0.7221350710745794
0.6462981593154599,1.5480755879098465
0.9894949520806549,0.749447161474972
0.7553978994324254,0.03256024802058197
0.6841166927363735,0.9802698596599109
0.8828745995492311,0.12332166776037652
0.5025148426956363,0.3685074017041494
0.5647743334187638,-0.16402956663515245
0.6211868678831419,0.20570793565123968
1.011087938687328,1.0685297246509307
1.074324399100179,1.011582320010791
0.6728128281159792,-0.49165269195313743
0.6157484299007714,-0.5431360468924271
0.6103491566926516,1.3772056204106884
0.7904030703134972,0.5537327247825086
1.0198010815753766,1.228677765524489
0.867736608795674,1.8863313941893072
1.1060134918570603,-0.3384411999275582
0.6489891992702885,0.21795171545806902
0.7423321836444192,-0.3478477780403615
0.5958075746703269,-0.05476709548677407
0.9656580623128317,-0.2351151359517053
0.9493054615320948,-0.45728249350519634
0.6301987749495384,-0.2972866356150957
0.6566562092508759,-0.6004444325598746
0.8978570004292963,-0.20714912099562885
0.5855160234514049,-0.17610818676455828
1.2209114043832958,1.9738488254276065
0.5783551118373077,1.7399567971154402
0.6005006984679702,-0.20310980005884732
0.43545928853243415,1.3847009408985695
0.997362522293249,1.1486180161558277
1.0190688350774864,0.8177698141190531
0.644536319765594,-0.3647424221742439
0.6544277874185775,-0.03317109078054811
0.6268244426859488,1.3675886424400834
0.621721760321205,-0.5914045497907584
1.1009508718094363,0.6061562177578091
0.5635273646942819,1.375796402354903
1.120556375793067,1.1459231222353745
1.2688415162970268,0.20543888443845826
0.8292695828533623,0.3469178256020923
1.2299616976710988,-0.4280829176972479
1.024016452147449,-0.25136561426580495
0.8638162600014476,0.03875481684710547
1.042304108358187,0.07279037666254783
1.282581379876553,-0.16964430926150542
0.5857969995154972,0.7798956532768159
1.1270205354338239,-0.19057922373027114
0.9599386849792712,1.1572823341672034
0.6032192088061963,-0.029591725935308386
0.6124006784171151,-0.3963463886891968
0.6674744610677582,0.5572903333440015
0.5735321746007633,0.8490748007742279
0.9137771553564353,0.8084498024886876
0.5374284705484426,-0.2535717596451216
1.0159145036561756,0.010976556812705568
0.5728649912545323,-0.1585487103692405
1.2002299019019325,-0.23821594191954398
0.5077372923056911,1.0247179509364905
0.6282991099123467,0.567945623449636
0.5556583698851332,0.41426445947345153
1.0283906309746635,-0.007915721604186757
0.6225490336811503,1.0774256941436011
0.6323201749538112,-0.4700912438936278
0.6330545785338757,0.22526599046475013
0.5316071971133309,0.40376242540369733
1.2333163537545853,1.7362284701611448
0.8912774383993562,1.32333838038958
1.2913657667680818,2.5348967096776533
0.7121396161843103,1.7038561909172445
0.6266507037520872,0.7345211921964528
0.3635523181607764,0.4880450779592599
1.10885034838505,0.03980581374740508
0.8945685893070765,0.6742061839790738
0.655389998813811,-0.03503055020397379
1.0172602728950675,0.7079277942329087
0.8374732416726074,0.12107387874557395
0.5325698215508766,-0.10122672730396116
0.6284535925273239,1.6824986901923413
1.03842728736772,0.8290845588164379
0.5038765289751529,0.9342783157758432
0.5204203173579637,1.4021279387480812
1.1193128169744415,1.1796886373481585
0.65124338780512,-0.1374009116055031
1.019838487808913,-0.037012306702146835
0.49445912957498045,-0.11903794570407693
1.1046252808990107,0.10206558052921139
0.8809702928461991,1.1836651152751783
0.4759822285589808,0.6804094148756423
0.6132314821646789,1.2895462526967771
0.6177584063726187,1.2612427899326955
0.9600130576203685,-0.19225492141124106
0.6040168372934427,-0.6434309653446074
1.1438787947880151,1.1545686150785255
0.8348342384284874,-0.11245294008809416
1.2082376380267041,0.8187595922592052
1.0821939966840088,-0.6925090898921513
0.6429314574491074,-0.3354346835982132
0.5700623539814037,1.2807314588388548
0.5351729645823332,-0.16188851778138735
0.5984962240900196,0.9719098505814698
0.5947337451644338,0.9052883011527831
0.6295350905225561,1.313354676853808
1.0153020808966526,0.6852919672406363
0.6012274059331241,1.3456716895556102
0.48383275745956195,-0.4348971802353818
0.6675177093704673,1.5125440823807454
0.8263310911847679,-0.5499547442840025
0.5713523873844347,-0.3399928850515995
1.0490139336684372,1.0640440320483433
1.0390601726752056,0.37421757061533956
1.3309617806650964,0.3138722210599022
0.8513182256711271,0.11305001854287572
0.597666657344023,-0.02897160444466336
1.0558755791929537,-0.2081821253679719
0.38792506907757107,1.5265977957578944
0.8220671429027049,1.0248261499720313
0.6351619528915766,1.3297828792976534
0.6026547973179496,-0.25490285470530694
0.9346897647175254,0.2534876520003859
0.5533382979540604,0.28341530267578663
0.5881592088819623,0.39717670430878527
0.8105331321421474,0.11836288594742542
1.1935691094053915,1.5713715392267504
0.7787013516585772,-0.516076193285049
1.0204070045364981,0.08538905738520347
1.190441670679747,0.9195351744221865
0.6739116146676635,-0.5986112526859184
1.2027120049569795,1.0369830040276589
0.6280713186896907,0.525574832469191
0.48955228158704367,0.8888439484838703
0.49887852035360253,0.7215945336685777
0.5578556745016034,1.6681892874292499
0.6090034020159292,0.4796984465962239
0.631855560222502,1.4377975518176016
0.6495447402067567,-0.23395834497243412
0.5951381123637945,0.24240456297220497
0.7633664992822937,1.0739414255375335
0.8452455056956534,1.0022275226023254
0.5496773808673246,0.3276931053081022
0.645394552809305,2.1531130975966275
0.9473755508587608,0.12861291605275554
0.9860109395725771,-0.26965240483674574
0.6059985747245726,1.098525336232586
1.1534417896813045,1.7479928733483696
0.8954637796595104,0.7967741641448276
1.0220053118323253,-0.19304322589833806
0.6970951342686356,0.7981498952941268
0.9198364375502371,0.7996646021953647
1.1262923316872702,0.07712653705110506
0.5249869130784625,1.3904270904733436
0.5830211876779471,-0.3403448463357705
0.6618954322815884,-0.3898792115276264
0.5900272746831502,1.3290215124717322
0.6964792919795783,0.5451474973142927
0.6412980866665177,-0.41765329777592525
1.144744153112063,0.13462898393959669
0.9857296117063103,0.08969795701841174
1.0374479387033007,0.185630610845184
0.8622028472238228,-0.10762180738146246
0.8025910364489359,0.3264998552880123
0.9165463047401305,0.7522432352162676
0.990945419241875,-0.2271670690335535
0.5537914476549931,-0.22134642167324453
1.0097528295635103,-0.41369261153439885
0.42883770612610395,-0.47671380598202456
0.6990047712394895,-0.5304288338177157
1.1527924418590145,1.638379487066219
0.8372716501787651,-0.4520055883356875
0.8054800581141638,1.4264844537216272
0.5942176157200427,1.4412114708411716
1.190999753161073,0.8635105304273689
0.5366750777790898,-0.03133166466736301
1.0644377991938008,-0.4073705101167968
1.0170388467612415,1.508515003379874
0.6087741858196946,-0.627490422045071
1.1946985344120429,1.4050855595202416
1.1324885213765017,0.7371640422629235
0.962235564784326,-0.4669532863434773
1.0251810537849506,1.5687467698039448
0.5466701497766829,-0.35546685524893096
0.6340342395239316,0.5008877036514919
0.9853920291887608,1.3185589751795979
0.546349876388812,0.19863117249943055
0.5886809232634587,0.49461935833693416
1.2044802889146864,0.602105838141051
0.6319524930191099,1.849843388079707
1.0815887292464024,0.27205318600790973
0.47324795233837297,-0.0030380681298492473
1.1698122762927758,-0.36881804802142665
0.6062724600234565,0.8033180705351051
1.1328297505527338,1.1705378200697367
0.4559453855301952,1.4835684624933656
0.5974616070826106,-0.31561243701263425
1.2790004489604712,0.46667237924936084
1.0004084804849456,0.06505919468799778
0.5788821743486191,-0.012445525420972048
0.7572595245404861,1.0717827154085335
0.8356657703670225,-0.6127887911865135
1.0875537372320152,-0.5172301804104601
0.8817054340728261,-0.5587370040067303
0.9220001164130347,0.8145903421839092
0.5756912328921062,0.6617628112175358
0.4432669669940899,0.10503861076331675
0.6060305710568157,0.3369597564476447
0.9839917692368165,0.2465429694418155
0.5938020916482529,0.08872033507601189
1.1198218682233487,0.9498019301187929
0.7232400324455037,-0.3029992682718364
0.610161220998236,1.1604301376988901
1.1088795072926663,0.8202287407687177
0.6151706949668155,0.7816558647388325
1.1297848497751024,0.7699367169634438
1.1056545820805987,-0.5870560677782449
0.7067148770732607,0.2701493675417218
0.5987639546786373,-0.1070917908912776
1.0137994390744791,-0.40152666998742526
0.6353316879653541,0.5524885396429459
0.9808818177774856,0.9517609645109346
0.6627811423158327,-0.27451084510402535
0.7350137384228089,-0.4826712997656213
0.7933681259303007,0.26198656079297683
0.6233947389331355,0.925574500089365
0.8519343715589576,2.533070509417155
0.9654978408389487,0.5870005765447494
1.1960937228563386,0.8504549959702639
0.5895068993225662,-0.4144595200754571
0.9881685309446757,0.7509747952616299
0.5394584686444038,-0.285066904747745
1.147468197536674,0.5201121062770383
0.6230642322349365,-0.2980527941604838
0.8495729272011163,0.4852496133887479
1.1553444467504859,-0.023170040667878478
0.9577658055641515,-0.27887189229026105
1.0691555715471481,0.0154852041630415
0.9717014296595401,-0.44697884083072514
0.5693115791348404,1.4231571359757993
0.596374251489538,1.1065350345800862
0.9551392483493959,-0.2882837538730041
0.9831505206292217,-0.6808774889819273
1.0187894789141754,-0.1917721679138421
0.9348436687979288,0.6899726197019208
0.5072144770091045,0.2578717842608234
0.6060269657626215,0.8967706604303138
0.6671709439914347,-0.39316594037011776
0.5823409981023577,0.7085029869774685
0.9948217357529912,-0.3586101141714559
0.6059898895387077,0.4978359655314077
0.6169543332958899,0.21947715963733044
0.7815602820228137,-0.3674953126245279
1.1800645813595494,0.7005549839623304
1.0054841537324426,0.8374025311653963
0.6383523226032329,0.5797878764323364
0.5347934742202334,1.5587810129458446
0.6307574615283217,-0.10867972139264484
1.0235041307121089,0.3007844979627537
1.2108924884638674,0.44068161482458146
1.3334371735394317,0.7025334482147276
0.590725314112197,0.7618847663200674
1.0221994076840115,-0.3264445798853721
0.9727734123789746,2.1173697332399843
0.6306610279951529,0.09247108614359711
1.0471313615935502,1.2509440825741196
0.624428092609717,0.07866472631762628
0.6501279546511904,0.9321501574083467
0.6112372482042754,-0.027516545825910288
1.0529448872897011,1.7936116396122954
0.5938549816539642,0.9366831341980828
0.8397535759222252,1.2676264814684992
0.6471744847977292,0.23339759384930875
0.4652674874405574,1.0132701765937384
0.888668353291691,-0.003389639974936312
0.6147217026296043,-0.22087520740415187
0.798551439700214,1.4330089365391876
0.8645009941936183,1.0611505781394646
0.9785570258169034,-0.34849805845093035
0.6718458026177885,1.749547943478151
1.049218442142092,0.30719185871793353
0.5893735331855802,1.09788305582072
0.6922912006151071,0.2885293402215515
0.627761050883105,0.8832321051559752
0.628192384265871,0.3316966768552668
0.590689075200707,1.0107961018782106
0.8249076821938512,0.7783384631606414
0.5729696517824139,1.1401063881380582
0.614554720737339,0.4589797991224338
0.6310331489396036,-0.5703985040595347
0.4985748975773856,0.459580103654865
0.7967886363047898,1.0929613666845925
0.9971122845563667,0.5167108020047435
0.4024044202953351,-0.7315246060233439
1.2960640534817307,0.9297552275176924
1.0229306867344492,0.34374548011860623
1.1168339082238017,0.3786624534629754
0.6102236762102449,-0.07323233482703129
0.9004001577459702,1.2511791641149461
0.8784926823894907,0.42947175146104566
0.5879988920522359,0.22245461585339033
1.1488028051373904,-0.1858621132463368
0.7743126044128998,1.0009012082072486
0.5880034587352619,-0.19803050582129708
0.8909896821079967,0.5802813625315459
0.5950301929791469,1.0850588188435701
1.2948267663759971,1.14433412133524
1.0296576542645897,0.6325796560325422
1.2580942904609465,0.035956413652952685
0.6219776969601434,1.888054527596858
0.9790353286827664,1.4953833337170255
0.4597687220086405,0.2675261032933587
0.8809217446074863,0.32436701264886314
1.1164678347380943,1.151050183150741
0.7627863343697812,1.664664800217599
0.7651584465419847,0.42739695236762343
0.6668713173738277,-0.4694686225226755
1.0826129018985897,0.7855809388069931
1.1148824085078277,-0.4609009633621935
1.1318421866443842,0.06553918169157702
0.5621654821461786,-0.4296499570841929
0.46740448414297264,0.7965375848714094
0.6092269479229561,1.879464960484365
0.6865951799331471,-0.12809056419192233
0.6156617866687087,1.6162400338796072
1.1324902275276667,0.32163243359651505
0.7603427725366401,1.1904218865063885
1.2587352153802323,0.1963166331648904
1.1321081502617696,0.6577930431119643
0.5695698775933332,-0.06823723672879452
1.2322993468250545,-0.07515850841267778
1.3418634474051618,0.46238372022047114
0.5652763459437173,1.1082108993492374
0.9900353281469247,0.548466730151413
0.9419041572984084,-0.3029274991220312
1.0651652038013155,1.0233910919656561
0.6050334434173621,0.009647887890695046
0.8487779077743187,0.19594638138822287
1.123266051515346,0.9030682651611304
1.1222463392981206,-0.40310446936892685
1.2545446576817263,0.8004620104822944
0.6355603451468651,-0.33599096734994527
0.6088317978417341,0.24543231897880893
0.5233080138808575,0.6167800747356724
0.5819775618655316,-0.048662893953864056
0.5985169648892639,0.25120682672304406
1.1214556596700522,0.7183885335771591
0.6343410586879502,1.3563810318158296
1.2437597891985142,-0.10050405107032195
0.9371144371648231,0.37169578493262423
0.611283550195,-0.21645415104218102
1.1161095916545873,0.18977966345135538
0.8097617938686643,1.3985299993340523
0.698556205243049,1.4309182545164387
1.3188461620687308,1.198891107776841
0.9281472944494062,-0.45969836354608484
0.5326299270582803,-0.18142366363402868
0.6352502461358631,1.4804172314466293
0.5956085286385265,0.7194079079000927
0.9515353797949195,-0.09354973664561694
0.5634842595293434,-0.35133245100853916
0.7871146830021147,-0.06182784772535119
1.130240006735018,-0.0709518166598749
0.5020462861305995,1.520456019116177
0.5735800991426416,-0.4206844150081941
1.0304033901926963,-0.06994099429107858
0.5795012500630979,1.098965701572519
0.5561376755099176,0.929472283940844
0.9513582281572237,1.1581630060924009
0.6451519864481069,-0.6266813804553211
1.2926701109480092,-0.0258066934220834
0.6138130642039347,-0.659860567250391
0.4909297330035599,-0.6812422948809154
1.1572313424886593,1.284615426740979
0.597914940944593,0.1495088967658348
1.0694247940476465,0.018156286227740015
0.5988787412431058,0.2641404312797496
0.5337313739687388,1.2289163282206736
0.6388931030270265,2.1768478707407235
0.9887476639905013,1.2096661592331428
1.2496111989343803,2.2183061955232404
0.586102790153272,-0.5339977151721822
0.6509721037481583,1.0577733656782498
0.6173854671014543,-0.017190991540976044
1.0904752812667355,1.6518584076842588
0.60294738230083,-0.5199990156347619
0.5493672060836606,-0.3886697207902067
0.6375313359751479,0.7843929476245672
0.7453217004227504,0.030584384807477265
0.9631745642692775,0.9132678445740785
0.5033157836717082,0.9945381774163446
0.6111888187745865,1.4897300205941497
0.9707938914355421,0.7409117798738358
0.5752421068668482,0.017159734445043304
1.180148241736737,2.6166397741692533
0.6179781109879157,-0.09001522130420789
0.541672727729184,0.9549001847079209
0.9539719837297085,-0.25567384188614484
0.9357302237340732,0.39843463645030175
0.6406397147476511,0.9189165506657203
0.6076933759583542,-0.06887716129330981
1.1715007221330376,-0.2043515766732073
0.48495690476944364,-0.602258620720691
0.6816494548782421,0.919856726757665
0.4115172935498451,-0.32286449144645585
0.7626237857916695,-0.08172794865057795
0.6200894527193649,-0.12100556123013884
1.1598644557665845,1.2542121628851894
0.4806096245073242,0.002915977473737369
0.6808150805993243,0.5591467851706442
0.598308169202386,0.12764155555976942
1.2951367767140851,-0.4759177646089861
0.6390464376159466,-0.18796555488699868
0.5899698635020134,1.222174428362405
0.5976091020490961,1.3342691573184444
0.5848263226041747,0.5169825163494471
0.9973057810974177,-0.36225815637703634
1.0258961348690658,0.916303032907331
1.1410138827775167,0.4812767345473379
0.5875442796188345,0.9006838138498849
0.6388719122000011,1.3271323929429948
0.5969634578760058,0.6539856518784009
0.6248665439511323,0.7660900800984922
0.5552825016342045,1.8808811544401205
0.8633075380548116,1.0641527943269928
0.5953032430926181,-0.5339577093027694
0.5942395457343757,-0.11296034277182554
0.6099965691240845,-0.08610270967719381
0.9319695204812457,1.1316321000167098
0.6096785477166441,0.9717815707298263
0.60677704571541,-0.19035879270221928
0.6177341683311375,-0.08382042001394356
0.5318369324720238,1.5475999498564506
0.6020907737931243,1.3182819009411475
0.5115430124236285,0.04306195124711748
0.5284666107418272,0.15657369097416407
1.0904777079756316,1.187962451929634
1.1150255345639986,0.3233240097960804
0.9641063693001645,-0.2752317441617885
0.5720290861626464,0.5482449250963777
0.5426672243710301,0.5649195275126317
0.582646073703481,2.036545379156058
1.033236290064091,-0.6037626545722378
0.5845186324537854,0.9333347793784932
1.0814083108688781,0.013472449562697247
1.0241922000087926,-0.3130172858721748
1.0114146856692623,0.4706156845394011
0.8976853294185041,0.1468142066897155
1.1637363704124895,-0.00889815945187476
1.0143876236640177,1.610154122589352
0.9436122140969365,0.9814786273664686
0.4870219594061308,-0.021500380979469616
1.1226470378737188,1.8934976556782697
1.2654169742471164,0.5330389728926779
1.1532063938582215,-0.1432513181192542
0.5506445569620081,1.4142723797613945
0.6130532634649115,1.1470923053106235
0.4772733418923785,-0.5813832265313442
0.8416967157925584,0.30200544853989686
0.6050203720001808,1.255304829191639
0.9619960147670276,1.0835226544101209
0.6019826102737965,-0.009511104443463064
0.6090824673296256,0.6608920528104499
0.646578324364932,1.037732880234318
0.5739479793302555,-0.24221955346174945
0.9219228058280211,1.1120655551898113
1.2727320935212827,0.15892812424585345
1.0201057263753561,-0.3183913007679561
1.0587320450953046,0.40512208404572636
0.5708507745912188,0.18667946973178687
0.8491901096868628,1.1186434216045598
0.670871460129826,1.3689622730859932
0.588245712495542,-0.3279349305288413
0.5674066010988852,0.7129435555680094
1.0899381472351093,-0.23767226291276675
0.8586425081721978,0.5742712944664918
0.6420614561931558,0.5777822783829735
0.5895533927633224,0.2013494220487291
0.6135122194522336,0.4902735531662157
0.6699870974340629,1.258362146809985
0.511128812249847,0.12188677031819325
0.6346601607740301,1.167106484729461
0.9861757388245738,0.6960271521996363
1.1194355250590273,0.16480150991148565
0.7473334347996732,0.5450070092614567
0.451136962412727,0.2234950650808833
0.888641653226119,0.1771431822442897
0.6203630673129605,-0.1979837922802855
0.5666945464425284,1.720433479009638
1.0192416323363764,0.17048570717687198
0.5106806002754378,0.3187845693051107
1.0909594691037967,1.4365059903241266
0.9547590687199154,1.4140747076130982
0.6158667576140703,0.9289797491130196
0.894227920617891,1.581278077451027
0.9740684266717952,1.6321040049776427
0.5730962507100801,1.8164536493988142
0.6885626574272599,1.3424799709394144
0.5366892203577875,0.5358906978827395
0.6867105216337284,-0.3359494307409139
1.040578934479768,1.6958587779764112
0.6182525140484594,-0.2511437390700301
1.0080691419557977,0.6312017365106573
1.242697650550783,1.2210573838874885
0.6592632565209413,-0.4298805505310527
0.6775694196566896,0.033963966513446076
1.2021358120238805,0.06949646329610859
1.1030345022232444,0.938032681894867
0.9871363326817679,1.4732475258815216
0.4960895502682112,-0.23218050299083273
0.5111739331134196,0.5319531010408296
1.1283594281575067,0.6096452022426403
1.149170263065971,-0.13638215238602194
0.5890683590028645,1.1687535007514276
1.342511370433227,1.1564950898529638
0.5299491086013354,-0.09523063684895428
1.0918512136591558,0.20348237003316477
0.9146708120887481,-0.29236097242807707
1.076545352453017,0.6882929663611025
1.1190520427921364,0.9404119316302254
0.9704882346863213,0.022948767321496193
0.6770834650245776,-0.2711749809507996
1.2020105033010915,0.4946442963473485
0.6144643352438915,1.887950191037907
0.599299423288754,1.4445408044608392
1.0596534187460303,2.290319508723932
0.9814087297820404,-0.21684389478021654
1.015823001404763,0.07105307667614175
0.8172433356412167,1.1907848434077144
1.0213172862475075,-0.08532878116905916
0.9286392074168244,0.17900729354441047
0.5633821163141617,0.7280271602929637
0.8793727194519851,1.803911063178457
0.865623994878032,1.3667449236184455
1.1922206626461196,-0.398201690742482
0.5768175236439378,-0.09728774556927802
0.5874168647981095,1.0550795273840363
1.2152410058860543,0.3588594766149681
0.5736425098570697,-0.17446201827548738
0.6567681105391343,-0.1834125882427572
1.1772471032101617,1.6800107645703461
0.8133961767788024,1.7934921263167414
0.6280947818204906,0.5542730124924141
0.6267802881818054,0.20492318639868534
0.6271576691129868,-0.32000406250951957
0.6826090398749517,0.9477537805701224
0.5705838864300792,0.865704261667262
0.570747854934611,-0.2515831330345353
1.046017915119675,-0.09664974738187884
1.0597925016737197,0.43623746944991393
0.595256842030729,0.16338101509964031
0.8885791267974461,0.8003154909944038
0.7403084631188984,-0.14223451521031916
0.6672248167222702,1.885745356491956
0.5252432899706077,-0.10692943064295479
0.6104230534496011,-0.2607316609173781
0.9913607965194167,-0.5041172306981051
0.6603349544473424,1.399133930013149
0.5051300184669381,1.1659280810371773
0.5756279936140174,0.24281199861606
0.62404919703377,0.6083533276777243
0.5968324305474758,0.2371127217491761
0.737683246100223,1.5472677154508858
0.5889631179584558,-0.3288595198834632
1.0702293113919432,1.2116312305246872
0.9817218648209458,0.3004739799234695
0.963242727928505,0.6078162644677341
1.1619932194281561,1.7877099372083585
0.615137315618499,0.6689676954638784
0.9052626111016207,-0.1515381471793096
0.6367792084776607,1.0288565265137268
0.8387134829958204,1.1064947070475601
0.5885440041741451,-0.531594787546209
0.5960067372220518,1.2155410114627325
0.6615347444375661,1.6459007638361312
0.5117536011667677,0.7052770584819585
1.0084788895496601,-0.5407066112135887
1.003585929088078,-0.5728544057345464
0.6696406946631377,-0.5882234701859552
0.6688421129522834,1.4717097165131166
0.6854345932829226,0.8631396741632222
1.2928483467279401,-0.6404064084393035
0.7506426462308238,0.5145988297723009
0.4888966238906738,-0.46793872479331255
0.5410380531815948,0.6443519390887109
1.0305398594879753,-0.19988894118564332
1.2114377085286905,0.09698392440542267
0.618357734671388,1.89088609942388
0.4278358934087437,0.29627196201396494
0.5836149739957249,1.2574295294242515
0.6519008283247625,-0.1137526647842361
0.9669974607130631,0.04552879786481412
1.0608263527657675,1.2656205609105728
0.624156364650151,1.0255628891813668
0.8325358866291466,-0.3553179813130789
0.8760180955287129,0.8344952356730696
0.6860453934930038,0.5577460754794745
1.0255843757027177,0.9296978330832325
0.6228480267458909,0.07832047060639964
0.9258592040971088,0.9601077600250623
0.9880882968398097,0.9178698564461697
0.8229643441926335,0.8251913905088271
0.6327710985005996,2.274049773149216
0.6694525723586147,0.5011851577455513
0.7537414311957448,0.2872534347963362
1.0884004682934592,0.9564781227315695
1.2189695094606476,1.1934653888940678
0.9157256953473999,-0.10789816672930116
0.9246118438314975,1.1163993622615813
0.4878205424512697,-0.6754793397824943
0.5809952109809273,0.31611749031436764
1.2698169445654732,0.36428679680281656
0.5819396165522541,-0.28158439046844136
0.5703735877007807,0.1053509387999224
1.0110028725800866,1.4710511258747478
0.5503332290101877,1.5008101561138152
0.8182338839365298,0.882620206528806
1.1854578932786701,-0.5803514581263525
0.6541489418998235,-0.05308795749565829
0.5655015910479098,-0.34979922072423436
0.823027403388107,0.5858709370986045
0.6291215298474947,-0.5132923491625836
1.152929024526679,0.3682021273627428
0.5279525374854596,2.0563513645578366
0.6037836947829849,-0.057509137993833184
0.6800827946290051,0.8308974550549729
0.6397656136279319,-0.20060605081393415
0.5848359023667496,1.7950411801969701
1.17164887358086,1.4787971973833969
1.0419993184682215,0.7144847518967354
0.8489873362581786,-0.42765548441981593
0.7694564804190477,0.7267851185912282
1.0040561532029284,0.9843189075357055
0.5787216702246418,-0.2852940540728611
0.46374449123948785,-0.4245980841948469
0.8498620887934178,-0.09600892077898457
0.5978762208378967,0.21475454179232334
1.0506521145043914,0.21983677446915917
0.8615656291414796,1.1320411501644225
1.0832410951002593,1.0135472330121953
0.8420889436262884,-0.0862730629346842
0.565658227597458,-0.7440829338540995
0.5442356328067343,-0.26429630627404077
1.21401413210917,0.4780327684324722
0.5972606684558075,0.09243767868507863
0.6916272301504411,0.5703648131332903
0.4255797356435674,-0.3808376285962881
1.1948229776226273,-0.38714165623019237
0.6009243995096373,1.5943749871255066
0.6358337461557292,1.3570841241107445
0.8324297103165947,1.0867361272563238
0.5095410408198904,0.3733291069556127
0.6216295122963253,1.432351115215868
0.6223004571058963,0.7492924054773923
0.5055548667255344,0.5532932145880606
0.5372582249592613,1.7263276493642246
0.45293913555248755,0.4271405415618699
0.61261051483086,1.6670483811813117
0.9936915030379729,0.9103345956056116
0.5878615272692942,0.11884188469241513
0.9864385664829818,0.13869174865761189
1.2491033642404175,-0.6233778603720265
0.3850044864843787,1.6449019109391954
0.7837248001513946,0.804221457485518
1.1521629887258586,-0.05399796024259454
0.8075569729410206,1.392746976124902
0.38414504622951806,1.9874627651791672
0.989942667473668,-0.15729338757712952
0.9463732806741614,1.2879317285025866
0.8920194857678307,-0.16866976331013123
0.618558960542438,0.3623569577872285
1.0067288067230293,-0.10832775501476971
1.2931522167576783,0.18019279790762693
0.9311632092354925,1.1875641765204705
1.112292375653523,-0.544242073731861
0.6493373871557145,-0.5198721009702458
1.2018846675337298,0.7065596189059571
1.0657232255378144,-0.5790046318815183
0.9275704797135167,1.239958311841066
0.9842573496946299,-0.5948873304661751
1.2454896336079375,0.9879174800325008
0.9585026014128761,1.0255828633878266
0.8354420815587551,-0.10296081676917052
0.4971118332632668,-0.15239010810011455
1.0205166326362944,1.3669587747129315
1.1821412860512468,-0.1534248781930032
0.6531315691578514,0.227445027130997
1.0531547038168245,-0.3232735026408073
0.5892469138486945,0.025734811624182896
1.2995981298070085,0.6337725392161827
1.0614738390046556,-0.1964966964357212
0.6831406871727894,1.0476446467166642
0.6419989533345238,1.2238836312388224
1.1917541935541685,0.17873754067882824
0.9920737381525453,0.6605932429685261
0.6608640003401328,-0.13145578193305332
0.37159753532741524,-0.23920101056612475
0.5953518868239456,0.9839638934820065
0.5683520954926549,0.5267094232111447
0.9695490662672661,-0.3466927001248362
0.6309584067958403,0.7778361919642881
1.3015986482549557,0.20751545080042655
0.9212285186847808,-0.49726925213322754
1.095130698935474,0.10369908523683144
1.0553294211075264,0.21718533515327154
0.4092241374104512,1.3153151122469475
0.6190691153780636,-0.183443928151648
0.6104521482634993,0.4500545329573673
0.6197310671136198,-0.06361449906277658
1.1063258755705248,1.7084933819390133
0.593516367483497,1.8404884633868759
1.0652337890901664,1.2895311235709899
0.6380429988602333,0.8554378416445619
1.1917439257728333,1.8735416612765463
0.9723349475649536,0.8825771833009979
1.1290991921205673,-0.427899302428395
0.5728084581092299,1.123387514484854
0.6094830797199803,-0.4555884962258798
0.6208075174466868,-0.20846995854084746
1.0903192835925826,-0.794395552352865
0.6987882338982319,0.020760249377734307
0.6398141596807145,0.4076106589372889
0.6632290036294959,0.5263076005376082
0.6559648989341318,1.5022334498973948
0.9418684240754585,1.3133723407140716
1.1453676784731284,0.8827913903496984
0.421811411400368,2.0117768253203048
0.6629795138416401,-0.48335604496257734
0.6028289623779581,-0.35493468175903536
0.6056307925654114,-0.4673661370421535
0.5792644142591626,1.0310609098738692
0.6334176996667279,-0.15772813874484048
0.6186270579347772,2.380934593253483
0.47033542317043,1.6092811901555149
0.6248997253426124,0.6776162840560453
0.6479171740217294,-0.21964272948670188
0.8923538924215031,0.23778687736382723
0.584319198211866,-0.3212195694776281
0.8408483758370615,-0.6755018467662652
0.871982083117887,0.3929585686150872
0.6240992421325504,1.7599977939091493
0.9436420123359919,0.2774767198782784
0.582854146707331,-0.48910720170913496
0.6730068521419237,0.16581174508613342
1.1670790988299828,0.818625920216755
0.6768717470774472,0.5022367893434222
0.5865319366535305,1.5863657945513592
0.613013179012627,-0.3243467655278176
1.0766072612462863,0.326274963834414
0.835728479289102,-0.012421050538364148
0.7946949966360838,-0.5206942613601917
0.8350997931017257,0.4466445563406442
0.6462751070158295,0.9408771675795223
0.6264232789311213,0.27264891546880954
0.6012942336855845,0.5786292996640132
0.8192014826353375,1.5575508118500518
0.8581033194165113,0.2448425481457531
1.179903096208862,-0.34389237499633474
0.597291716763749,-0.3826822104687489
0.5106533654679666,-0.4121599087451342
0.5237994376528431,0.485053581280615
0.5104426676773226,0.8630925608762516
0.7843408860342889,1.0782172046695455
0.6345790900610006,0.19888388409704078
1.1700577369006635,1.4333323614364188
0.3836604808814067,0.7061799441808291
0.7781347678932473,0.12092718862031475
0.6234394240487126,0.5553698535621769
0.6032714823139468,0.23021271641541485
1.0784749087714902,-0.23237216432058883
0.6386869994609897,0.12561639355211046
0.5297617668693214,1.626980401792549
0.8498663362111807,1.9595199416949614
0.6849297876264732,-0.23099703126807358
0.5958653739084014,-0.43268268126720355
0.5591009076513929,1.526022601780062
1.0411091260122054,-0.21752727733452548
0.8290035505651322,0.8543157211518717
0.6101532681774522,0.06510463232771023
0.5731220425443972,-0.29611923712576255
1.224844803502489,1.0028460902514418
0.5969312844188925,0.37931509029535126
0.42849180495611117,0.21000732815329198
0.5772830612263676,0.4810957186841146
1.1616934194240265,0.008573119555011478
1.200736077132727,-0.07678060188994022
0.5739950836922164,0.23542301861211162
0.6128716081876484,-0.362415298463279
1.0470297732512974,-0.02092171413783167
0.5515418874252416,-0.32611534585145785
1.2575442255953022,0.7663007426074169
0.6176678210491585,-0.5069415856943852
1.1199223879465248,1.4053166172503893
0.5487235294059588,0.7126041207027007
0.49195625737216053,1.7392812095025973
0.5910004661799826,-0.07443245618881661
0.6737895271199733,-0.2430877960392302
0.588609216435636,1.3114299347071248
1.097732070188961,-0.10387372340137335
1.0077726408054846,1.3551455168900994
1.058627132474439,-0.2624351027752988
0.8298457992695816,1.0420179979031394
0.947914411873022,-0.5367121324429647
1.0550506912282949,0.9627979779348012
1.1747938526929171,1.671689486289513
0.6273924512458375,-0.4591316239571288
0.6668608487110188,0.6050797342889057
0.9452902031843482,1.3117091976136679
0.8120599211266348,0.6502496439288192
0.6264258352175978,-0.28137293671657493
0.7539734124958031,1.6858741751807909
0.6878131193566546,0.5151306270243416
0.8820308178641485,0.03796366380394939
1.0207803943982996,-0.24594886600836335
0.8126918745511631,2.053105016158861
0.5788614345181342,0.7955364665528281
0.8720686993933344,0.8432064900369978
1.0659107626331221,0.7113930890352517
1.1394953945184418,0.42117269941286434
0.7344833971272113,-0.29675578862730695
1.0092956858998277,1.4373542683156222
0.6209868981992539,1.934757368964899
0.8465533646699477,-0.054661680961271525
1.137120946674122,-0.3009458425098551
0.8730120503766521,0.034300841406182225
1.1921433356177433,0.32582005373269696
0.9803316302634861,1.2547797365047484
0.7626675647407165,0.04186989352428239
0.6615205974487477,-0.49204856617568704
1.0317324488140538,1.59791055006354
0.6135859046561679,0.5908301208360776
0.9646680810492667,-0.12409195205682955
0.6223654879786195,1.1461142000739928
1.056899341317932,0.12128084722223131
1.1525265620700444,0.5758712526731016
0.5579414010792294,0.3079331632301549
0.8822784763438174,1.0213722232831468
0.8024509952208396,-0.3873637483547886
0.6124256693624005,-0.2576513211602993
0.5998502188153163,-0.4005022008683639
0.8630066007925381,-0.2601616148260967
0.5918949337572386,1.5028294631150807
0.4265777965979086,-0.24248777855260154
0.7690272946253689,0.7114798025264094
1.100123781976276,0.7076895021609234
0.5719239371844824,0.8048414818761018
0.5770308036582861,0.47040582968835454
0.8850217048072867,1.0229969655235323
1.1320261185298208,-0.4840033323212477
1.0924733798171549,0.8420338913304524
1.1497111472299546,0.49224289721058406
0.6283379306949097,0.023161161503129232
0.6600525292205233,1.3199997577643308
0.7716445215773604,-0.2524824447032336
0.4479184847822915,0.7041127240701742
0.7136028857999035,-0.6714137465561876
0.9648341106395968,0.26664473453943727
0.6276065767758632,0.0074789203453657135
0.6104336278906681,1.4386679798378987
0.5728693518854944,-0.4510170138445002
0.9066875998067198,-0.13059732250206907
0.6299282972181056,-0.09444419322306102
1.2447123205511599,0.7745561704177604
1.1553006775828143,0.3780923085455033
0.596699224748812,-0.09979140570285822
0.6296321676567893,-0.07435044391798035
0.6292920438208801,0.7789814770445709
0.3664392465472377,0.5943838840577117
0.9800174243622943,0.8789693181803124
0.6367722916071538,1.7606282119909116
1.176586705311856,-0.5070987754951541
0.568393289233354,0.9028563297634882
0.6417080296362304,1.4612153112148014
0.6151411092413961,0.34072838376258974
0.6370933862950245,0.5788052633451164
1.1981203419714896,-0.1793248572456952
0.43278002452625414,1.2601435925951474
0.611998024800847,0.6729948302872846
0.6647198254772462,0.026345281520590957
1.3248047390323268,-0.23111503916972972
1.1677867916686773,2.532241860269398
0.38522997996005337,0.8447784485990022
1.017122527375858,1.1800107549651067
1.1579243691694399,1.0626681423333304
1.156080290777959,-0.12959739644593604
0.8673575177938636,0.755063835086351
0.9888100355649452,0.5845302366791749
1.0778652655274592,-0.28084300604335394
1.1534091802970203,0.3836933125798448
0.599268082282616,0.83606450821329
0.6632920366075535,0.1815516828989064
0.6011638102509884,-0.55800925816752
0.4231060754127406,-0.4073606421023521
0.6248557006188664,1.9073817570413873
1.1211320971605832,0.5566341226259308
0.4969261211013257,1.229976475999783
1.242564819980834,-0.3428153097492608
0.9068120789322958,0.7840722192236944
0.5712329188264587,0.16358680812810358
0.8583892726850435,-0.3360948848695231
1.047480069847782,1.4030018777713824
1.3499783032069017,0.5934282531250592
0.5863735924278622,-0.45999776703221146
1.2822289709590773,1.5609501862995292
1.090115665831067,0.5353890032746816
0.6265898441917999,1.5038251268264464
0.8503305699044561,0.6175581931954606
0.5096496960178065,-0.056478795022752715
0.6054009308472587,1.3331085412578911
0.7971690862008564,1.2628837761218854
0.615819833755485,0.3408453318945046
0.6232817241791637,1.6134271654407093
0.7909176702448089,0.423148090009189
0.6086357559505785,-0.09053788936884505
0.6224611503019812,1.05450893137148
0.6363919465527541,0.5476821702786687
0.8664273303266279,0.3386009645774279
0.6700731059355143,0.3595724826357142
1.2705959342182669,-0.36951990277513985
0.5806707984684923,0.13712950928807452
0.3588944742570243,0.1793414534248395
1.1008400105922667,-0.5726833760832354
0.908690375471386,-0.3768970544796644
0.6316916770648714,1.7955194056442931
0.6515389224175775,-0.2077008416723675
0.5647479830495971,-0.05965103437317103
1.1332467684978105,0.9634609896443125
0.9480919921095212,1.3735865796121365
1.1144775647327505,1.3082487698167413
1.0513323797798522,1.112756928545331
0.6530829620049272,1.2229926408750387
0.5937879532619332,1.6354151007371542
1.0613038816285607,-0.022019689979351637
0.5424417171585266,0.41956133999104983
0.9584917556299387,1.2551990501828785
1.0138720338564808,0.5632631218281328
0.9288864718921312,1.4291804844869653
0.6436144087656014,0.8767862754406819
0.43744963054093833,0.3213742403250519
0.6071999829999596,1.4091881960104506
0.5419784716755145,0.20272353739548388
0.520010476991543,0.8444865244794979
0.8961343475605608,0.21140547874371624
0.8260789023473114,-0.26830491651006255
0.5988049807486893,1.762683835563434
0.7509153901592648,1.2146297320919581
0.5844101887133346,1.190737462737576
0.5707129347333362,1.4910967590908983
1.005024282729806,-0.10675738755794545
0.5209515872815184,0.21180762521890367
0.9870197338831666,1.0597788269886517
1.0976980169314696,-0.09342124880607922
0.6028799773369949,-0.04149132731932041
1.3126436129292602,0.4812294293821458
0.8800507882346662,-0.21515487012402784
0.6529403152916076,-0.38911790706732313
1.1347121481646423,-0.0555674884940216
0.7335402714989216,0.5810860221110116
0.6089747565162924,0.9083395224874686
0.5989473023929361,1.4042123249842628
0.8009867627170955,0.638975740817701
0.5344434846992618,-0.151067016074304
1.0531158082005612,0.6435138760019448
1.3851253659396834,0.29370658981151315
0.6076298148135512,0.3483022119214616
1.1130329167106394,-0.3776244852281076
0.5410363128897993,0.9748452319709535
0.5722886427785139,1.3490452184034987
0.5407354169438681,0.897155361999793
0.5944131362753384,0.3911973439362456
0.9777144340554245,0.7109467050170678
0.8996546957800473,-0.48082224825740527
1.0205077788297625,1.4644762643393097
0.5955761689005987,0.7295717726650846
1.217465962934352,0.9667931732154551
1.0743483010972228,-0.31417778214355296
0.4089036293916039,-0.1732191160636215
0.50233735997409,0.9134918015839493
0.6285607367394359,1.201785449635126
0.6153537322316275,1.2369725933829667
1.0976976661299003,0.04961637396071543
1.1200477446700614,1.4577419148960966
0.6397227411826878,1.1798923868880304
0.7407653167258226,-0.5130782651676611
0.7263424228015188,0.36098992002572095
0.9402586050214687,0.9820444967277409
0.6000672313181452,-0.33687313365747057
0.661463185962735,0.0667913568695878
0.8803680120887293,-0.5094414385578191
0.9981717743406096,-0.5284064735445961
0.4366891491880387,-0.3712680204094287
1.0784282121901378,0.09115299798816234
0.6217439681091973,0.32076549592013726
1.007293418132315,0.7871552829920145
0.881806975502476,-0.7184137827279642
1.0787297715284305,1.394271928967353
1.3404048415270406,0.02176431324596456
1.1603155874056263,-0.0945498571398885
0.6243600523366108,-0.30347827407552685
0.4833224170619882,-0.41900945377807647
0.5064526819184192,-0.002789384630998981
1.2533274427009524,-0.36905304898842295
0.8292805345613075,0.11209020459640255
0.6015963259839756,-0.23520350144250857
1.065616336651023,1.2107250546278805
0.8461513137743469,-0.17335919146899276
0.909971281544136,-0.2237144646411862
0.9255743971319201,-0.14704939729055436
1.0672642708146327,0.9915032731914872
0.5630092340867061,1.8496094431161352
0.5728349467147549,0.20790611298923117
1.2887285439415885,1.9543986753216593
0.6034797135475034,0.6200322782787139
0.5792183880216147,1.332839985730285
1.0366756244812876,1.2201591969310674
0.9432350130593096,0.6465612458032348
0.8243978549251214,-0.34145464295480854
1.081908432452097,-0.4561500445082144
0.6015198143940237,0.5134912127418517
0.9553706730260508,-0.4631675609477657
0.6559080089226883,1.3496627101268124
0.4344382117156672,0.9645544216202022
1.187252487616731,1.0580584253195804
1.0641548322829928,-0.21686884845506219
1.3478083707628277,-0.03567041401155624
0.6660288177132185,1.3505593273955399
0.6339837299412668,0.21192670427478133
0.5975235177565839,0.32224909926962886
0.9656958890647211,1.5993774837784585
0.598893173737555,-0.2093384575079772
0.6482295195485831,0.29975580201162033
0.6034047263214786,-0.3788790475382054
0.6026346212022768,1.1712151144080898
0.9209704970232617,-0.15373696065182407
0.8326478485690882,1.664871249589317
1.2815235920609507,-0.07074259619526474
1.1316571807171498,0.3184587504005742
0.6616982027947416,0.8915987708053406
0.5523184785513827,0.13609568865186006
0.666969663942034,0.37601981211952157
0.7504156467902816,-0.325876800744594
0.9126870823843943,0.012524507093823412
0.6078105104506419,1.2076345458398863
1.0800724118026603,0.7958167992270959
0.4877532458316421,0.7181325379487531
0.5078965292325173,-0.1709560937467271
0.7333665317877243,0.7252622993019968
0.784746140554121,1.7155863597196879
0.7325766983718552,0.8292800425273767
1.0405061060765146,1.2196672077724644
0.4737674908068652,-0.39575503159108577
0.5372597295326902,-0.19970283471630007
1.256975926970798,-0.2735777065358388
0.9761732530910681,0.6826349965609342
0.9340250246144162,-0.4495929390676038
0.644810674722947,0.8599696474604086
0.8475146125993918,0.366034412080463
1.025650926794616,1.4787188469749915
0.5831476421946289,1.6207388981597928
0.77866920146013,-0.38686099144219305
0.39937298383512776,0.9829536686210799
0.5256051865565403,-0.17104704391982292
0.5081143249699821,1.6182686872384449
0.5915430973876487,1.1009933751677563
0.9161547048676516,0.629664800369389
1.1504510012663558,-0.13014611578570193
0.6044741237351184,0.4265831100281738
1.0436608982302464,0.3876323733892942
1.0883023324609604,1.8676338148252742
1.0922614259303494,0.5158071536133372
0.9193769830457867,1.4807723619475608
1.0933514732017735,0.9021053803771002
1.2053101057602476,1.724824810953442
1.0013509337848474,0.4435499853418535
0.8927270239436907,0.1962643136554296
1.0840767823531245,-0.017081889218169943
1.0070170936033218,0.06061564276670123
0.600477700768955,0.2106587221142672
0.5844515930199569,-0.10841650532079511
1.1608483648878443,0.7514632073817692
0.8854586235673958,0.6231354841453917
0.6338914391955314,0.3023203332866625
0.5854212748457452,1.124149695075117
0.8689511004928758,0.3222596456255825
0.6717324312380041,0.7772741152530459
0.6109717059765724,0.26617330296128916
0.5858105708066654,0.8846625461704036
0.5945098320215965,0.93189673241446
0.5626929016748746,-0.43883743545547726
0.9334718177002926,0.9359856922033792
0.5903662835719885,0.8708868028279977
0.546146783834589,0.9701920935356481
1.1280578454579782,-0.1062768637680077
0.4247967480331856,1.8896081235854836
0.6059875007302411,0.2920856644686337
0.6126042587938058,1.0254949490782341
1.1174855297593238,0.14638087284560858
1.0532215270338212,1.2372649311195265
0.9380163185341369,1.7268178515796002
0.603947826133077,-0.43677782003868126
0.595499625334868,0.1787984341967988
0.6011095002078609,-0.19693953668003
0.6011135326543547,0.7091096527953356
1.2209420755335156,-0.1273471365581979
0.48253977972031004,-0.2353709402761419
0.6342689320805197,-0.10972778407923983
0.6502561640998158,-0.008373311923295601
1.0268626742238265,1.5199838081919534
0.551005259001031,-0.0317194216291252
0.7771183377539257,0.14406072824917443
0.6313184271505612,1.4731307228032458
1.038775239167942,0.29695095276219985
0.6194028673844805,-0.26643556673619584
0.9134591515417648,1.2572296624170145
0.4191819703098324,0.6915780301598146
1.0242978336989377,-0.39065008323797396
0.6847416133624777,0.5238787064230896
0.484784247573166,0.23856760003836144
1.1172749569605995,-0.4282819998953036
0.9360731006514826,1.1902754187541746
0.8572513499202482,0.06686901478989249
0.8865841739539126,1.3992063928163259
1.0554560739815262,0.7713038791102822
0.7559821903467601,1.0319835107606552
0.7213167057089451,0.9282900508721981
0.9439407838132483,0.823055676611372
0.4674411794842258,1.2496541014772216
0.5871739054140956,0.5616100840778908
1.0731758168963943,-0.32710735965387727
0.6357272556115751,0.8633842258975631
0.3951306170498833,0.256893044607641
1.1397588061098478,2.438866682002389
1.2754722053062029,-0.1357305816284783
0.5453149034184105,-0.4983789907083958
0.7573200692578843,0.8733881761293996
0.8030509768319607,-0.7543497792884675
0.6218072998248749,-0.2874699124630313
0.6228391960870376,0.7842572694421586
0.5605001797402756,-0.16438538786843426
0.831066185466223,1.4047823968821955
0.975937460622607,-0.43115151249021255
0.4381361409924575,0.7249483657967986
0.6037011822538834,0.5737750911170767
0.6148333194735623,-0.7011047351327737
0.8614936382510329,1.3972129493539647
0.7139303043265013,-0.22969656855536655
0.45157076825807385,0.47655749793325447
0.47322474967531064,1.777078774413646
0.7393571057534365,0.9868405985617293
1.1385041039516544,1.3339793689776656
0.6498796093870263,1.283951929730994
0.7840397634037557,0.6417671041589542
0.5794124503625209,0.4806636178408582
0.6636148388525362,1.445282980628002
0.8560487964275677,-0.19417835491390056
0.6532253492626057,-0.634728589852961
0.6053582002803377,1.164480328004874
1.0473216143591402,-0.5804577290476359
0.5319447165985178,1.0558961545573278
0.6017907526647912,2.221003380844394
0.5921289200102735,0.32418338912103606
1.1270599708729556,-0.6229452213360785
0.7702376865470492,0.71101941093717
0.6140731688366396,-0.3843815746549325
1.0097538550310754,0.10402415865971847
0.4242110220155396,1.498871355477446
0.9451624677754151,0.7965882723971396
1.232473401013817,1.4709466304440901
0.6085301792767553,-0.5266743106731318
0.8640399044635645,-0.2724773038352629
0.6024549922941178,0.9152422048724362
1.041820055916176,-0.2384447392873593
0.7531630925902526,1.077925354832457
0.6781917680425797,1.7228074223622083
0.9701112915455836,-0.1404071286683652
0.6121471453779699,-0.5037501311842514
0.5191589292986604,0.32219776646827913
0.6517648753642923,-0.4631584042799314
0.585031497748205,0.1458137309392613
0.6094342412198691,1.08024038423554
0.6022546972626511,1.4179828703165773
0.6724502089163137,-0.525216283428583
0.9985390782120247,-0.29190130273544074
0.8745305046620537,0.16679336571279488
0.8469014779792328,1.4600863697232345
0.629213248053814,1.0468106885891988
0.962867118950079,-0.051958769018462386
1.1914806594051184,0.2859191783140663
0.44044728324426674,0.2625010790328091
0.7168534834262714,0.7951519908798547
1.2134937835098532,2.095034534570555
0.8883494114846984,0.7500940057194568
0.8357550456573368,0.5732537997468166
0.6301589006158608,0.3326998460004462
0.48263071171615624,-0.6292357624524376
1.2610280816837809,0.6488384998884222
1.1922455393023752,0.5772104162669236
0.642327129073853,0.3408530639463881
1.157769081654147,0.9764197636113197
0.8625548241245644,-0.08809905339512841
0.6465095951816934,0.6172274368349426
0.6076464447881891,1.230488111095052
0.6386024462310339,0.5911261098631218
0.6371352173795428,0.3656255338795522
0.560071838988506,1.2281142057001828
0.6282239768264666,-0.20621874724684577
0.6200973937684392,1.72226298870501
0.8497120880089479,0.6395957024626762
0.9476109463176343,0.7707377478297566
1.1659824132743333,-0.45309802491447027
0.5510654109332602,0.8616915343153742
0.7694756333854094,0.1639494916421384
0.5917152595443673,0.5507822054344836
1.0752312547926763,-0.6051761525877795
0.5385501238488252,0.15073448724984032
0.591079851857067,1.5146818896639784
0.9415597768124127,1.6813526785259407
0.6128487973948825,0.9694800993671098
0.6180955841144754,1.1130589617865951
0.8731966305951704,1.185390335028365
0.6430113745471217,0.05694334101597448
0.5981828557027129,-0.30275732014586176
0.46569723323775597,-0.24591701427698368
1.0076979874769942,0.8198316595807775
0.9373046198758721,0.2041025836801883
0.653384606413507,1.1503799533810133
0.5824719344661421,-0.5257232492064488
1.0260434579797333,-0.7627922812482789
0.6041574841334973,2.271522891169816
0.952554214858353,1.445684207598764
0.6870340856563887,0.9091556908807858
0.8090931855595147,0.6153886730047323
1.1736689333342698,-0.3261260842714754
0.6079168127858527,0.3893080849317213
0.4316896588425524,-0.22299999583970703
0.5898491480784888,-0.2839593634234774
0.608561591671223,1.1424872795076617
1.3006079692197896,1.7682019065303107
1.0025883660234278,-0.10487749432671307
0.6379811952498976,1.6607151966658273
1.0406679103836676,0.4733236933519216
0.6404483156427347,-0.46714181169269386
0.5653495518394192,0.0622195111348991
1.141165587666913,0.27378846747519847
0.6207661892857772,-0.6313359059442762
1.0482964198620057,0.46764559535320616
1.3493083993609263,-0.3177274605624896
0.5853159562718881,0.2986552406834601
1.2486619111150665,-0.6652190830711787
0.520603184606568,-0.19853566609181117
0.8672626472192039,-0.6039942529430122
1.0742091355057022,0.7469140530647564
1.1699434298809976,1.6903615007009942
0.6612499404781347,0.5081399383029936
0.46869961570082763,0.9047217736791103
0.41029249970607706,0.6781239284558503
0.6502577214768364,1.008871746198008
0.9967974070904415,1.2777989329311097
0.5984307511399415,1.7958648425039796
0.6037046322067237,0.9958301080113108
1.3208643305751153,1.6532923288744397
1.2533775178504027,1.42039913596019
0.5864767195808852,-0.21596215767094315
0.9694752119421172,1.523342135424404
1.1260534149766024,1.0370088785339993
0.887341801037576,0.20175689204615196
0.6489530240650265,0.7705496205634641
0.8375410667640063,1.5622437218169332
1.0636761208104595,0.28165779046038975
0.9540204374265633,-0.4186950478790691
0.6325101307602805,0.2293125957567716
0.7555601914889813,1.6630805426881607
0.9211671269827479,0.26597878153610854
0.8603014808051606,2.019339200588208
0.8556490738521222,0.2267321177218506
0.5979494146196862,-0.21539991316272342
0.6542044537966154,-0.37928810825924414
0.5482984785916578,0.768804024937906
0.8691131807410051,0.8413796830091276
1.0663467955112558,-0.7060254065335592
0.6450144336617325,2.4826074255764676
1.130387716223998,0.11242502860574713
1.0730637889583263,0.21116738350792422
0.5985806169949428,0.19456555654173163
0.4873502957548814,0.5772446960921471
1.1595267390163166,1.8289341802638115
1.021437450754814,1.827396918655931
1.1275811879734856,0.8159830617855403
0.6133171191731452,0.7181078406552773
0.647848894323686,-0.338655403165988
0.9855167498086195,1.057505272334523
0.7819433892497185,1.4916769031010222
0.7032580350829405,-0.12642325082560846
0.7664959357415851,1.9575175696906748
0.8206723238310564,-0.26189656978116405
1.115287275960306,-0.5748764577948786
0.6054060607599578,-0.17841286760598424
1.2698185950059795,-0.5257383116289043
1.2883777293174012,-0.16788888235450375
1.0842624920729655,1.2654130109628476
0.3597775033039431,0.7205733301822714
0.6150596291006104,-0.6741226822016261
0.6038725634967049,1.872182689144464
1.0055805829517872,1.407645477004324
0.42791325423976345,0.20629744171732692
0.6054901779078492,-0.3308663292369635
0.7158822983390468,0.4591751922916872
1.033852971231844,0.9127346375845435
1.3359843927907988,0.6196477870483837
0.8632159037710728,0.1599581097185024
0.632171819574306,1.2308323599920319
1.1672408646194152,-0.06834566792160675
0.6032246978051832,1.300595721903023
0.6301389687852454,1.4872305695115897
0.6646822917873159,-0.29006153809704116
1.040271675807409,-0.47728153225037173
1.3045499171079253,0.6661493418586636
0.6260980653988762,-0.5123440946934802
1.1628556157715013,2.0993106120400364
0.730658506454789,0.764180273760124
1.0721994701463313,0.8466983648859385
0.647441602785285,-0.30342383236754344
1.1831014954575019,0.6043026853000482
0.6106560881250989,0.5632358925041485
1.0247758586784188,0.006557845126123618
0.42829682128498564,1.6095694492774202
0.539280077743254,2.014003636116354
0.44507954930271004,-0.6649130330016231
0.5152780387563336,1.0443103542507166
0.9072936774297069,-0.2715403422400649
0.6143041686321808,0.10385794851075936
0.6079916965070324,0.96790413240533
1.1751146067889813,1.3779168371436448
0.8908215621207287,1.914267354034582
0.6289583992014691,0.9643057372640546
0.9353476027082768,0.1292664625341457
1.0191533813200353,0.5732521366657222
0.6014121914549742,-0.18330263481588593
0.8838184660500211,0.6051963652075248
0.5764747115010485,1.7663146742283353
1.1289899302371134,1.4408580046856283
0.5366965938058001,-0.01793713133303737
1.1415404309181976,0.5661540261652847
0.5939824099186617,0.6338472760898586
0.6002338396359466,0.6199623787716202
1.0969065991894398,1.3446325403266086
1.1428690793946965,-0.16190077130092678
0.8777875166363149,0.9701530425032631
0.6102003551698165,0.3861673666228528
0.928052203382486,0.863435355647475
0.5749988134173769,-0.38510451946266727
0.9334359875992451,1.3728233119635778
0.6113925660556303,1.782901137127297
0.8083841012958863,0.1697349254711954
1.075895672993013,-0.49217716777158566
0.6148305796496255,1.6465291681788052
0.5436115684450312,1.2471073857849586
0.7762511438645594,0.7808270581669016
0.9658250876781309,0.15024679898747334
1.0560286818922264,0.24508437326160148
1.02395333813679,0.4708609000278268
1.0348124748753036,0.00437526770790822
0.6883415008665357,-0.4943493176965516
1.226178463056509,-0.34665762719547283
0.7950548485578948,0.6586380259073277
0.5897273937696963,-0.35475851970238004
1.0238220440391026,1.9161842006927947
0.6735627552770034,-0.09280398520283227
0.5759475144289954,-0.38886147514518965
0.5577732156384576,0.47600372712012085
0.5907017040412712,1.5457676112440426
0.5000892549764089,-0.38716099262844383
0.9261582795975156,0.23869005274659094
1.3659877737015127,1.205713699173019
0.7195243047837023,1.8262286623532487
0.8472346785921591,0.8450197551656413
0.7599620156620599,0.2035808253461055
0.5801876643684113,0.8543842142376836
0.6424546386860599,0.10129849784191824
1.133068125469185,1.0997385107124154
0.6335618090769612,1.1647202681943345
1.1259207573406833,-0.567517035004248
0.8185071216154325,0.015905503352647454
0.5017825921542577,1.8272631284177772
1.0497471555312567,1.1501285925689766
0.6434437209625424,1.2991447830355867
0.633426381256453,1.1367528376206382
1.0550595461580243,1.1133109229853724
1.0717621810374227,0.9408970368340199
0.6193105598218716,1.5442297776855212
0.532433586804908,0.7601130232630997
0.6626135283970673,0.8131583481288945
1.0774767419139633,-0.6132457473897808
0.46505522063080523,-0.34247542599850667
0.5789926397206591,0.48223073219732887
1.2035604258006674,0.44003252733521153
1.1760384812331617,0.7722473597534292
1.0798646339294589,-0.2926139101257666
0.6783993571799182,0.11855984222279342
1.2201276982797888,1.0969138855304368
0.6582574816420595,0.18411219180850524
0.6691579110652363,0.22649739179537579
0.6211013596530104,1.1540949622740424
0.9998049607861994,1.4972484068120306
0.6229630990612545,0.6088193585567483
1.3805460912736183,1.8738284503263345
0.8559706913133011,1.0040927982566357
0.598994816289725,0.8010341962709744
0.9014183591271945,-0.44565347842316794
1.026541940692586,-0.38929848100431297
0.9923258695602493,1.9358550552571758
1.0186769565982872,0.9790929966762771
0.8572071539878865,0.5079368303316392
0.9921590511307854,1.8314676136862817
0.8896318012170221,-0.3312350594969561
0.6927516391300181,0.5907099667494651
0.6007250505583588,0.7272560470192645
0.4704715912693366,-0.31411341077408456
1.0232534606337258,0.30598140788999784
0.8999478436993412,0.9360990732002739
0.6102753637567749,-0.19196624865923032
0.6294135141337099,0.2125638055955135
0.8339066644480237,1.5479050285918206
0.7912101393217716,1.8906468131575385
0.6163409743316748,0.41527044050395
0.8209451790427532,0.5241557413683229
0.6081465241159674,-0.5356554798021449
0.8328377358069343,-0.4354498557527371
0.4840080297373302,0.6844844454348286
1.1821153104528745,-0.3380279430613098
0.9642492935200835,-0.463982493101459
1.2771174888427574,0.1538397060813183
0.6187499517250858,-0.5105287804498915
0.354769697549405,0.5689655605908814
0.5428917310678317,-0.41496039825332737
0.8782510806745645,0.6255372691479069
1.008116942008348,1.3426604904250672
0.8329784134351697,-0.3252782625568777
0.6057873077338374,1.1412803010422325
1.2835151559198252,0.9566661999053698
0.6244435041060715,0.8871428969224529
0.6386651885744676,0.19648730841801687
0.6324987317932749,1.0958841249517581
0.5651234157639471,1.0517807571491513
0.6009197022110545,0.5191084344303949
0.7737746857028315,-0.21352305134446153
0.818935301519733,-0.40301348628783945
0.5489732389940256,-0.135832954218089
0.8739797038011459,1.6069061349841447
0.9151065881787142,-0.3165228115474948
0.5788758002138464,-0.6874311066235733
0.5070272969229338,0.9382488609019675
0.6489080797840434,0.12254490011449964
0.6435751952119732,-0.2288876541343208
0.5146916427288113,1.5201306382131012
1.1615664271766009,0.18031947872666065
1.0965379159209254,1.4376117300923341
0.5343917043957135,1.72758713607451
0.8249601111147136,1.5343739518974626
0.8261511877701739,0.6478989290445192
0.9031356151603589,0.19573874720477022
0.6220691073653635,1.6813053426129598
0.6212882425545925,0.8724729923006722
1.0732595789030044,1.814017795504847
0.538057869853238,0.7293475156449227
0.6235972917350985,1.060885304466226
0.4286483944603449,1.1975100390736615
0.5926310063058694,1.0437073063353512
0.5163634557478937,-0.48300541462098123
1.1016117273963664,0.4835920592495741
0.8820707013174947,1.5233125239766647
0.5874463066335438,0.5440627327935981
0.9085525723141225,-0.07543192121944103
0.6715571099348151,-0.14514244547705146
0.9389011818472228,1.5550684246933786
0.6122403021924984,-0.14304536143464275
0.9914725102412556,1.5961187561280317
0.8869327445344932,-0.44601097305088233
0.6124541440661968,0.026121315510156673
0.6149627204260111,0.5188431911435077
1.1932273446461386,0.5785801034984683
1.185866230652433,-0.7308056891611119
0.6216270473971004,-0.28668985563904814
0.6026367130454415,0.33519536817657913
1.1007540257973083,-0.29952544530298975
1.0285778144819437,-0.062036402522820944
0.6294264865998893,1.6512811853360887
0.6106305109778025,1.6030057818955488
0.646306770923553,0.6319127460369521
0.555161126706256,0.8454472236779307
0.4323965384215208,0.2567952001721666
0.5575437184073004,1.7681600433091886
0.824817884382241,-0.3907581409627205
1.285648575431612,-0.5476477393330164
0.91331642071805,0.46030326221587414
0.9842269645946298,0.626196429928874
0.586928152273006,0.14767580776723874
0.9584280964703563,-0.33712631132871823
0.6473045979780343,0.7899917072777474
0.6829305060283621,0.715436993773479
0.8393580606438229,0.4841610283906599
0.6425936633392215,0.4626593639632478
0.6050730588555393,0.4495049082150895
0.9721239849822232,0.9565898253386903
0.41853400353908354,-0.3481136221903222
0.9704453063015702,1.3426881833802997
0.6155625676518175,-0.191535824745145
0.5655644804311619,1.5704739490112898
0.586160090443899,-0.36174636189517745
0.8124673936965574,0.6545649438604078
0.9634107155844678,1.3044591319801975
0.5754265872828381,1.47242950708617
0.6252783237768892,0.3164142934505998
0.6276709813990369,0.8477397331548489
0.5967447028386874,0.9452299423172834
0.5632515262004327,0.03988182705544824
1.0901668210241908,1.150776874087448
0.9563739313778558,-0.4865454386181962
0.6112766831864647,0.4336249165110278
0.6092404417516487,-0.055487514560445886
1.269325893813987,-0.029623250073508342
0.8660258301816743,1.5354342021836764
0.6698965945448132,-0.036912322938670916
1.0380943790389976,0.4603888244649951
0.5857547719654228,-0.24057697763484928
0.7991137975291545,-0.625423608574396
0.5896113440343709,-0.28231944649949275
0.6370449876995168,1.1120366912703732
0.5956783210730412,-0.7087478137315883
1.3427854420151557,1.323475834647605
0.86933212990642,1.4173901297778668
1.0902622520981133,1.2611269994974652
1.2284695963404297,0.6766617094067591
0.6288632187880617,-0.39199983411710837
0.6051275862564014,0.46545044700697147
0.5382880003090166,-0.06574856751195786
0.650410734169506,1.0288618737283146
0.5108885990665673,0.6713562181579908
0.5385664637339302,-0.13620235457589336
0.7578909144166248,0.7336314702131035
0.48299610672563853,-0.2830732739023112
0.6897101004158548,-0.07107581306217382
1.0599279257625074,-0.7375052841917853
0.9594546108685383,1.0072091919756319
0.8086056166422557,0.06419446685835795
1.0563176088124089,-0.704392563856262
0.6372023333246507,1.8038841869163402
0.6142462760038314,-0.10573377789015992
0.991637089351366,-0.14072649405132662
1.0866634885906508,-0.44738369420850493
1.0192405401848093,-0.35130338465765454
0.5314615279686646,-0.6165460556318401
1.1399068899315608,1.3132617431864453
1.2091149854258192,-0.16174131278712317
0.6357701585546095,1.3152767904387974
0.5231159623564778,1.4661969714442091
1.1597619995882615,0.6550157832524081
0.6036712276919446,0.06559861736365158
1.044198096351231,-0.3010512567226769
1.2206061023227557,-0.1422214213362599
0.6617976773778176,0.523909308271279
0.6194396818817942,0.42113779772639615
0.594818212557335,0.6599622793491619
1.1103687571139649,-0.24452774105899844
1.0929340230106213,0.4495506830704615
1.237426613163285,0.0691467450642177
0.6368704756600667,0.8357300733948319
0.8806821079263192,0.23807436506199767
0.583893107162429,1.6098464273715765
0.9623104274021324,0.25002300118492443
1.0635932674842234,0.09550935164389324
1.1552303116384801,0.5976159023314846
0.5573181674047466,-0.129651647971482
0.6037777781964032,1.0100572449795917
0.6252440926534085,0.39722008203788445
0.7941366236852656,-0.05504148192873687
0.5303775090051644,0.7499974107250125
1.0276972152935622,-0.2413425575112568
1.3604141509886538,1.7926066540831602
1.0901552183388186,-0.09629619582673253
0.7447444828798773,1.4079390709868758
0.9345306264512596,0.30850903067444757
0.9955902324014159,0.7299651608992936
0.6012083055716375,1.5185566124848329
0.8144467221764657,0.11857374589919556
0.7989200421164369,1.4152575175452025
0.9189080653048478,1.077528218668744
0.6914098885806443,2.0081903654264917
0.8949815749030182,0.647306630181033
0.6362934638815394,1.2344545318305975
0.5991646704432296,0.8448070291830982
0.4743804858103954,0.6076905561916263
0.8323100850140456,0.47414154405373593
0.9520707142299798,-0.18430849079569767
0.6027724966183402,0.1821292176736991
0.7903118151712216,-0.341189300761534
1.121447203206012,-0.3840618389818087
0.5646366357689637,0.9313177006863793
0.5993842914368394,0.17833575067074983
1.119267121225051,1.4350676089178593
0.8600688212038383,-0.03486849685848535
0.6171993223320085,2.0619809744397766
0.5929185623970618,0.40528281805050265
0.6098246174676368,0.5958462160743824
0.5962850172623692,-0.6436727510394288
1.0642430622292955,1.342779938803715
0.6178117155798523,1.383185554180377
0.585922291010406,1.2263404041718238
0.539338691701801,1.133152725196955
1.0066738452484332,-0.03702944494099758
1.0520308229146786,-0.5064515618400582
0.9646800023680413,0.4788253896886693
1.0402259711014477,0.8300369917074001
1.0665189952735403,1.1278420116099324
1.1602974036307263,1.8803756007976502
0.9645772500936018,1.4034086479135328
0.6255707808460882,-0.014703984381101681
0.627402133696736,-0.19036931671665372
0.6307337757684138,-0.5201753618338505
0.9440432994709291,-0.5951884738816815
0.6398617780493886,-0.22046021743654176
0.542717337718412,-0.30738241616348805
0.5959884257881879,-0.7269340373918243
0.7102445087613667,-0.1302524281850053
0.5720249651010618,1.5739152611209177
0.49149360394682795,1.247897777938491
1.0791705907974654,2.0243691825588503
0.6785916992631162,0.2939940783696874
1.0542227771506354,-0.5531754188216486
0.6119216103479697,0.3633923254036123
0.5729764848553323,-0.2309106658702345
1.2710707791611513,-0.654142221302963
0.6513195599061163,-0.2636689523677123
0.9807676739283566,1.0712921754316205
0.5004463764087164,0.8799407117558078
0.8827851660737096,-0.2925452609812164
0.8456875546705045,0.9644981360954787
0.920246292000125,-0.24568060839621766
0.5815318087634579,1.1510952081276018
0.9491729144048191,0.39712743192243294
0.6192993298304657,0.778194900850564
0.9836836082982678,-0.07816203600273158
0.5283826872655691,-0.1560294958281649
0.5821811404866105,0.1485645866978657
1.1596057094905523,1.7464919771789438
0.6312348372941493,1.1261434511061394
0.9054566667463391,1.968270316080804
1.102481039837197,1.0426015043156494
0.6075502068510487,-0.4155085808127266
1.2356773774641334,-0.014836009889172816
1.332995302968623,-0.0350439748765598
0.8871727763839135,-0.452755623056223
0.5482757255058059,1.0575763110586467
1.1416050076174395,0.9093856801572416
0.9662901831606854,1.872580943202438
0.7487966691468906,0.5605483593628775
0.7340466078311395,-0.4732320060758527
0.6464499445991632,-0.061556074235627645
1.0453639062144986,1.090633545239963
0.6010465199388104,1.2870330038013784
0.8906765034509971,1.0920061535314325
0.5905112231992053,-0.10247689066029622
1.0293036306411645,-0.32447686263976594
0.6110427630671158,1.1936368219747293
0.5009649262290791,0.5580936314701556
0.9148056293011738,1.1199460429291448
0.9895000649966323,-0.6646282050193496
0.6031510485573268,-0.028029030832170676
0.9302110974460669,1.0032463849658475
0.6130894264266074,1.0409361238737622
1.252041323931084,1.0564113831477218
0.6184077342864722,0.6676056999757958
1.125635729133675,0.1888220833251973
0.937386251660314,0.14978997575813208
0.6142844770721123,-0.4144955041248922
0.575205001105215,0.7238885093470062
0.5373638117387763,1.4014814765557806
1.0113071947153751,0.4371540570452453
0.5534323159622196,0.158012890702956
1.1152087235561865,0.21681863979957233
0.6154503888721969,-0.39947313189032163
0.8914892371094177,-0.43422310429016364
0.5856871594654139,1.658606636839929
0.916185453932945,1.644217085781223
0.9694970303969602,-0.1761528404253656
0.6615381834668822,1.2461779604521424
0.6449254195703336,1.5299953878973234
0.9987734279569702,1.167120172554847
0.36439182004437765,-0.4394691341496571
0.5887756661589466,-0.33204998454884455
0.6015320617986066,1.6974114471017567
1.274256750224827,1.0809173906242848
0.5850213044761963,-0.3548912032725125
0.47029834286607924,-0.08074830015090775
1.1704864840905491,-0.34129466717894363
0.5780421019536436,1.3413691097250673
1.0228215226426403,0.7312348547464871
0.7877193369395585,0.6076840045166182
0.6018091001240409,-0.09627197571313356
0.7561195267547134,2.1452503977388786
0.5225923899732661,0.4247091696022625
0.8395722115999088,1.1961589421185752
0.5761391704601474,-0.10447477627456198
0.9602778996902633,1.0394354329816997
0.569790652074025,-0.05324355556598459
0.6012815553493698,0.6779234347789822
0.4027052535715705,0.17428098353320712
1.058868406559536,-0.2335186826248061
1.146797457528753,0.6570972091379734
1.142164276094835,-0.12709325303327315
0.8096724490413549,-0.8235888076411608
0.49350334368438836,0.1879823653524949
0.613151985148833,0.08921504363924454
0.5770068398269104,1.7688990372864868
0.6832058638929055,-0.13620515154552723
1.145377227917723,1.5695123757618905
1.0736020930661805,0.5244038034369303
0.58821011366301,1.0371056492771438
0.643038705135647,0.3044082014377525
1.017001922435761,0.020587905535543877
0.5986964924600149,1.2615056502742905
0.8990975965895303,2.170090349889981
0.9074223156838763,-0.6729414627258905
0.5273201853579552,0.7017200256740812
1.0207233427494515,1.3595893883849377
0.8165576991618979,-0.5042204672600272
0.5034842430512774,0.7821075532591782
0.6570594812430897,0.44467690289168194
0.9373804266144464,-0.2150533879691423
0.8421730416434664,0.621661861003237
1.1156994387000372,0.9833809552375876
0.4426408037600973,0.17558804935924632
0.5891397396028776,-0.20139695395637175
1.02165445856694,0.7654932904854453
0.6133328771925118,0.800980644316661
0.41407823928451926,0.004174220264833273
0.61828668091503,1.8017902011701081
0.6198820755620587,-0.7219281464403701
1.043883114057745,-0.41217425441886857
1.0430028354575143,-0.057797494362096656
0.4971541498389521,-0.4666391856104856
0.6677484100118366,1.6134625161104035
1.0323949387200653,-0.14276843027539454
0.6102806042355934,1.2156601633204884
1.0731536460126825,-0.36455185204739754
0.4960327865750668,1.0832687986050131
0.5622910774590559,-0.2581144592640825
1.1854970789095722,-0.026707065702723513
0.605225308439211,-0.29462181443857416
1.0490887959610338,0.4471502098013945
0.9470589775480698,-0.16437035873875858
1.156183528589679,0.9673886585911651
0.5983351165115804,0.6683036054387796
0.6086774405078621,-0.3733145501775427
0.599042796994127,0.7601920291586353
0.9821656167355599,1.2219278408916348
0.6984167939093624,1.163521568592021
0.6585323171341635,0.9012448295307035
0.7541226872738622,0.5351905961292057
0.7494844974767809,0.14601840801595542
0.5257877757748133,1.0253119011479899
0.5349155729064652,0.5587882107930733
1.2544778062286563,1.3640178010876645
0.5976804180130022,0.2504122473106872
1.225758416425727,1.2277197205992434
1.2270865555602544,1.4703157328334977
0.946595285654692,0.550019328833151
0.5391199904963531,0.7458281987523322
0.5016463283471713,1.3436954092004272
1.0913719383076708,1.356889519483616
0.9914891234480734,0.06226297476132419
0.6841956737728495,0.25606177840195976
0.47388873913949725,0.3497531005669827
0.9678040991022199,-0.6778017831314423
0.6034030514050049,0.11762010606251772
0.597338696023235,1.9047186258055395
0.579438924491289,0.7953356861062584
0.6392136812695004,0.732923657909705
0.572063996126955,1.593578837824386
0.9022630892677528,0.7535010586878895
0.9805807106144011,1.4636910063891715
0.6244174550491358,0.19144633869307093
1.0806101108271817,1.1542113407462344
0.8727352829956966,0.715993096850914
1.050307956175247,-0.5625955494214228
0.6193320663084669,1.504392229119722
0.5330132895755967,0.4775733109190317
0.6051462262203641,0.8813748888542672
1.005425522997086,0.28969326371598164
0.8956866399339093,0.9936475891569766
0.591963834198267,1.2637843699302558
0.581466918654713,0.5916737740176492
0.950799150956083,-0.04011256729866136
0.6549737378781458,1.4203767587303462
0.7648529160980013,-0.46486049249000827
0.4606796009130115,1.1034990524723494
0.6468128517891272,0.07275246525201405
0.6013205683466789,0.4553306301672163
0.6872161394034354,-0.008781807030084854
1.2072833622503896,-0.294341860267964
0.5273811441547156,0.328184551277077
0.9035849761795884,-0.5725573501713341
0.9595657377134323,-0.6151551911890915
1.0856524306641386,-0.402669476878691
0.8763548358361226,1.7896579897879645
0.5961604543221743,0.023466996124670923
0.37113568980794054,-0.7029108839443051
0.7541190703283378,2.268000344615352
0.5382766047239039,1.5642467988403135
0.9462910149214784,1.9932382251249086
0.8431585767179977,1.311525056786006
0.6023067496213412,0.546575396770695
0.5784535378476987,0.33644487830871417
0.908974837270462,1.4040180576943426
0.8633504242672243,-0.269902747476186
0.47607967883499264,1.6942035460141782
0.43136911231882336,-0.3164872523072612
0.8892192496827047,0.48970877792743506
0.5642997640023956,-0.6038943960535813
0.9563066645873133,-0.11612565082031498
1.0200967077238166,-0.31590562302090436
0.5167310865197998,0.596162477721487
0.5571379118967583,1.1997895681535393
1.0043275558767153,0.42299212674314735
1.1617991251102988,0.6101208749363263
0.5740924230910254,1.7016701230966251
0.5789219195362074,-0.5005407895338918
1.2360838518780741,1.093912274980457
0.671642016408688,0.6225404586513152
0.641650622388291,-0.12781923646787463
0.624539838346773,0.5398564047855784
1.0849575039318236,-0.47609044973597175
1.009878472135965,1.6525525733542645
0.6051680058276327,1.1018728037397794
0.598412152523039,0.21223315499187528
0.8519446977075922,-0.3612667357557794
0.7455454553250214,0.3188647441797468
0.9502536875833065,1.116327722865197
1.0880292314776276,-0.48152617125347014
0.9226807854435644,1.206340533745628
0.6087073346215837,-0.5948334358613663
0.9391105147747167,0.23325092831897104
0.6686757569049864,-0.1597618175948684
0.6335566026100192,0.9426378891517653
1.0121177295066501,0.16024904079905283
1.2704679267816792,-0.025109366208314138
0.647966225524012,0.9345345190230319
0.6117079074115335,0.8698365060817623
0.9401869023933352,1.4460673491112574
1.156593109928377,1.0592370815427554
1.2011429392777826,0.7867484584015281
0.5266910976597515,-0.23524925105629982
0.9055880963951564,-0.35664893053125524
0.46777193626806585,-0.2971900082156924
0.6328754222978858,1.5614466040300816
0.9072079330509477,1.3318629571251241
0.8911480324382888,1.4169123419753027
0.893434213338232,0.7303589373994649
0.8375307783903945,-0.5404485391693926
1.1290309957824665,1.4499229107363756
0.9680594017204199,-0.37652421954294985
0.9928974469968423,-0.3201526893140755
0.49269872018345995,0.516727718290744
0.623367964329133,1.2364152297324957
0.4924905773457728,1.1430509933020288
0.4294696898575075,2.0203566484443582
0.6394053958589676,0.6105770241245214
0.5328357067541588,-0.4843037978191516
1.164842054648076,-0.28492347310807564
0.6072515988451666,1.4658420076129168
1.116266253677996,0.08986445202385965
1.0815834706329799,0.5406710293865761
0.9779964441942721,-0.038910792253117554
0.5142401468232636,0.09796101565487705
1.1552048931247916,0.846326825218405
0.6922518920264422,1.8436032662508088
0.6433316232025399,-0.0960032040565112
1.1055413300446861,1.0511405731770596
0.6074365700624549,0.46019604275645765
0.594472957844119,1.527736345707543
0.5180818816523107,0.06232024589406651
0.5670233385391513,1.034914882968226
0.6056159486810095,0.6183517295606684
0.8183828005038245,0.5284334072885241
0.6217399466981568,0.3511662963015143
0.9700889566525489,1.2721506901873532
0.6688393775288727,1.2835948263665402
0.6097044882816254,0.986869704806024
1.2202831428494236,-0.3309317017933102
0.3601896903338688,-0.19227599940062093
0.602821864402012,-0.04304773436958359
0.5899622063310661,0.03837299473121025
0.6442810632817075,-0.5766471308476916
1.1168415275374115,-0.17277693353516282
0.8362342715345433,0.3947986329298424
0.6364046130844423,0.8253738193180002
0.4061536582505348,1.1579186159705
0.7555429505109053,1.4471534202948915
0.9613013314858923,0.8484285129548699
0.905744573712006,-0.26524880173061827
0.6835374218432287,-0.19774637195291642
1.118264865502105,0.2724153205153812
0.6081583594179059,0.13643198201687295
0.9000228375463519,-0.4223752133380585
0.7794321154668258,0.9877783032343854
0.49189212815922473,-0.19699046074060803
0.6036136328018835,-0.05279433598314018
0.6268269706780774,1.6046819641415153
0.9985061478814505,0.21710441658200136
0.6356790360835535,1.264917272256015
0.6121868789121702,0.5646450692581687
0.8719144095892655,-0.6327372795952171
1.0539139156794841,0.9981121823579238
0.5074272167687355,-0.40373399423825085
0.7766715940277289,-0.3036432063343535
0.46398900958452094,-0.1062575185300384
0.6004966206388506,-0.4264395247979911
1.1885828719112561,1.251374305237573
0.806041588067054,-0.06904811326857606
0.7336482439140171,-0.4279466389778043
0.9313357759454117,1.4543574530999364
1.0771950418442324,1.65624466149953
0.959231308817681,0.6524388194268832
0.3952810851836483,0.439165896825516
0.8576310419670676,0.26162931616358265
0.9254762809604762,1.4262271836667093
0.591196461108109,-0.14027453734557638
0.9021999302315973,1.7347589740636746
0.6132411617956692,-0.42114617079379857
0.6309860785260726,0.21968166825961943
0.5838846247610597,-0.2866031507716241
0.6571251390012074,-0.17079765309041006
0.7776172408831425,0.7573850628782222
1.107526417821743,0.17992359780269937
0.6268965076814544,-0.257957894621702
0.952885311243598,-0.44527143954037773
0.6368113775660913,0.5081231215116194
0.46461485602178,1.724704636147251
1.104731131594869,2.0063495883482454
0.989926229645903,-0.19189520452859105
0.6404341536754043,1.6583500473537942
0.7621721548010594,0.8485081598615678
0.5904777312296228,0.9841642290869135
0.9063157066104184,0.794703615003341
0.5356578256718862,-0.4561151366426238
0.9460160100920935,0.7346674999983558
0.5940765170010467,0.39223141544661916
0.9232942497515031,-0.4381244026732082
0.6180407178840692,1.88887752026198
0.5145615587093921,-0.62945457915245
0.7205331994184232,0.6717700879820838
0.6299001935295765,0.7133795294522896
1.0019903125463199,1.483428343097126
0.6599314426043372,1.4528010896896206
0.8620874311733131,0.9634533017877978
0.842317407505318,-0.6008435261084817
0.5576480130187136,-0.11551259612254647
0.6008144828181179,1.2513182820419853
0.5060981372739037,0.010335407948769495
1.2015742540481569,1.1388110668494635
0.5614793571721207,1.8473194985870616
1.189289857521386,-0.40594502302420005
0.7662052425341541,1.001600782279835
0.8653764576841391,-0.6219549548936597
0.8807767308356684,1.0674223992703882
0.5544698888772643,0.4193955560117344
0.6278852207279707,-0.06756114051110321
0.5853279837969857,0.2224448464459846
1.020660531278404,0.4586721944445396
0.5326161609165336,2.064686806417818
1.133313950026203,-0.13881933102544075
0.8184253840750377,-0.1686017413159412
0.4277532551116625,0.13318759412004016
1.0896837309265928,1.2700982963989076
0.934113383194078,2.4187777930701984
0.45036785979893024,-0.3323929636870878
0.7491181912160316,0.3398490787467485
1.0425842343146488,1.140077596023776
0.9680700881021091,0.7078310829220872
0.9651018633097976,0.8680643930654534
0.7181563188082245,0.44572076693211116
1.218416007941418,0.8421639685196559
0.6028235047269587,0.05572654758556145
0.7491232574000469,1.1402536517017032
0.5546130035587823,1.590542878269622
0.6130312660932646,0.2382284285607259
0.6683463098236234,0.9018230990479458
1.1601822289649137,-0.1224413644441032
0.49480417107253594,-0.46256487705144744
0.8387529696880649,-0.12255016071537453
0.5675732264237773,0.5477739719174135
1.0080536924808319,1.2478178039166505
0.5242226945808259,-0.05097847179328492
1.2193729463810643,0.8964146211548578
0.6745430160711063,-0.26680718811629023
0.9929274856716486,-0.42065257539032813
0.5533962461130469,1.4834301898154063
0.748541181730991,0.21996098262537947
0.9601613482772946,1.2397128530173247
0.7190108436754188,-0.2879713811308817
1.1977301974705619,1.2115037366864416
0.9532408032398975,-0.09673431859121204
0.6243598552979485,1.7392313860848503
0.598622726971784,1.4277555398046744
0.6243298349316198,0.6094584616232123
0.8723967301679493,-0.48936722979818154
0.51544671620881,0.4722384815509974
0.8926635187505796,0.6634000703727028
0.5630810657012791,0.23479142616579096
0.8955938224795617,-0.6448617809669571
0.9914177639176001,-0.22795812217629166
0.6420642476949993,1.2323332574797734
0.8783755838787461,1.1017946054252228
0.99489939212423,-0.18520737322510486
0.49648004631982656,-0.11723119505947693
0.560297701274184,-0.588475905366558
0.6420322024161345,-0.3855515425089365
0.92874058124554,0.8932453630706512
0.6215606188048244,-0.2983398747467786
1.138730298251176,2.0913616950399536
0.6050389151056343,0.19383593891630108
1.2739650168718126,0.3223714918631278
0.6102084771207562,0.2699410977195143
0.5328734592762422,-0.33790968796268483
1.0216736739783387,0.7972578682537762
1.264679510922411,0.9058927425780203
0.6108963475757279,-0.10893070514344338
0.90296687732879,0.25240964317916503
0.9792320920154858,0.8946406470022856
0.4644531090321905,0.4595861642043546
0.6214147891317603,0.5716727344704964
0.5823569946546434,1.6813199569798745
1.0070064526295668,1.018702436056772
0.6506893331461476,1.4961990396169373
0.8026064450026464,0.5696343956460614
1.2630147269876626,1.5060487176745418
0.49563012052532895,1.513931949910142
0.5690316002932069,1.508437079711812
0.6632158152362047,0.7223641696177854
1.0146629753193857,1.3691597698698375
0.5969874271048887,0.7757916952453221
0.8473544979005928,-0.11950461206442337
1.1950898302479525,0.14032518093601024
0.5949618911932593,0.7944796745853623
0.801984697111035,-0.2582844155876196
0.61521554674417,0.4878301305202287
0.6146997219850241,-0.5180292436960027
0.6124983879053422,0.07128932355400827
1.0038114142481622,0.21927744678530775
1.1760698899300737,-0.20291933735836323
0.7137803800024136,1.2032794100865407
1.2374450696734185,0.08503196206371172
0.5058262524236554,0.3959623572788976
0.3551239291641277,1.7397951070779345
0.4983928717180735,0.2085020996261629
0.39399972908009906,-0.4119717531263609
1.017939443422321,-0.2536264615643308
0.8205203470212584,1.7819499416652236
0.9454366741146599,0.742893247428356
0.7761130622491528,-0.58476642897561
0.5180808926565742,0.5238679341494606
0.8909998943201035,0.35994267749159453
0.6467577918582463,-0.48746158235233894
0.6296928389119365,0.5974541732353382
0.6089361049294628,-0.2708762494078392
0.4875905632153496,0.8959846317289915
1.1565508586513928,-0.30814311554337576
0.4491168048663373,1.124126212969015
0.4478922628678917,-0.383132914464669
0.4439071979944541,1.7116055065219464
0.6071775999878619,-0.13294506050849883
0.7794978192526817,-0.2888664358830145
0.5569840475131422,1.9091730629678105
0.5731618507398016,-0.5043777728786754
0.4591668156468315,0.4923707486074235
0.6579032483977049,0.6372679427473865
0.6103482897117759,0.06207756865755226
0.8129627871739651,1.7040110538058217
0.6452973219495404,-0.03662825409531392
0.6090432293908158,1.6291484708621278
0.5704119552799117,1.2089003926545745
0.9225796695179722,-0.5687087576824346
0.552715562953558,0.2797025528179903
1.1127195121064908,0.3485758180287789
0.5461591274274915,1.4229154583179353
0.5542574849414872,-0.3068656669606148
0.900930458908642,0.8444141044783585
0.41321693170430684,1.3348522567321544
1.2081235039149745,0.12306446341995125
1.0988281749209323,1.4055076984470447
0.526804175212057,0.4117385448273947
0.9777620809429304,-0.3024673868097796
0.5893776684311348,-0.4621624233643653
0.5395131450963413,-0.13461834278941545
0.7977970838339354,0.27808463844781856
0.7199672988018457,1.068504330985662
0.624337687442537,0.3364375362900318
1.0678598841039397,0.6193694530798668
0.5735376518840487,-0.03801448536527836
0.5736188084054561,1.8717711556498071
0.573350419098816,0.2654493412542618
1.093677506680617,0.8988149086741469
0.5281299308188423,0.5596845134337773
0.5991861890515628,0.617833859335732
0.5594133833790821,-0.4201678086084294
0.6411078315830774,0.8266886214459338
1.1592071490564935,-0.15337617214340624
0.516661569776523,0.6976180575935955
0.6000238273912174,0.5476552918259525
0.6024076564492291,-0.6529109482467985
0.473964723661737,0.9581389336937465
0.957132047759836,0.02328456556005748
0.47636938481266566,0.9634014503884342
0.617999637533196,0.2514074409492136
0.8670848242133409,-0.03708313047937646
0.49684903126396834,0.755191668570052
1.1500951184562447,1.2084710570699355
1.036967179981928,0.964860120955678
0.38660535583145866,-0.07577838488889815
0.9104280767457003,1.4171689226921063
0.4456795817473693,0.4813990019716071
0.7629079361818623,-0.4701039022176151
1.1762285627839257,-0.3372515599654041
0.5881030136826597,-0.4050581282038688
0.5915524220564606,0.47101476462787056
0.3577144937918573,0.7946520731628139
0.8679571569450426,0.8957951920537092
1.0777802670175454,0.6812552061270745
1.1811517581412763,0.13940514243766056
0.48048454782184497,-0.29026611985657663
0.5988244698306849,1.7443391907712238
0.48671920927263684,0.4819478388123981
0.6115232011881899,1.060981532287326
0.8331755324642436,1.9750825607616709
1.1533776826245066,-0.12248648155037266
0.8050841835887041,0.6241187248252472
1.2061789717811824,-0.4818003941422237
0.9158909549001066,0.6649938696822757
0.592245647818408,0.38498031850254955
0.6292421316298963,1.8957755071455813
1.085050890422852,-0.42544187086736684
1.2225303805873577,-0.08403110243430889
1.1393718215427209,-0.14856852470981147
0.5435788066607528,-0.16902735094098323
0.6002621490349599,1.477515355750123
0.8701639091736155,0.11231245367325465
0.8347329698315875,0.08648094000332468
0.5885180548844411,-0.34844353293989344
0.8301289139742389,-0.28959189688089326
1.1110842628754038,0.5204407830980067
0.5994794929507195,0.9488745310724295
0.9517893068495096,-0.5116771789382045
0.6849574508687639,-0.27853432452664456
0.598338459399085,-0.5133678849407681
1.0275962313050793,1.627606702023149
0.624351161459346,-0.002374954229780335
0.5429367106545773,0.48022421347486133
0.48185665067577094,0.41300262206292376
1.0927779095771748,1.2567384653744647
1.1544291980088168,-0.6383781139588705
0.9412593464923869,0.31307805547743367
0.9125718465999799,0.3209780958164871
0.6941296640345271,0.3061523373544416
1.0081568270783978,1.6517985842817708
0.8940224649757817,1.0803674169759243
0.6396991017697282,1.0272508931847069
0.6499209525149915,0.7211677626932735
0.5991960126423492,0.21410583991422044
0.6002304477392165,1.9278068287152856
1.0476955210890788,0.7589264919193999
0.8771697273310142,0.02865286803845124
0.52016552837239,0.268976287587992
0.9909932822824346,-0.4835048170754404
1.0849635064579055,1.3421801582115291
0.5527131522915577,1.7078921566471825
0.6908409632856999,1.7173077511255537
0.9781952103416043,1.056797055449176
0.9164589961274471,1.14725256468887
0.6004091337878785,0.019745002711713217
0.9532915947221121,1.936250453331787
0.9936563608375444,1.0473261174808879
1.0643908050859996,1.238170173480634
0.4670499176942139,-0.7231128616649558
0.6075365959620604,0.8555530575655176
0.6291644644556398,0.8232360237176692
0.6515362525294585,0.8310314497661613
0.603195972540122,1.6329691423822994
1.0484384730014007,0.8321910894742628
0.43205413866013775,-0.19290096617217162
0.5989569319882105,0.9051592071206356
0.40973303506964565,1.2178999346973605
0.8471839824027811,0.7925077855565672
0.5545698914972985,0.16594271853592896
0.6825416873287888,-0.007311768096053439
0.5560860049483384,-0.050951849246523406
1.084287017965658,0.895134161255503
0.4664858330697568,1.1202428753038924
0.8473334792074667,-0.5107575395284086
0.606052286675,-0.09008796439481838
0.5620505494065721,0.5128128647189759
0.5980793879877346,1.3294839166005648
1.0635643400813097,-0.15615913473199686
1.034476209359853,0.5408184592052209
1.0192244286282102,-0.35699302518180587
0.5642916741717086,-0.0761421838951115
0.7755013250957864,1.7756108560720154
1.041455651797561,1.321247059926121
0.49916421520933085,0.12219887476128649
0.913955379563262,0.49724880026658425
0.4902455755939808,1.4653601098719724
0.5160529039698699,-0.18663660221513476
0.5756633474723711,-0.15689227706293823
0.6651812236297059,-0.34433451878749827
1.0671939410554614,-0.000689466341469297
0.614742907905252,0.14535522820653643
1.2984254297488749,0.35909466969883264
0.563245421505113,-0.42191079781549007
0.9443320263296675,-0.5574891011716246
1.1771493702429439,-0.23832456612790232
0.819502798707217,1.2733956976783967
1.0244074592431203,1.7044269280512063
0.8237367900256924,1.408015514392929
0.6246884606375317,0.03640201337784124
0.6180878663267172,0.9893296475873886
0.5156334591200223,0.0553199020037616
0.882398345524462,0.5396060169047548
1.288857331833866,0.3100451987554007
0.945321472307212,0.8665972980407025
1.0409616488678046,-0.12951984006959646
0.6129127998510548,0.8497192757832173
0.8795467846987546,-0.6796540661932005
0.5384143941556094,-0.28346415833758243
0.3969023224830622,-0.58768542012233
0.644787299363741,-0.14758869731800944
0.9738552788112698,0.9104296403365147
0.6489453138946762,1.680510893064164
1.1515344162934757,0.27304508968567137
0.5951413985927224,0.30531060496979334
0.5654346053950356,1.3869632205891613
0.8156715929744227,-0.35453375791713093
1.058219741552436,0.7835438212144735
0.6148991689254008,-0.23889846334775225
0.964137934502538,0.7828617308503191
0.54263498087849,0.6780844246828908
0.6460923821390518,1.4104588345709272
0.6159934336647086,-0.19743115841418885
0.4210950297321495,1.3528188765584765
1.0188509966479915,-0.4238692853106293
0.9037637120123541,0.8144506314755682
1.0601696079897855,2.1282515764520555
0.8823438200783602,1.0359702727257796
0.5791739821080784,-0.1719523754563242
1.0328167985663654,1.2043142032408665
0.7462662484994032,0.4338563718978662
0.7575330619296112,1.3494603953705069
0.6108556560333512,0.7915939475514222
1.0248944194525382,0.7631484795417957
1.0840157744812542,2.2358872796695133
0.6161173130873402,-0.40645731330696827
0.583851803090923,0.25909115655423876
0.6032376617463222,0.023095920967719286
1.2921751127580923,1.349071673478799
1.0401509734308243,0.7955832832623986
0.6245709476301414,-0.5678009649352729
0.8017600105337657,0.8279026365535023
1.1080439879031172,1.4475658727975897
0.6733461615923838,0.4671016157604931
0.616708392527265,1.1067586496376118
0.7908723242339493,1.2306009746951583
0.5351296070768454,0.5334301544431715
1.321811321806138,0.4962431414197893
0.43672333287659676,0.292247866370006
0.5537771073424428,1.2813979003169598
1.0212091931776526,1.6463903631037045
0.6751902324378088,0.8540984024067063
0.6143191983516855,-0.6477135719619037
1.0949954089935177,0.3498837572119208
0.6473826352381435,0.8164016602710531
1.0154294463421378,0.5759395919680333
0.6837664044258238,0.9008954021341224
0.9874609786174366,1.1403010572548777
0.7742027591478347,1.7993944936837694
0.5813414455279133,0.906053949277543
0.6142906909949859,1.8735453719081212
0.43096614720439036,0.13911240743511222
0.5649694083297867,0.8093298580295993
1.0215833575243003,1.1835049838920764
0.605695912745329,0.43508154620223305
0.5911752910342586,-0.5270932150396177
0.600105643259295,-0.4525963798396101
1.1668143495343977,0.8245803764675934
0.9084397966104554,1.8710367177141483
0.6448776584894378,0.7070048571504215
0.5742243246874057,0.2435662004407736
0.6120774453373841,0.6850298488035741
0.43980093621544036,0.3712180054647163
0.6068647374590388,1.7309056841206227
0.7722354898314621,0.8842479501196426
1.0211304489423898,1.6902936226840675
0.6896205755731547,-0.546078232492818
0.5984298279787019,-0.2818988864043698
0.4437616788515778,0.1911960156361202
0.5509138110879033,1.2769443989840639
0.5915767641917035,-0.4812757060008879
0.6177083875659212,1.400779273725903
0.52759330126221,1.6987222063616905
0.4897268573913452,1.229488352141598
0.6543181539217775,0.5956831221367156
0.9397885329590923,-0.6015964943425496
1.0199635027198455,1.4297567510314513
0.8697605692828506,0.31796272716977014
0.7933574493873439,0.4161844392849245
1.2455252893782882,2.2692303556380997
0.9157351789739787,-0.3548484827421819
0.5563033638042588,0.4795111083106954
0.6800595236362144,-0.2623625953660649
0.995184908193371,0.4414377365885239
1.0296935853854656,0.7401327621742922
0.4782671096476785,0.48576244887629827
0.5977610858396402,-0.10744534193461218
0.482478667670829,-0.3754539279317513
1.1031588668942316,0.5964927134076039
0.7836876843243711,0.503423989002773
1.0082780082305518,0.7946251077182421
0.63395383896055,-0.12696573782979315
0.6436886126477231,1.7441379689938408
1.2244848163079847,0.6342031122622999
0.5928341212709896,0.7772838853692627
0.7914961815526264,1.416871655549444
0.8346623478380314,0.6878180621872207
0.6004049591705343,0.5914294297186375
0.5131342264084009,0.10275740892245297
1.003839421227979,-0.45379023612281666
0.5815725822464581,1.0880559238912493
0.5123656443312727,0.008891164548480213
0.6018659179569368,-0.3268162397943066
0.5967150389911176,-0.2281712636085449
0.5254342516835762,0.5169554575608861
0.5981812570043326,0.6301605684759086
0.6142344228463223,1.0891295189740462
1.2304090033778725,0.023214276204387915
0.6375831272245315,0.6755029591069028
0.6702079319713887,-0.3494751474513098
0.45649692210813825,0.6988858493544414
0.4749680576386224,0.0011934411536047296
0.9491993938502172,1.024503487698296
0.6779733747031234,-0.5343712093936825
0.6116276372608986,1.5766872658584434
0.8661605521884173,1.0593806067561709
0.8888711533218214,1.3310566586428239
0.5962931291706615,0.7165652479932876
0.9888879877007593,-0.148746787347112
1.1611762059797979,1.490043172619891
0.38699035213181543,0.5262912347508858
0.461662418708185,0.8589612738919359
0.6055046393911263,0.10595492694503944
0.6112262666472168,0.45978494738518927
0.5986935268968622,0.330741416833502
0.9467219049226483,0.384822572229894
1.1142999589115026,-0.4717725309571368
0.6036335262157,1.2882286975704966
1.0329217716275727,-0.476056381638449
1.104304149505743,-0.36571863187421505
0.5428324180074503,-0.26756396523055
0.8497532910821824,0.35021856863450374
0.8582199755925015,1.2124252200881935
1.1313048417773683,-0.27367121851995413
0.9891714537679366,-0.2073934275634986
0.5909368942192805,-0.07867327213956782
0.614937261706076,1.2610781366577357
0.809350649886388,1.7201915218654262
0.5344727774439789,0.95086698641135
0.6088176941757313,-0.0065459346736026595
0.38083290054135643,1.1151766909659275
0.9759402006416926,-0.3219139657914549
1.0614483831965162,1.1344098555855937
0.6707272644294353,1.5111330698926437
1.1300720156321817,1.1569029675393996
0.41180488246542146,1.6167835439657285
0.5159329402296848,-0.07741821171231453
0.62850631576913,0.418640983573885
0.5296319004349629,2.1519473711082138
1.2111325258199417,-0.5431932486341596
1.050467973323216,0.6513954572631923
1.2571812333534982,-0.09764908428038244
0.6023228825374374,0.035694241238269364
0.6741136874821001,1.1529297019618396
0.8719619266852386,1.7488826060169744
0.6260312529392171,0.7477822278181976
1.047072120609473,0.8059799478670235
0.8358827690090551,-0.11414298157426975
0.5928166754354316,0.8446239794461723
1.2043460101484411,-0.3883965314022487
0.5890823005378296,0.6142689841768558
0.9753365693366682,0.40681740208781275
0.9754207252976406,-0.18998241013151212
1.2625714232554033,1.1370989697185383
0.9615430870139208,0.6172420772254977
1.0323670603041986,1.414079090036422
0.6042535476413899,0.16368314066429468
0.5033111802038209,1.0718738865813116
1.0212909758714335,0.7819163958769231
0.41497610139459157,-0.3848009450672626
1.046114627386007,0.6488879144584043
0.9023441398524646,0.052569791937097
0.6351288614177182,0.8186047014082392
0.9943587365238646,-0.4957644008077045
0.8355738533047561,-0.15426542761535317
0.6047066530359779,0.34710094719261986
0.5312744887567924,0.6882799807000388
0.7635254979278718,1.2096302474674063
0.6184957886144677,-0.31768310824306517
0.5171585550004141,0.8608399814092575
0.4720857969523108,0.010351511392643342
0.6120394633290301,1.3668117410645553
0.7992478264471357,-0.1259541686641205
0.8354771072172968,0.7967987209579261
0.6352768369341752,-0.17700278665802627
0.5839890583556817,0.18405603087262462
1.1409608098344923,0.5871811348556114
0.5708655142971713,-0.7782453560557457
0.624850254010213,1.4880197558095372
0.6388897069957702,-0.33083999235256184
0.8533991693350739,-0.8008121623899946
1.212771298731756,-0.03624058390484502
0.6078183644991064,-0.5936670197405098
0.9747904513776231,1.9824065379201752
0.4637394820645575,1.4468771180183446
0.646696709649524,-0.46274551609519593
0.7880192910747904,-0.10310798094715139
0.5832970381360978,-0.44532090853416173
0.5849195516224274,-0.7761419955158152
1.1896509139800857,-0.4625998102976453
0.5815727947315553,-0.4371834191916339
1.074784870748019,-0.03395800741368685
0.977902141105792,-0.1521420799510534
0.8359092876422383,0.011832696502464718
0.7862454917543691,-0.5752298017070812
0.6219836330285788,1.4534478391478753
0.6229184950823982,1.2520789780020039
1.0614724572119965,0.4188899158816055
0.6000495374629287,0.6718348609494739
0.7896074911232227,1.1788249931783121
1.0819056449611328,-0.5511778013936288
0.4917115918188261,-0.20939489743751136
0.6888258964630446,1.1196267285585286
0.6326593152241654,0.4054903240817741
0.5863151277247204,-0.42558656955556595
0.8258651626251526,2.0828130373653115
0.9598164474457096,0.4246014674696323
1.167138933710077,-0.00957136635574582
0.6315814573075652,1.2858304153936253
1.1663574328762556,-0.3606161761910417
0.853464000108413,0.3452510573585863
0.6064167271718985,-0.5437056678786609
0.8896553280460767,-0.4849268224477204
1.1922568916672371,1.0532872000010771
1.1079591041057395,1.1667026605736532
1.12458851238905,0.030339117562169282
0.651577855888464,0.46294079484025275
0.582036282992796,0.5636935578930828
1.0372215203545592,0.9826062372037813
0.9214506362292811,0.5707445685549547
1.2870289170399676,-0.04144946276854511
0.4860142364867267,1.7823337859292732
0.47502202329247656,1.3167274092267525
0.6076444943584005,0.10828531690691857
0.6059793066563373,0.5297671955354694
0.6060869042602397,-0.35246985986874774
0.8847462571897768,-0.49311763507636136
0.5921313108148629,1.5409904676335995
0.6239257436220711,1.0492761983107552
0.5930437343347241,-0.20355368590115286
0.5828911717205195,0.6291302118956414
0.43621229388114713,0.6155919997186783
0.6258640460924517,-0.11790000307012843
1.0082534183993586,1.1292578885099909
1.092471882771096,0.9075738752254345
0.5751773274797587,-0.6348679265392849
1.0767513824767594,0.4299056707256472
0.5625321728257395,0.0621369150790865
0.6069480246904906,0.6346731083388775
0.8849078917098049,-0.48777502568776754
0.6103071545445116,1.5016266513043046
0.7800040360568024,1.5672128709359974
0.9961505723250645,0.17737618821233403
0.5987072480998687,-0.2670298614284984
1.2419140172810637,1.3259879440934483
0.7286725647054705,0.9169716740040623
0.448227289199816,0.3809193511057948
1.1113681595397178,0.7489772397137842
0.6518272675300493,0.4767062938850263
0.6034624142132818,-0.07933112807090932
1.0252280418779263,0.4233861083219047
0.7760514350058252,-0.34076396185553653
0.9155648550326597,0.8901068816504479
0.8788887942733705,0.16914118297592728
0.5474180347463714,-0.765543315830898
1.0905928398573366,-0.017316127084790342
0.7528606899976418,-0.5389196624951499
0.6057514443533167,0.9040025945177679
1.2920893083631186,-0.4768553482716106
0.7483324579375299,-0.4732195855767193
0.6273379395080289,1.8051275440962669
0.8919315798591123,-0.3230308194756052
0.9008350487388611,1.3714449156361415
1.1511594933594238,1.3630287602302746
0.614770848030701,0.4343023795690415
0.6301059329015807,-0.14140551578380126
0.7406179559342916,0.870104718444696
1.2576172858274983,-0.35628470893698505
0.4590499574506789,0.32588132227024813
0.8258441307180833,1.3318353359362243
0.7995582545122227,0.8014211160436953
0.7466216635572466,0.605562639137963
0.47204824545490903,-0.531956286369007
