i,val_rmse,val_r2,train_rmse,gap,model__l2_regularization,model__learning_rate,model__max_bins,model__max_depth,model__max_iter,model__max_leaf_nodes,model__min_samples_leaf
425,0.1141585738311903,0.7690740380411011,0.0716330335878668,0.0425255402433235,0.0,0.03,255,,800,15,20
2460,0.11481962191056558,0.7663918892341999,0.07085627448543556,0.043963347425130014,1.0,0.1,128,,200,15,50
2478,0.11481962191056558,0.7663918892341999,0.07085627448543556,0.043963347425130014,1.0,0.1,128,,800,15,50
2469,0.11481962191056558,0.7663918892341999,0.07085627448543556,0.043963347425130014,1.0,0.1,128,,400,15,50
1648,0.11536938934757783,0.7641494571809254,0.0734156444438484,0.041953744903729426,0.1,0.1,255,5.0,200,15,10
1666,0.11536938934757783,0.7641494571809254,0.0734156444438484,0.041953744903729426,0.1,0.1,255,5.0,800,15,10
1657,0.11536938934757783,0.7641494571809254,0.0734156444438484,0.041953744903729426,0.1,0.1,255,5.0,400,15,10
2127,0.1156903143455033,0.7628354932266845,0.07685984270966452,0.038830471635838776,1.0,0.03,255,7.0,800,15,50
2440,0.11631020368579201,0.7602871447537348,0.07216476315987844,0.04414544052591357,1.0,0.1,128,7.0,400,15,10
2431,0.11631020368579201,0.7602871447537348,0.07216476315987844,0.04414544052591357,1.0,0.1,128,7.0,200,15,10
2449,0.11631020368579201,0.7602871447537348,0.07216476315987844,0.04414544052591357,1.0,0.1,128,7.0,800,15,10
2037,0.11668892290925414,0.7587235387278266,0.08165817558136698,0.03503074732788716,1.0,0.03,128,,400,15,50
2046,0.1167131352680594,0.7586234010594801,0.08083997368999384,0.03587316157806557,1.0,0.03,128,,800,15,50
721,0.11683783404655552,0.7581073418108624,0.0627348450473107,0.05410298899924483,0.0,0.1,128,7.0,800,15,10
712,0.11683783404655552,0.7581073418108624,0.0627348450473107,0.05410298899924483,0.0,0.1,128,7.0,400,15,10
703,0.11712806906703978,0.756904085697127,0.06668140888257679,0.05044666018446299,0.0,0.1,128,7.0,200,15,10
2118,0.11771525516462268,0.7544606007042387,0.08162840534229526,0.03608684982232742,1.0,0.03,255,7.0,400,15,50
858,0.11835306111825548,0.751792624426788,0.07624030227195573,0.04211275884629975,0.0,0.1,255,,800,15,50
840,0.11835306111825548,0.751792624426788,0.07624030227195573,0.04211275884629975,0.0,0.1,255,,200,15,50
849,0.11835306111825548,0.751792624426788,0.07624030227195573,0.04211275884629975,0.0,0.1,255,,400,15,50
2045,0.11839977483790698,0.7515966518368276,0.0784392666984164,0.03996050813949058,1.0,0.03,128,,800,15,20
318,0.11877355407520067,0.750025794607339,0.07754322464561016,0.04123032942959051,0.0,0.03,128,,800,15,50
416,0.11910564199599225,0.7486259970430675,0.08074174791740497,0.03836389407858727,0.0,0.03,255,,400,15,20
398,0.11925671730436824,0.7479878998163265,0.07867571051562226,0.040581006788745974,0.0,0.03,255,7.0,800,15,20
2369,0.11938377650738495,0.747450613279568,0.07072584005888237,0.04865793644850258,1.0,0.05,255,,800,15,20
2360,0.11938377650738495,0.747450613279568,0.07072584005888237,0.04865793644850258,1.0,0.05,255,,400,15,20
704,0.11970842011164771,0.7460752166818512,0.07027301640505575,0.04943540370659197,0.0,0.1,128,7.0,200,15,20
848,0.11974203314111576,0.7459325971482078,0.06744670102599419,0.052295332115121565,0.0,0.1,255,,400,15,20
857,0.11974203314111576,0.7459325971482078,0.06744670102599419,0.052295332115121565,0.0,0.1,255,,800,15,20
839,0.11976815826250911,0.745821721031418,0.06878410985734226,0.05098404840516685,0.0,0.1,255,,200,15,20
713,0.11978115126263157,0.7457665691848011,0.07004442883080621,0.049736722431825364,0.0,0.1,128,7.0,400,15,20
722,0.11978115126263157,0.7457665691848011,0.07004442883080621,0.049736722431825364,0.0,0.1,128,7.0,800,15,20
2154,0.11989736684510127,0.7452729987169028,0.08150226682076274,0.03839510002433853,1.0,0.03,255,,800,15,50
2145,0.11996316903313359,0.7449933229569827,0.08232118140652413,0.03764198762660946,1.0,0.03,255,,400,15,50
389,0.12007486286942815,0.7445182449156347,0.08290164856255784,0.0371732143068703,0.0,0.03,255,7.0,400,15,20
633,0.12041865913301339,0.7430531686684652,0.08031972805262472,0.04009893108038867,0.0,0.05,255,,400,15,50
642,0.12041865913301339,0.7430531686684652,0.08031972805262472,0.04009893108038867,0.0,0.05,255,,800,15,50
2036,0.12071274422826664,0.7417966108397636,0.08361193778818225,0.037100806440084386,1.0,0.03,128,,400,15,20
309,0.12085447630445517,0.7411899278145798,0.08454034379282029,0.036314132511634886,0.0,0.03,128,,400,15,50
1263,0.12094663407541222,0.7407950652653512,0.08141094259637274,0.03953569147903947,0.1,0.03,255,7.0,800,15,50
2568,0.12133154181371342,0.7391426217243322,0.07079891863993805,0.05053262317377537,1.0,0.1,255,,200,15,50
2577,0.1213461643907393,0.7390797421647216,0.0706896577525582,0.050656506638181095,1.0,0.1,255,,400,15,50
2586,0.1213461643907393,0.7390797421647216,0.0706896577525582,0.050656506638181095,1.0,0.1,255,,800,15,50
1506,0.1215200948366667,0.7383312306489058,0.07683877754809756,0.04468131728856914,0.1,0.05,255,,800,15,50
1497,0.1215200948366667,0.7383312306489058,0.07683877754809756,0.04468131728856914,0.1,0.05,255,,400,15,50
1567,0.1218924586786193,0.7367251543720217,0.08323263801831643,0.038659820660302865,0.1,0.1,128,7.0,200,15,10
1576,0.1218924586786193,0.7367251543720217,0.08323263801831643,0.038659820660302865,0.1,0.1,128,7.0,400,15,10
1585,0.1218924586786193,0.7367251543720217,0.08323263801831643,0.038659820660302865,0.1,0.1,128,7.0,800,15,10
1254,0.12210742051167081,0.7357957458283775,0.08347008122440382,0.038637339287266995,0.1,0.03,255,7.0,400,15,50
1144,0.12223732553776104,0.735233294881868,0.08391851049646162,0.038318815041299414,0.1,0.03,128,7.0,400,15,10
1153,0.12225291335664572,0.7351657639771133,0.08372332271527677,0.038529590641368947,0.1,0.03,128,7.0,800,15,10
2539,0.12226981673223576,0.7350925239713398,0.07972157259582716,0.042548244136408606,1.0,0.1,255,7.0,200,15,10
2557,0.12226981673223576,0.7350925239713398,0.07972157259582716,0.042548244136408606,1.0,0.1,255,7.0,800,15,10
2548,0.12226981673223576,0.7350925239713398,0.07972157259582716,0.042548244136408606,1.0,0.1,255,7.0,400,15,10
506,0.12235075676837712,0.7347416815769188,0.078253869787598,0.04409688698077911,0.0,0.05,128,7.0,800,15,20
497,0.12235075676837712,0.7347416815769188,0.078253869787598,0.04409688698077911,0.0,0.05,128,7.0,400,15,20
631,0.12246606946117396,0.7342414465826939,0.07667990573133245,0.04578616372984151,0.0,0.05,255,,400,15,10
640,0.12246606946117396,0.7342414465826939,0.07667990573133245,0.04578616372984151,0.0,0.05,255,,800,15,10
1184,0.12255112833662557,0.7338721528837073,0.04714866510911002,0.07540246322751555,0.1,0.03,128,,800,31,20
2224,0.12325721700116088,0.7307966824581278,0.07821989385793458,0.045037323143226296,1.0,0.05,128,7.0,400,15,10
2233,0.12325721700116088,0.7307966824581278,0.07821989385793458,0.045037323143226296,1.0,0.05,128,7.0,800,15,10
804,0.12417583653321536,0.7267690569531581,0.0791369497122077,0.045038886821007665,0.0,0.1,255,5.0,800,15,50
795,0.12417583653321536,0.7267690569531581,0.0791369497122077,0.045038886821007665,0.0,0.1,255,5.0,400,15,50
786,0.12417583653321536,0.7267690569531581,0.0791369497122077,0.045038886821007665,0.0,0.1,255,5.0,200,15,50
2262,0.12421136703097355,0.7266126751551764,0.0835330450625476,0.04067832196842594,1.0,0.05,128,,800,15,50
2253,0.12421136703097355,0.7266126751551764,0.0835330450625476,0.04067832196842594,1.0,0.05,128,,400,15,50
424,0.12426691540916222,0.7263680982121897,0.07242565262163321,0.05184126278752901,0.0,0.03,255,,800,15,10
739,0.1243890787822967,0.7258298338321472,0.07120378284640397,0.05318529593589273,0.0,0.1,128,,400,15,10
748,0.1243890787822967,0.7258298338321472,0.07120378284640397,0.05318529593589273,0.0,0.1,128,,800,15,10
730,0.1244822327129514,0.7254190326227035,0.07283129310342491,0.05165093960952649,0.0,0.1,128,,200,15,10
488,0.12462475200620667,0.7247899390367656,0.09020009437125176,0.034424657634954905,0.0,0.05,128,7.0,200,15,20
1391,0.12463486771286188,0.724745259995309,0.056372158049290806,0.06826270966357106,0.1,0.05,128,,400,31,20
1400,0.12463486771286188,0.724745259995309,0.056372158049290806,0.06826270966357106,0.1,0.05,128,,800,31,20
1469,0.12477622470802482,0.7241205351737703,0.08415150722890678,0.04062471747911804,0.1,0.05,255,7.0,400,15,20
1478,0.12477622470802482,0.7241205351737703,0.08415150722890678,0.04062471747911804,0.1,0.05,255,7.0,800,15,20
1181,0.1251140545478356,0.722624633452321,0.08420097409707035,0.04091308045076526,0.1,0.03,128,,800,15,20
1172,0.12515448643726587,0.7224453310984502,0.0851597608996014,0.03999472553766448,0.1,0.03,128,,400,15,20
417,0.12553933312904003,0.7207357603539831,0.08737157070003662,0.03816776242900341,0.0,0.03,255,,400,15,50
426,0.12553933312904003,0.7207357603539831,0.08737157070003662,0.03816776242900341,0.0,0.03,255,,800,15,50
1183,0.1255473372842229,0.7207001484781843,0.054766500805763584,0.07078083647845931,0.1,0.03,128,,800,31,10
2153,0.12582046775951414,0.7194835829521491,0.08326638666842723,0.04255408109108691,1.0,0.03,255,,800,15,20
2458,0.12595212210999288,0.7188962297315502,0.071780612437337,0.05417150967265588,1.0,0.1,128,,200,15,10
2144,0.12596792797541567,0.7188256732840332,0.0860251693525363,0.03994275862287937,1.0,0.03,255,,400,15,20
2467,0.12606089494032285,0.7184104950701806,0.063361834160332,0.06269906077999085,1.0,0.1,128,,400,15,10
2476,0.12606089494032285,0.7184104950701806,0.063361834160332,0.06269906077999085,1.0,0.1,128,,800,15,10
291,0.12629957319265744,0.7173431868216051,0.08614429373318344,0.040155279459474,0.0,0.03,128,7.0,800,15,50
282,0.12637097637259212,0.7170234976908622,0.0884048712443772,0.037966105128214925,0.0,0.03,128,7.0,400,15,50
1180,0.1265666698193919,0.716146405089212,0.09009843911949157,0.036468230699900336,0.1,0.03,128,,800,15,10
1171,0.1265666698193919,0.716146405089212,0.09009843911949157,0.036468230699900336,0.1,0.03,128,,400,15,10
1292,0.12661653622872568,0.7159226882447298,0.05491563894878357,0.07170089727994211,0.1,0.03,255,,800,31,20
525,0.1267632943397792,0.715263772557856,0.09335717601406618,0.033406118325713025,0.0,0.05,128,,400,15,50
516,0.1267632943397792,0.715263772557856,0.09335717601406618,0.033406118325713025,0.0,0.05,128,,200,15,50
534,0.1267632943397792,0.715263772557856,0.09335717601406618,0.033406118325713025,0.0,0.05,128,,800,15,50
1261,0.12702727797609714,0.7140766154849894,0.08492186580581743,0.042105412170279716,0.1,0.03,255,7.0,800,15,10
289,0.12733287078078534,0.712699254151278,0.08826763580141589,0.03906523497936945,0.0,0.03,128,7.0,800,15,10
280,0.12733287078078534,0.712699254151278,0.08826763580141589,0.03906523497936945,0.0,0.03,128,7.0,400,15,10
1289,0.12741291157906082,0.7123379490394459,0.08479836791265205,0.042614543666408766,0.1,0.03,255,,800,15,20
641,0.1278881710803632,0.7101879455894607,0.08207083691887844,0.04581733416148477,0.0,0.05,255,,800,15,20
632,0.1278881710803632,0.7101879455894607,0.08207083691887844,0.04581733416148477,0.0,0.05,255,,400,15,20
1174,0.12791348248840623,0.7100732160249847,0.061390006294486384,0.06652347619391985,0.1,0.03,128,,400,31,10
595,0.1280070590142057,0.7096488625572579,0.0916247629392548,0.0363822960749509,0.0,0.05,255,7.0,200,15,10
622,0.12802521712993115,0.7095664826707944,0.0909376239770805,0.03708759315285065,0.0,0.05,255,,200,15,10
604,0.12807695212891915,0.7093317068355253,0.09089050965950383,0.03718644246941531,0.0,0.05,255,7.0,400,15,10
613,0.12807695212891915,0.7093317068355253,0.09089050965950383,0.03718644246941531,0.0,0.05,255,7.0,800,15,10
2143,0.12809870784770863,0.7092329500392767,0.08777878217762428,0.040319925670084356,1.0,0.03,255,,400,15,10
2152,0.12810406085791715,0.7092086482873842,0.08763447561150514,0.040469585246412004,1.0,0.03,255,,800,15,10
1146,0.12841195504702937,0.7078091522572125,0.0925331371804559,0.03587881786657347,0.1,0.03,128,7.0,400,15,50
1155,0.12841195504702937,0.7078091522572125,0.0925331371804559,0.03587881786657347,0.1,0.03,128,7.0,800,15,50
1252,0.12847869166281814,0.7075053659713311,0.08858890475228853,0.03988978691052961,0.1,0.03,255,7.0,400,15,10
1504,0.12850860113421472,0.7073691662938053,0.07957003591901651,0.04893856521519821,0.1,0.05,255,,800,15,10
1495,0.12850860113421472,0.7073691662938053,0.07957003591901651,0.04893856521519821,0.1,0.05,255,,400,15,10
1175,0.12853685414655774,0.7072404805665681,0.060453978074383186,0.06808287607217456,0.1,0.03,128,,400,31,20
1363,0.1286814880718429,0.7065812644749473,0.06162315847941407,0.06705832959242883,0.1,0.05,128,7.0,400,31,10
1372,0.1286814880718429,0.7065812644749473,0.06162315847941407,0.06705832959242883,0.1,0.05,128,7.0,800,31,10
388,0.1287783879528089,0.7061391970725437,0.0906260243908227,0.038152363561986216,0.0,0.03,255,7.0,400,15,10
397,0.1287783879528089,0.7061391970725437,0.0906260243908227,0.038152363561986216,0.0,0.03,255,7.0,800,15,10
317,0.1288164485618574,0.7059654695688509,0.08168857492803164,0.047127873633825756,0.0,0.03,128,,800,15,20
624,0.12894833114284357,0.7053630948919252,0.09436074666860557,0.034587584474238,0.0,0.05,255,,200,15,50
2255,0.12919626097901102,0.7042290049019506,0.057357516657882905,0.0718387443211281,1.0,0.05,128,,400,31,20
2264,0.12919626097901102,0.7042290049019506,0.057357516657882905,0.0718387443211281,1.0,0.05,128,,800,31,20
1283,0.1292432395435571,0.7040138682885256,0.06064777033319126,0.06859546921036583,0.1,0.03,255,,400,31,20
2343,0.12928606371366216,0.7038176884270495,0.09095388905897751,0.03833217465468465,1.0,0.05,255,7.0,800,15,50
2334,0.12928606371366216,0.7038176884270495,0.09095388905897751,0.03833217465468465,1.0,0.05,255,7.0,400,15,50
1280,0.1293778889835421,0.7033968127620656,0.08877988102713696,0.04059800795640514,0.1,0.03,255,,400,15,20
2370,0.12937850455296854,0.7033939903278825,0.08885144956538772,0.040527054987580816,1.0,0.05,255,,800,15,50
2361,0.12937850455296854,0.7033939903278825,0.08885144956538772,0.040527054987580816,1.0,0.05,255,,400,15,50
1382,0.12943831037109765,0.7031197119221263,0.0658920637970166,0.06354624657408105,0.1,0.05,128,,200,31,20
1500,0.12953130057931247,0.7026929931813131,0.058548228093822756,0.07098307248548971,0.1,0.05,255,,400,31,50
1509,0.12953130057931247,0.7026929931813131,0.058548228093822756,0.07098307248548971,0.1,0.05,255,,800,31,50
831,0.1295744224844561,0.7024950089335136,0.0826308895864613,0.046943532897994814,0.0,0.1,255,7.0,800,15,50
822,0.1295744224844561,0.7024950089335136,0.0826308895864613,0.046943532897994814,0.0,0.1,255,7.0,400,15,50
813,0.1295744224844561,0.7024950089335136,0.0826308895864613,0.046943532897994814,0.0,0.1,255,7.0,200,15,50
1460,0.12966242492785016,0.7020907616090407,0.09345195527420536,0.0362104696536448,0.1,0.05,255,7.0,200,15,20
427,0.12969984151847408,0.7019188019017222,0.05480973508636648,0.0748901064321076,0.0,0.03,255,,800,31,10
2019,0.12971429557168598,0.7018523604701529,0.09451252743665488,0.035201768135031106,1.0,0.03,128,7.0,800,15,50
2010,0.12971429557168598,0.7018523604701529,0.09451252743665488,0.035201768135031106,1.0,0.03,128,7.0,400,15,50
1597,0.1297308381603233,0.7017763095116665,0.05136567440508594,0.07836516375523736,0.1,0.1,128,,200,31,10
1606,0.12979440031975872,0.7014840060662704,0.05020369063079122,0.0795907096889675,0.1,0.1,128,,400,31,10
1615,0.12979440031975872,0.7014840060662704,0.05020369063079122,0.0795907096889675,0.1,0.1,128,,800,31,10
496,0.12982985780830195,0.7013208854204889,0.09613374350946592,0.033696114298836025,0.0,0.05,128,7.0,400,15,10
505,0.12982985780830195,0.7013208854204889,0.09613374350946592,0.033696114298836025,0.0,0.05,128,7.0,800,15,10
487,0.12982985780830195,0.7013208854204889,0.09613374350946592,0.033696114298836025,0.0,0.05,128,7.0,200,15,10
614,0.12987603380821858,0.7011083879312727,0.08751401851345181,0.04236201529476677,0.0,0.05,255,7.0,800,15,20
605,0.12987603380821858,0.7011083879312727,0.08751401851345181,0.04236201529476677,0.0,0.05,255,7.0,400,15,20
292,0.13002266627555273,0.700433098516758,0.06100629326510363,0.0690163730104491,0.0,0.03,128,7.0,800,31,10
1333,0.1300412563303144,0.7003474309423935,0.09034865466592407,0.03969260166439034,0.1,0.05,128,5.0,400,15,10
1342,0.1300412563303144,0.7003474309423935,0.09034865466592407,0.03969260166439034,0.1,0.05,128,5.0,800,15,10
1488,0.13004376916693375,0.7003358502295505,0.09401993297787595,0.0360238361890578,0.1,0.05,255,,200,15,50
1580,0.1300794609601778,0.7001713361018159,0.06331813584222358,0.06676132511795423,0.1,0.1,128,7.0,400,31,20
1589,0.1300794609601778,0.7001713361018159,0.06331813584222358,0.06676132511795423,0.1,0.1,128,7.0,800,31,20
1571,0.1300794609601778,0.7001713361018159,0.06331813584222358,0.06676132511795423,0.1,0.1,128,7.0,200,31,20
2049,0.13009805967623245,0.7000855911763435,0.06170735937422749,0.06839070030200495,1.0,0.03,128,,800,31,50
1279,0.13021718395212575,0.6995361065241998,0.08875231289955503,0.041464871052570726,0.1,0.03,255,,400,15,10
1288,0.13021718395212575,0.6995361065241998,0.08875231289955503,0.041464871052570726,0.1,0.03,255,,800,15,10
283,0.130258532644004,0.6993452598006389,0.06375439135827979,0.06650414128572421,0.0,0.03,128,7.0,400,31,10
2359,0.13031031982459076,0.6991061483025869,0.08408311806174387,0.04622720176284689,1.0,0.05,255,,400,15,10
2368,0.13031031982459076,0.6991061483025869,0.08408311806174387,0.04622720176284689,1.0,0.05,255,,800,15,10
842,0.13052680677819162,0.6981055567576223,0.05393729486918709,0.07658951190900454,0.0,0.1,255,,200,31,20
860,0.13052680677819162,0.6981055567576223,0.05393729486918709,0.07658951190900454,0.0,0.1,255,,800,31,20
851,0.13052680677819162,0.6981055567576223,0.05393729486918709,0.07658951190900454,0.0,0.1,255,,400,31,20
2244,0.13070666797884253,0.6972729843617331,0.09599407182673493,0.0347125961521076,1.0,0.05,128,,200,15,50
2215,0.13077064901687457,0.6969765415019973,0.0955890445698849,0.03518160444698967,1.0,0.05,128,7.0,200,15,10
2018,0.13081739227902056,0.6967598745887316,0.09370136038766991,0.037116031891350654,1.0,0.03,128,7.0,800,15,20
2009,0.13081739227902056,0.6967598745887316,0.09370136038766991,0.037116031891350654,1.0,0.03,128,7.0,400,15,20
937,0.13087390418277256,0.6964978241392413,0.10021459675313368,0.030659307429638877,0.1,0.01,128,7.0,800,15,10
2040,0.1309072592064317,0.6963431009749258,0.06561542805370749,0.06529183115272422,1.0,0.03,128,,400,31,50
1291,0.13095708474256787,0.6961119029920178,0.057690801911206055,0.07326628283136181,0.1,0.03,255,,800,31,10
2125,0.1310991418424788,0.6954522536708488,0.09111716845883917,0.03998197338363964,1.0,0.03,255,7.0,800,15,10
2116,0.1310991418424788,0.6954522536708488,0.09111716845883917,0.03998197338363964,1.0,0.03,255,7.0,400,15,10
1470,0.13122255191849863,0.6948786122273578,0.08819790273302773,0.0430246491854709,0.1,0.05,255,7.0,400,15,50
1479,0.13122255191849863,0.6948786122273578,0.08819790273302773,0.0430246491854709,0.1,0.05,255,7.0,800,15,50
2147,0.1312293104346194,0.6948471813354404,0.06397779350418219,0.06725151693043722,1.0,0.03,255,,400,31,20
2156,0.1312293104346194,0.6948471813354404,0.06397779350418219,0.06725151693043722,1.0,0.03,255,,800,31,20
1694,0.13128904354300291,0.6945693184892643,0.08640149612345158,0.04488754741955134,0.1,0.1,255,7.0,800,15,20
1685,0.13128904354300291,0.6945693184892643,0.08640149612345158,0.04488754741955134,0.1,0.1,255,7.0,400,15,20
1676,0.13128904354300291,0.6945693184892643,0.08640149612345158,0.04488754741955134,0.1,0.1,255,7.0,200,15,20
2351,0.13160246574008563,0.6931092877389481,0.09609636548814596,0.035506100251939676,1.0,0.05,255,,200,15,20
1281,0.13162648773353441,0.6929972412135006,0.09669775266398264,0.03492873506955177,0.1,0.03,255,,400,15,50
1290,0.13162648773353441,0.6929972412135006,0.09669775266398264,0.03492873506955177,0.1,0.03,255,,800,15,50
2341,0.1317583716005336,0.6923817268797745,0.08332809726642129,0.048430274334112317,1.0,0.05,255,7.0,800,15,10
2332,0.1317583716005336,0.6923817268797745,0.08332809726642129,0.048430274334112317,1.0,0.05,255,7.0,400,15,10
1508,0.13176554550106404,0.6923482279385872,0.054623686657969496,0.07714185884309455,0.1,0.05,255,,800,31,20
1499,0.13176554550106404,0.6923482279385872,0.054623686657969496,0.07714185884309455,0.1,0.05,255,,400,31,20
1579,0.13198767940535755,0.6913100583071649,0.0638238809897727,0.06816379841558486,0.1,0.1,128,7.0,400,31,10
1588,0.13198767940535755,0.6913100583071649,0.0638238809897727,0.06816379841558486,0.1,0.1,128,7.0,800,31,10
1570,0.13198767940535755,0.6913100583071649,0.0638238809897727,0.06816379841558486,0.1,0.1,128,7.0,200,31,10
308,0.13204684789683827,0.6910332322853052,0.09149283565891209,0.04055401223792618,0.0,0.03,128,,400,15,20
1293,0.13216691327498611,0.6904711124390921,0.07274550084627164,0.059421412428714473,0.1,0.03,255,,800,31,50
1284,0.13216691327498611,0.6904711124390921,0.07274550084627164,0.059421412428714473,0.1,0.03,255,,400,31,50
1938,0.13254878744610007,0.6886798646060677,0.10198488588904484,0.03056390155705524,1.0,0.01,255,,800,15,50
2325,0.1326039691261182,0.6884205978956832,0.09684596558719791,0.03575800353892028,1.0,0.05,255,7.0,200,15,50
681,0.13271957717224217,0.6878770728677508,0.09029522599985991,0.04242435117238226,0.0,0.1,128,5.0,200,31,50
684,0.13271957717224217,0.6878770728677508,0.09029522599985991,0.04242435117238226,0.0,0.1,128,5.0,200,63,50
690,0.13271957717224217,0.6878770728677508,0.09029522599985991,0.04242435117238226,0.0,0.1,128,5.0,400,31,50
693,0.13271957717224217,0.6878770728677508,0.09029522599985991,0.04242435117238226,0.0,0.1,128,5.0,400,63,50
702,0.13271957717224217,0.6878770728677508,0.09029522599985991,0.04242435117238226,0.0,0.1,128,5.0,800,63,50
699,0.13271957717224217,0.6878770728677508,0.09029522599985991,0.04242435117238226,0.0,0.1,128,5.0,800,31,50
1706,0.13287357716594028,0.6871523144431824,0.05124372170065726,0.08162985546528302,0.1,0.1,255,,200,31,20
1830,0.1328974883403478,0.6870397077261652,0.10303395029385419,0.029863538046493623,1.0,0.01,128,,800,15,50
1156,0.13292519633520003,0.686909195009292,0.06509773934021428,0.06782745699498575,0.1,0.03,128,7.0,800,31,10
1147,0.13292519633520003,0.686909195009292,0.06509773934021428,0.06782745699498575,0.1,0.03,128,7.0,400,31,10
293,0.13298485056516934,0.6866281138843232,0.0638551478778598,0.06912970268730954,0.0,0.03,128,7.0,800,31,20
1282,0.13302436029733117,0.6864418809643352,0.06180849296196237,0.0712158673353688,0.1,0.03,255,,400,31,10
74,0.1330354045153388,0.6863898130878467,0.10266685159110552,0.03036855292423328,0.0,0.01,128,7.0,800,15,20
1715,0.13305227956728727,0.6863102474434636,0.04958177004450617,0.0834705095227811,0.1,0.1,255,,400,31,20
1724,0.13305227956728727,0.6863102474434636,0.04958177004450617,0.0834705095227811,0.1,0.1,255,,800,31,20
320,0.13306635841876102,0.6862438581247923,0.06600841957442563,0.06705793884433539,0.0,0.03,128,,800,31,20
311,0.13306635841876102,0.6862438581247923,0.06600841957442563,0.06705793884433539,0.0,0.03,128,,400,31,20
284,0.13307497410628724,0.686203227082909,0.06585044903253373,0.06722452507375351,0.0,0.03,128,7.0,400,31,20
2584,0.13318218110940028,0.6856974255564376,0.07644552385890112,0.05673665725049916,1.0,0.1,255,,800,15,10
2575,0.13318218110940028,0.6856974255564376,0.07644552385890112,0.05673665725049916,1.0,0.1,255,,400,15,10
2566,0.13318218110940028,0.6856974255564376,0.07644552385890112,0.05673665725049916,1.0,0.1,255,,200,15,10
1354,0.1332337259907382,0.6854540923446276,0.07208084277200857,0.06115288321872964,0.1,0.05,128,7.0,200,31,10
1480,0.13325591777599938,0.685349300310663,0.054880324300065085,0.07837559347593429,0.1,0.05,255,7.0,800,31,10
1471,0.13325591777599938,0.685349300310663,0.054880324300065085,0.07837559347593429,0.1,0.05,255,7.0,400,31,10
2020,0.13338947684467461,0.6847182511964582,0.05819805365491123,0.07519142318976338,1.0,0.03,128,7.0,800,31,10
102,0.13339827714913674,0.6846766487106839,0.10302374617962025,0.03037453096951649,0.0,0.01,128,,800,15,50
103,0.13341903905694685,0.684578488165433,0.07468887964152612,0.05873015941542073,0.0,0.01,128,,800,31,10
1940,0.13342967253905208,0.6845282080452453,0.07577635155124965,0.05765332098780243,1.0,0.01,255,,800,31,20
643,0.13351322707498403,0.6841329833280585,0.04697331679377963,0.08653991028120439,0.0,0.05,255,,800,31,10
2236,0.13372524506829164,0.6831289979399824,0.061729540133758455,0.0719957049345332,1.0,0.05,128,7.0,800,31,10
2227,0.13372524506829164,0.6831289979399824,0.061729540133758455,0.0719957049345332,1.0,0.05,128,7.0,400,31,10
596,0.13376566847203455,0.6829373970131425,0.09685019898072733,0.03691546949130722,0.0,0.05,255,7.0,200,15,20
2048,0.13384267717036147,0.682572226982338,0.06283287404279468,0.07100980312756679,1.0,0.03,128,,800,31,20
2039,0.13391025116385474,0.682251622561006,0.06378227728900958,0.07012797387484516,1.0,0.03,128,,400,31,20
418,0.1339523878145132,0.6820516235504487,0.06322688751409329,0.07072550030041992,0.0,0.03,255,,400,31,10
532,0.13396343818930764,0.6819991632143099,0.09282457101781402,0.04113886717149362,0.0,0.05,128,,800,15,10
523,0.13396343818930764,0.6819991632143099,0.09282457101781402,0.04113886717149362,0.0,0.05,128,,400,15,10
1388,0.134067632749523,0.6815042991930709,0.09939310683031444,0.034674525919208554,0.1,0.05,128,,400,15,20
1379,0.134067632749523,0.6815042991930709,0.09939310683031444,0.034674525919208554,0.1,0.05,128,,200,15,20
1397,0.134067632749523,0.6815042991930709,0.09939310683031444,0.034674525919208554,0.1,0.05,128,,800,15,20
2352,0.1341079773482,0.6813125823057034,0.0984035311618107,0.03570444618638931,1.0,0.05,255,,200,15,50
939,0.13417062858033008,0.6810147503113098,0.10438186528707082,0.02978876329325926,0.1,0.01,128,7.0,800,15,50
1991,0.1341901666943164,0.6809218413935005,0.09561274731070578,0.03857741938361063,1.0,0.03,128,5.0,800,15,20
1982,0.13424973469142099,0.6806384962582266,0.09707963270830255,0.03717010198311843,1.0,0.03,128,5.0,400,15,20
1714,0.13426806025436985,0.6805513023610354,0.05568172227723011,0.07858633797713974,0.1,0.1,255,,400,31,10
1723,0.13426806025436985,0.6805513023610354,0.05568172227723011,0.07858633797713974,0.1,0.1,255,,800,31,10
1705,0.13426806025436985,0.6805513023610354,0.05568172227723011,0.07858633797713974,0.1,0.1,255,,200,31,10
401,0.13435386127578958,0.6801428987234044,0.06744234662235435,0.06691151465343523,0.0,0.03,255,7.0,800,31,20
392,0.1343966495516384,0.679939133634797,0.0681862925123524,0.066210357039286,0.0,0.03,255,7.0,400,31,20
2008,0.13458480259126834,0.6790423467154334,0.09407321087353109,0.04051159171773726,1.0,0.03,128,7.0,400,15,10
1461,0.13465576728076645,0.6787037844903326,0.09841402256513254,0.036241744715633906,0.1,0.05,255,7.0,200,15,50
2017,0.13467491318412456,0.6786124115957473,0.09149264480045532,0.04318226838366923,1.0,0.03,128,7.0,800,15,10
1076,0.1346912472905154,0.6785344475965682,0.07635473722020186,0.05833651007031354,0.1,0.01,255,,800,31,20
73,0.13472108855553694,0.6783919884299887,0.10350792972873547,0.031213158826801465,0.0,0.01,128,7.0,800,15,10
634,0.1347589203083694,0.6782113381209285,0.051893274339382914,0.08286564596898648,0.0,0.05,255,,400,31,10
1981,0.13490632845218475,0.6775069660081663,0.09723258059098461,0.037673747861200146,1.0,0.03,128,5.0,400,15,10
1990,0.13490632845218475,0.6775069660081663,0.09723258059098461,0.037673747861200146,1.0,0.03,128,5.0,800,15,10
644,0.13492204764432889,0.6774318082989315,0.06433772747026,0.07058432017406889,0.0,0.05,255,,800,31,20
635,0.13492204764432889,0.6774318082989315,0.06433772747026,0.07058432017406889,0.0,0.05,255,,400,31,20
1801,0.13498921098410122,0.6771105835661817,0.1043644199868366,0.030624790997264617,1.0,0.01,128,7.0,800,15,10
1486,0.13499787043890538,0.6770691560184527,0.09638474431007403,0.038613126128831346,0.1,0.05,255,,200,15,10
2246,0.1351076936838254,0.6765435219636782,0.06822894700759712,0.06687874667622827,1.0,0.05,128,,200,31,20
100,0.13519622053062177,0.6761195052043261,0.10376440984675217,0.031431810683869604,0.0,0.01,128,,800,15,10
514,0.13531148701947124,0.6755669974209116,0.09805678617089196,0.03725470084857928,0.0,0.05,128,,200,15,10
2021,0.13533325497048812,0.6754626040700495,0.06426750527546309,0.07106574969502504,1.0,0.03,128,7.0,800,31,20
2345,0.13541581152773877,0.6750665319855165,0.07407832808989227,0.06133748343784649,1.0,0.05,255,7.0,800,31,20
2336,0.13541581152773877,0.6750665319855165,0.07407832808989227,0.06133748343784649,1.0,0.05,255,7.0,400,31,20
2327,0.13541581152773877,0.6750665319855165,0.07407832808989227,0.06133748343784649,1.0,0.05,255,7.0,200,31,20
1176,0.13544540412191636,0.6749245001976085,0.0686285694099316,0.06681683471198475,0.1,0.03,128,,400,31,50
1185,0.13544540412191636,0.6749245001976085,0.0686285694099316,0.06681683471198475,0.1,0.03,128,,800,31,50
965,0.13548672726327016,0.6747261148765317,0.10431506871226401,0.03117165855100615,0.1,0.01,128,,800,15,20
460,0.13559560321379352,0.6742031303225213,0.1029363838748882,0.032659219338905324,0.0,0.05,128,5.0,200,15,10
478,0.13559560321379352,0.6742031303225213,0.1029363838748882,0.032659219338905324,0.0,0.05,128,5.0,800,15,10
469,0.13559560321379352,0.6742031303225213,0.1029363838748882,0.032659219338905324,0.0,0.05,128,5.0,400,15,10
1828,0.1356611422920117,0.6738881114534236,0.1046649574613994,0.03099618483061231,1.0,0.01,128,,800,15,10
615,0.13567167035795719,0.6738374932641181,0.0942525520986385,0.04141911825931868,0.0,0.05,255,7.0,800,15,50
606,0.13567167035795719,0.6738374932641181,0.0942525520986385,0.04141911825931868,0.0,0.05,255,7.0,400,15,50
2471,0.13568526620110963,0.6737721196092727,0.06945399333447518,0.06623127286663445,1.0,0.1,128,,400,31,20
2480,0.13568526620110963,0.6737721196092727,0.06945399333447518,0.06623127286663445,1.0,0.1,128,,800,31,20
2462,0.13568526620110963,0.6737721196092727,0.06945399333447518,0.06623127286663445,1.0,0.1,128,,200,31,20
307,0.13577969555042674,0.6733178889210898,0.09823558970854408,0.037544105841882655,0.0,0.03,128,,400,15,10
316,0.13577969555042674,0.6733178889210898,0.09823558970854408,0.037544105841882655,0.0,0.03,128,,800,15,10
1443,0.1358298304069516,0.6730765982861184,0.09352316663478942,0.042306663772162176,0.1,0.05,255,5.0,400,15,50
1452,0.1358298304069516,0.6730765982861184,0.09352316663478942,0.042306663772162176,0.1,0.05,255,5.0,800,15,50
101,0.1358833941477857,0.6728187065838344,0.10515381851880642,0.030729575628979267,0.0,0.01,128,,800,15,20
2445,0.13588582925226772,0.6728069799445661,0.07087029210381922,0.0650155371484485,1.0,0.1,128,7.0,400,31,50
2454,0.13588582925226772,0.6728069799445661,0.07087029210381922,0.0650155371484485,1.0,0.1,128,7.0,800,31,50
2436,0.13588582925226772,0.6728069799445661,0.07087029210381922,0.0650155371484485,1.0,0.1,128,7.0,200,31,50
2218,0.1359247382892579,0.6726195786823439,0.07311828858187056,0.06280644970738736,1.0,0.05,128,7.0,200,31,10
209,0.13600417599793915,0.6722368087725468,0.10413113141146611,0.03187304458647304,0.0,0.01,255,,800,15,20
1047,0.13601069822137346,0.6722053715610061,0.1050329561540318,0.030977742067341663,0.1,0.01,255,7.0,800,15,50
1911,0.13609063284159315,0.6718199630735153,0.10500339295811784,0.03108723988347531,1.0,0.01,255,7.0,800,15,50
1702,0.13610893311577388,0.6717316955956796,0.07916645577793191,0.05694247733784197,0.1,0.1,255,,200,15,10
1477,0.13629768863693853,0.6708205809737744,0.09317229097791056,0.04312539765902797,0.1,0.05,255,7.0,800,15,10
1468,0.13629768863693853,0.6708205809737744,0.09317229097791056,0.04312539765902797,0.1,0.05,255,7.0,400,15,10
964,0.13630865289182917,0.6707676181941475,0.10478580145759991,0.031522851434229254,0.1,0.01,128,,800,15,10
1491,0.136399727811643,0.6703275165667697,0.07358055497644711,0.06281917283519589,0.1,0.05,255,,200,31,50
2012,0.13641827797928527,0.6702378404980398,0.06717346456830371,0.06924481341098156,1.0,0.03,128,7.0,400,31,20
1444,0.13643709346581503,0.6701468693547428,0.0709804194852671,0.06545667398054794,0.1,0.05,255,5.0,400,31,10
1453,0.13643709346581503,0.6701468693547428,0.0709804194852671,0.06545667398054794,0.1,0.05,255,5.0,800,31,10
1720,0.1364508010783083,0.670080586411981,0.07630253487604317,0.06014826620226511,0.1,0.1,255,,800,15,10
1711,0.1364508010783083,0.670080586411981,0.07630253487604317,0.06014826620226511,0.1,0.1,255,,400,15,10
966,0.1365476234961911,0.6696122135141196,0.10593359034725734,0.030614033148933753,0.1,0.01,128,,800,15,50
2261,0.136623069220155,0.669247018847329,0.08785013322121003,0.04877293599894496,1.0,0.05,128,,800,15,20
2252,0.136623069220155,0.669247018847329,0.08785013322121003,0.04877293599894496,1.0,0.05,128,,400,15,20
210,0.1366332151793324,0.6691978919924153,0.1054730714651134,0.03116014371421902,0.0,0.01,255,,800,15,50
2362,0.13663884863561024,0.6691706131550202,0.06828757878709303,0.06835126984851721,1.0,0.05,255,,400,31,10
2371,0.13663884863561024,0.6691706131550202,0.06828757878709303,0.06835126984851721,1.0,0.05,255,,800,31,10
2350,0.13664041128734675,0.6691630461405564,0.09818791147391515,0.0384524998134316,1.0,0.05,255,,200,15,10
2353,0.1367063213425309,0.6688438032351619,0.07053142081745749,0.06617490052507342,1.0,0.05,255,,200,31,10
2342,0.13671200265737365,0.6688162779284805,0.09825895714114884,0.03845304551622482,1.0,0.05,255,7.0,800,15,20
2333,0.13671200265737365,0.6688162779284805,0.09825895714114884,0.03845304551622482,1.0,0.05,255,7.0,400,15,20
1507,0.13671463711580126,0.6688035138969803,0.05924482628844285,0.0774698108273584,0.1,0.05,255,,800,31,10
1498,0.13671463711580126,0.6688035138969803,0.05924482628844285,0.0774698108273584,0.1,0.05,255,,400,31,10
1802,0.13675758965770515,0.6685953728238088,0.10636582748604906,0.030391762171656095,1.0,0.01,128,7.0,800,15,20
515,0.13675769853775552,0.6685948451256102,0.09992556143821169,0.03683213709954383,0.0,0.05,128,,200,15,20
2324,0.1367601839180926,0.6685827993636699,0.09947627307671597,0.03728391084137664,1.0,0.05,255,7.0,200,15,20
1182,0.13676055602772771,0.6685809958606643,0.0987794313700065,0.037981124657721216,0.1,0.03,128,,800,15,50
1173,0.13676055602772771,0.6685809958606643,0.0987794313700065,0.037981124657721216,0.1,0.03,128,,400,15,50
2470,0.13679399606422651,0.6684189020690524,0.05450749510575589,0.08228650095847062,1.0,0.1,128,,400,31,10
2479,0.13679399606422651,0.6684189020690524,0.05450749510575589,0.08228650095847062,1.0,0.1,128,,800,31,10
2461,0.13679399606422651,0.6684189020690524,0.05450749510575589,0.08228650095847062,1.0,0.1,128,,200,31,10
533,0.13682860675862793,0.6682510920159512,0.0963421311376558,0.04048647562097213,0.0,0.05,128,,800,15,20
524,0.13682860675862793,0.6682510920159512,0.0963421311376558,0.04048647562097213,0.0,0.05,128,,400,15,20
2011,0.13687690596743843,0.6680168422025526,0.06872643044335183,0.0681504755240866,1.0,0.03,128,7.0,400,31,10
212,0.13689255020073024,0.6679409503823335,0.07734792417304796,0.059544626027682276,0.0,0.01,255,,800,31,20
1074,0.13709919482207752,0.6669376816521655,0.10530833115545028,0.03179086366662724,0.1,0.01,255,,800,15,50
2315,0.137167483431216,0.6666058047662662,0.08820603211163032,0.04896145131958567,1.0,0.05,255,5.0,800,15,20
2306,0.137167483431216,0.6666058047662662,0.08820603211163032,0.04896145131958567,1.0,0.05,255,5.0,400,15,20
1599,0.1372411702979911,0.6662475074247565,0.06881850767756928,0.06842266262042182,0.1,0.1,128,,200,31,50
1617,0.1372411702979911,0.6662475074247565,0.06881850767756928,0.06842266262042182,0.1,0.1,128,,800,31,50
1608,0.1372411702979911,0.6662475074247565,0.06881850767756928,0.06842266262042182,0.1,0.1,128,,400,31,50
104,0.13739623575672108,0.6654928837101413,0.07754268651652675,0.05985354924019433,0.0,0.01,128,,800,31,20
508,0.13744605832952766,0.6652502420282318,0.07402056705768048,0.06342549127184718,0.0,0.05,128,7.0,800,31,10
499,0.13744605832952766,0.6652502420282318,0.07402056705768048,0.06342549127184718,0.0,0.05,128,7.0,400,31,10
490,0.1374485606631771,0.665238053054334,0.07413354605759234,0.06331501460558475,0.0,0.05,128,7.0,200,31,10
1075,0.1376150994139912,0.664426336856158,0.07706986188028157,0.06054523753370962,0.1,0.01,255,,800,31,10
938,0.1377312511915301,0.6638596268543174,0.10674160861936316,0.030989642572166937,0.1,0.01,128,7.0,800,15,20
310,0.13779577326223164,0.6635446140614536,0.0649549082997716,0.07284086496246003,0.0,0.03,128,,400,31,10
319,0.13779577326223164,0.6635446140614536,0.0649549082997716,0.07284086496246003,0.0,0.03,128,,800,31,10
1472,0.13780003261805304,0.6635238136359896,0.06857595330718706,0.06922407931086598,0.1,0.05,255,7.0,400,31,20
1481,0.13780003261805304,0.6635238136359896,0.06857595330718706,0.06922407931086598,0.1,0.05,255,7.0,800,31,20
208,0.13787528720429013,0.6631562042837027,0.10548028013268476,0.032395007071605364,0.0,0.01,255,,800,15,10
1387,0.13788792020722987,0.6630944739519118,0.09983615878021032,0.03805176142701955,0.1,0.05,128,,400,15,10
1396,0.13788792020722987,0.6630944739519118,0.09983615878021032,0.03805176142701955,0.1,0.05,128,,800,15,10
1378,0.1378913140049765,0.6630778894202953,0.10016075435564442,0.037730559649332085,0.1,0.05,128,,200,15,10
2157,0.13789853627822576,0.6630425948509604,0.06713250786408813,0.07076602841413764,1.0,0.03,255,,800,31,50
2148,0.1379442408625459,0.6628191979869487,0.06899525279925614,0.06894898806328975,1.0,0.03,255,,400,31,50
415,0.13794683441732458,0.6628065188769576,0.0945898197441814,0.04335701467314318,0.0,0.03,255,,400,15,10
626,0.13806863241432982,0.6622108166035519,0.07061305279055291,0.0674555796237769,0.0,0.05,255,,200,31,20
623,0.13821151304075138,0.6615113311072792,0.09949138917750047,0.03872012386325091,0.0,0.05,255,,200,15,20
1324,0.1382490479390822,0.6613274554995638,0.10345216440595727,0.03479688353312492,0.1,0.05,128,5.0,200,15,10
791,0.13832569216867044,0.6609518363989967,0.07962215547359525,0.05870353669507519,0.0,0.1,255,5.0,200,63,20
809,0.13832569216867044,0.6609518363989967,0.07962215547359525,0.05870353669507519,0.0,0.1,255,5.0,800,63,20
800,0.13832569216867044,0.6609518363989967,0.07962215547359525,0.05870353669507519,0.0,0.1,255,5.0,400,63,20
419,0.13836508963009775,0.6607586757651798,0.06938782304577404,0.06897726658432371,0.0,0.03,255,,400,31,20
428,0.13836508963009775,0.6607586757651798,0.06938782304577404,0.06897726658432371,0.0,0.03,255,,800,31,20
1832,0.13845018827627106,0.6603412604310723,0.07870170314142806,0.059748485134843,1.0,0.01,128,,800,31,20
1909,0.13847382654689463,0.6602252673693669,0.10697207814724484,0.031501748399649795,1.0,0.01,255,7.0,800,15,10
105,0.13858518479759535,0.6596785657345665,0.08166515093036202,0.056920033867233336,0.0,0.01,128,,800,31,50
517,0.13862678512573742,0.6594742205407024,0.071262867808033,0.06736391731770443,0.0,0.05,128,,200,31,10
526,0.13862678512573742,0.6594742205407024,0.071262867808033,0.06736391731770443,0.0,0.05,128,,400,31,10
535,0.13862678512573742,0.6594742205407024,0.071262867808033,0.06736391731770443,0.0,0.05,128,,800,31,10
1389,0.13872217270931267,0.6590054351403904,0.10033629704062585,0.038385875668686814,0.1,0.05,128,,400,15,50
1398,0.13872217270931267,0.6590054351403904,0.10033629704062585,0.038385875668686814,0.1,0.05,128,,800,15,50
820,0.13874629710189704,0.6588868239352059,0.09366856976387809,0.045077727338018944,0.0,0.1,255,7.0,400,15,10
811,0.13874629710189704,0.6588868239352059,0.09366856976387809,0.045077727338018944,0.0,0.1,255,7.0,200,15,10
829,0.13874629710189704,0.6588868239352059,0.09366856976387809,0.045077727338018944,0.0,0.1,255,7.0,800,15,10
1399,0.13876810816235485,0.6587795688220606,0.06547407127478065,0.0732940368875742,0.1,0.05,128,,800,31,10
1390,0.13876810816235485,0.6587795688220606,0.06547407127478065,0.0732940368875742,0.1,0.05,128,,400,31,10
262,0.138771000965995,0.6587653422968596,0.10082049180011626,0.03795050916587875,0.0,0.03,128,5.0,800,15,10
253,0.138771000965995,0.6587653422968596,0.10082049180011626,0.03795050916587875,0.0,0.03,128,5.0,400,15,10
1154,0.13883812094806436,0.6584351695243765,0.10284873880785679,0.03598938214020757,0.1,0.03,128,7.0,800,15,20
1145,0.13883812094806436,0.6584351695243765,0.10284873880785679,0.03598938214020757,0.1,0.03,128,7.0,400,15,20
967,0.13889547521401902,0.6581529092003864,0.07765160526021699,0.06124386995380203,0.1,0.01,128,,800,31,10
2305,0.1389581683190249,0.6578442412286869,0.0963912398827094,0.042566928436315515,1.0,0.05,255,5.0,400,15,10
2314,0.1389581683190249,0.6578442412286869,0.0963912398827094,0.042566928436315515,1.0,0.05,255,5.0,800,15,10
1487,0.13899685671492576,0.657653690354483,0.10157409636268239,0.03742276035224337,0.1,0.05,255,,200,15,20
749,0.1390546785676617,0.6573688031176126,0.09450354246152322,0.04455113610613849,0.0,0.1,128,,800,15,20
731,0.1390546785676617,0.6573688031176126,0.09450354246152322,0.04455113610613849,0.0,0.1,128,,200,15,20
740,0.1390546785676617,0.6573688031176126,0.09450354246152322,0.04455113610613849,0.0,0.1,128,,400,15,20
2155,0.13906220091895494,0.6573317319170277,0.0697447598242434,0.06931744109471154,1.0,0.03,255,,800,31,10
2146,0.13906220091895494,0.6573317319170277,0.0697447598242434,0.06931744109471154,1.0,0.03,255,,400,31,10
1505,0.13906687615730143,0.6573086906772536,0.09297730910843822,0.0460895670488632,0.1,0.05,255,,800,15,20
1496,0.13906687615730143,0.6573086906772536,0.09297730910843822,0.0460895670488632,0.1,0.05,255,,400,15,20
2323,0.13916966933367453,0.6568018935421671,0.10136024681750934,0.03780942251616519,1.0,0.05,255,7.0,200,15,10
312,0.13946120726823844,0.6553624984875044,0.07337618493797286,0.06608502233026557,0.0,0.03,128,,400,31,50
321,0.13946120726823844,0.6553624984875044,0.07337618493797286,0.06608502233026557,0.0,0.03,128,,800,31,50
1380,0.13957688913976876,0.6547905136729983,0.10390684840503388,0.035670040734734884,0.1,0.05,128,,200,15,50
183,0.1396494293783957,0.6544315991576513,0.10808177838993087,0.03156765098846483,0.0,0.01,255,7.0,800,15,50
420,0.1396494785525409,0.6544313557906174,0.07425899947300027,0.06539047907954063,0.0,0.03,255,,400,31,50
429,0.1396494785525409,0.6544313557906174,0.07425899947300027,0.06539047907954063,0.0,0.03,255,,800,31,50
2477,0.13973165347111347,0.6540245453902024,0.09214021601515904,0.04759143745595443,1.0,0.1,128,,800,15,20
2468,0.13973165347111347,0.6540245453902024,0.09214021601515904,0.04759143745595443,1.0,0.1,128,,400,15,20
2459,0.13973165347111347,0.6540245453902024,0.09214021601515904,0.04759143745595443,1.0,0.1,128,,200,15,20
1463,0.13979953554781396,0.6536883118105445,0.07708010937456151,0.06271942617325245,0.1,0.05,255,7.0,200,31,20
2044,0.1399171377408554,0.6531054179684341,0.09513977787719267,0.04477735986366273,1.0,0.03,128,,800,15,10
1235,0.13995397934269505,0.6529227121920044,0.09570056057883257,0.044253418763862476,0.1,0.03,255,5.0,800,15,20
597,0.13997848855255593,0.6528011388723165,0.10314430552226359,0.036834183030292345,0.0,0.05,255,7.0,200,15,50
1127,0.13999720864247564,0.6527082670520719,0.088895201265208,0.05110200737726764,0.1,0.03,128,5.0,800,15,20
968,0.1401634789257973,0.6518828422320406,0.08033729935502791,0.0598261795707694,0.1,0.01,128,,800,31,20
2035,0.1401975481963357,0.6517135893121836,0.09701994476952161,0.04317760342681409,1.0,0.03,128,,400,15,10
536,0.14023935875319474,0.6515058221956316,0.07328240932133716,0.06695694943185758,0.0,0.05,128,,800,31,20
518,0.14023935875319474,0.6515058221956316,0.07328240932133716,0.06695694943185758,0.0,0.05,128,,200,31,20
527,0.14023935875319474,0.6515058221956316,0.07328240932133716,0.06695694943185758,0.0,0.05,128,,400,31,20
625,0.14030563238290625,0.6511763650219393,0.07103457631824851,0.06927105606465774,0.0,0.05,255,,200,31,10
1157,0.14031918659664577,0.6511089656110808,0.07723619189395567,0.0630829947026901,0.1,0.03,128,7.0,800,31,20
1148,0.14031918659664577,0.6511089656110808,0.07723619189395567,0.0630829947026901,0.1,0.03,128,7.0,400,31,20
1077,0.14032927723576769,0.6510587848739962,0.08229753775835079,0.0580317394774169,0.1,0.01,255,,800,31,50
686,0.1403696540702544,0.6508579548135094,0.09815822247200595,0.042211431598248444,0.0,0.1,128,5.0,400,15,20
695,0.1403696540702544,0.6508579548135094,0.09815822247200595,0.042211431598248444,0.0,0.1,128,5.0,800,15,20
677,0.1403696540702544,0.6508579548135094,0.09815822247200595,0.042211431598248444,0.0,0.1,128,5.0,200,15,20
1490,0.14049636684837802,0.6502273238265366,0.07296517839714889,0.06753118845122913,0.1,0.05,255,,200,31,20
1939,0.1405262007386688,0.6500787621546968,0.08053627807362461,0.0599899226650442,1.0,0.01,255,,800,31,10
2561,0.1405529119092623,0.6499457237013975,0.0730625729080238,0.0674903390012385,1.0,0.1,255,7.0,800,31,20
2552,0.1405529119092623,0.6499457237013975,0.0730625729080238,0.0674903390012385,1.0,0.1,255,7.0,400,31,20
2543,0.1405529119092623,0.6499457237013975,0.0730625729080238,0.0674903390012385,1.0,0.1,255,7.0,200,31,20
715,0.1407709618750578,0.6488587518335944,0.06753300993371406,0.07323795194134375,0.0,0.1,128,7.0,400,31,10
724,0.1407709618750578,0.6488587518335944,0.06753300993371406,0.07323795194134375,0.0,0.1,128,7.0,800,31,10
706,0.1407709618750578,0.6488587518335944,0.06753300993371406,0.07323795194134375,0.0,0.1,128,7.0,200,31,10
211,0.14081488506942164,0.6486395922674657,0.07948480016583077,0.06133008490359086,0.0,0.01,255,,800,31,10
501,0.14091623778524476,0.6481336209375339,0.08222218331120099,0.05869405447404377,0.0,0.05,128,7.0,400,31,50
510,0.14091623778524476,0.6481336209375339,0.08222218331120099,0.05869405447404377,0.0,0.05,128,7.0,800,31,50
492,0.14101503147956138,0.6476400743372074,0.08366016367832375,0.05735486780123762,0.0,0.05,128,7.0,200,31,50
1803,0.1410184305776093,0.6476230872067154,0.11039491429938443,0.030623516278224863,1.0,0.01,128,7.0,800,15,50
504,0.14104818779469827,0.6474743568232891,0.05726023226050049,0.08378795553419778,0.0,0.05,128,7.0,400,63,50
513,0.14104818779469827,0.6474743568232891,0.05726023226050049,0.08378795553419778,0.0,0.05,128,7.0,800,63,50
369,0.14112799141245141,0.6470753331882153,0.09938798919014302,0.04174000222230839,0.0,0.03,255,5.0,400,63,50
378,0.14112799141245141,0.6470753331882153,0.09938798919014302,0.04174000222230839,0.0,0.03,255,5.0,800,63,50
1590,0.14113370177469542,0.6470467723273321,0.07727892527936268,0.06385477649533274,0.1,0.1,128,7.0,800,31,50
1572,0.14113370177469542,0.6470467723273321,0.07727892527936268,0.06385477649533274,0.1,0.1,128,7.0,200,31,50
1581,0.14113370177469542,0.6470467723273321,0.07727892527936268,0.06385477649533274,0.1,0.1,128,7.0,400,31,50
1325,0.14117239622026004,0.6468532083310717,0.10642293125521812,0.034749464965041915,0.1,0.05,128,5.0,200,15,20
1226,0.14117688431765818,0.6468307537658244,0.10125813938239209,0.03991874493526609,0.1,0.03,255,5.0,400,15,20
1459,0.14119547583204262,0.6467377302728259,0.10159601963559256,0.039599456196450056,0.1,0.05,255,7.0,200,15,10
1343,0.1412908823210563,0.6462601668172963,0.10424162203383737,0.03704926028721893,0.1,0.05,128,5.0,800,15,20
1334,0.1412908823210563,0.6462601668172963,0.10424162203383737,0.03704926028721893,0.1,0.05,128,5.0,400,15,20
2235,0.14129751365643844,0.6462269612419418,0.0930568089714886,0.04824070468494984,1.0,0.05,128,7.0,800,15,50
2226,0.14129751365643844,0.6462269612419418,0.0930568089714886,0.04824070468494984,1.0,0.05,128,7.0,400,15,50
182,0.1413322918970394,0.6460527880705335,0.10967206986552418,0.03166022203151524,0.0,0.01,255,7.0,800,15,20
1236,0.14137230634059048,0.6458523384000674,0.099800481123358,0.041571825217232475,0.1,0.03,255,5.0,800,15,50
1381,0.14138746095606322,0.6457764075557413,0.07271415290811507,0.06867330804794815,0.1,0.05,128,,200,31,10
2247,0.1413881732102721,0.6457728386695276,0.07699857379209639,0.06438959941817572,1.0,0.05,128,,200,31,50
2256,0.14149534651181414,0.6452356214200694,0.07571537352762754,0.0657799729841866,1.0,0.05,128,,400,31,50
2265,0.14149534651181414,0.6452356214200694,0.07571537352762754,0.0657799729841866,1.0,0.05,128,,800,31,50
1228,0.14151662156434588,0.6451289295972974,0.08653327982357167,0.05498334174077421,0.1,0.03,255,5.0,400,31,10
1237,0.1415215880039635,0.645104021192197,0.08626923545350501,0.05525235255045849,0.1,0.03,255,5.0,800,31,10
1073,0.14153362988518628,0.6450436233814942,0.10954439702531665,0.031989232859869626,0.1,0.01,255,,800,15,20
184,0.1416473225999753,0.6444731276920539,0.08220287193406926,0.05944445066590605,0.0,0.01,255,7.0,800,31,10
2237,0.14167591630191737,0.6443295760131733,0.07094528599396877,0.0707306303079486,1.0,0.05,128,7.0,800,31,20
2228,0.14167591630191737,0.6443295760131733,0.07094528599396877,0.0707306303079486,1.0,0.05,128,7.0,400,31,20
725,0.1416855206185022,0.6442813520492614,0.08130945796483502,0.060376062653667184,0.0,0.1,128,7.0,800,31,20
707,0.1416855206185022,0.6442813520492614,0.08130945796483502,0.060376062653667184,0.0,0.1,128,7.0,200,31,20
716,0.1416855206185022,0.6442813520492614,0.08130945796483502,0.060376062653667184,0.0,0.1,128,7.0,400,31,20
1707,0.1416880937928811,0.6442684314005076,0.06948954254623953,0.07219855124664158,0.1,0.1,255,,200,31,50
1716,0.1416880937928811,0.6442684314005076,0.06948954254623953,0.07219855124664158,0.1,0.1,255,,400,31,50
1725,0.1416880937928811,0.6442684314005076,0.06948954254623953,0.07219855124664158,0.1,0.1,255,,800,31,50
1434,0.14182221106977172,0.6435946651263704,0.1076592287120394,0.034162982357732324,0.1,0.05,255,5.0,200,15,50
2229,0.1419481808420311,0.6429612489993273,0.08307732634403876,0.05887085449799233,1.0,0.05,128,7.0,400,31,50
2220,0.1419481808420311,0.6429612489993273,0.08307732634403876,0.05887085449799233,1.0,0.05,128,7.0,200,31,50
2238,0.1419481808420311,0.6429612489993273,0.08307732634403876,0.05887085449799233,1.0,0.05,128,7.0,800,31,50
2296,0.14196399376657975,0.6428816968519515,0.1051257846816339,0.03683820908494585,1.0,0.05,255,5.0,200,15,10
1833,0.14206004066407896,0.6423983107882735,0.08340954730706954,0.05865049335700942,1.0,0.01,128,,800,31,50
2432,0.14220593906661294,0.6416634059331323,0.09548372489544843,0.04672221417116451,1.0,0.1,128,7.0,200,15,20
2450,0.14220593906661294,0.6416634059331323,0.09548372489544843,0.04672221417116451,1.0,0.1,128,7.0,800,15,20
2441,0.14220593906661294,0.6416634059331323,0.09548372489544843,0.04672221417116451,1.0,0.1,128,7.0,400,15,20
1454,0.1423938169797448,0.6407159348953329,0.08637709036752068,0.05601672661222411,0.1,0.05,255,5.0,800,31,20
1445,0.1423938169797448,0.6407159348953329,0.08637709036752068,0.05601672661222411,0.1,0.05,255,5.0,400,31,20
391,0.1424106190611796,0.6406311408163987,0.0715907341645636,0.070819884896616,0.0,0.03,255,7.0,400,31,10
400,0.1424106190611796,0.6406311408163987,0.0715907341645636,0.070819884896616,0.0,0.03,255,7.0,800,31,10
2578,0.14241385562652709,0.6406148058826502,0.05881477581771813,0.08359907980880896,1.0,0.1,255,,400,31,10
2587,0.14241385562652709,0.6406148058826502,0.05881477581771813,0.08359907980880896,1.0,0.1,255,,800,31,10
2569,0.14241385562652709,0.6406148058826502,0.05881477581771813,0.08359907980880896,1.0,0.1,255,,200,31,10
732,0.14252224542904832,0.640067548543318,0.09303557810634977,0.049486667322698547,0.0,0.1,128,,200,15,50
741,0.14252224542904832,0.640067548543318,0.09303557810634977,0.049486667322698547,0.0,0.1,128,,400,15,50
750,0.14252224542904832,0.640067548543318,0.09303557810634977,0.049486667322698547,0.0,0.1,128,,800,15,50
2560,0.1425271524603768,0.6400427632164353,0.07592002779032002,0.06660712467005679,1.0,0.1,255,7.0,800,31,10
2542,0.1425271524603768,0.6400427632164353,0.07592002779032002,0.06660712467005679,1.0,0.1,255,7.0,200,31,10
2551,0.1425271524603768,0.6400427632164353,0.07592002779032002,0.06660712467005679,1.0,0.1,255,7.0,400,31,10
847,0.1426214579659947,0.6395662620152849,0.07510120767179128,0.06752025029420343,0.0,0.1,255,,400,15,10
856,0.1426214579659947,0.6395662620152849,0.07510120767179128,0.06752025029420343,0.0,0.1,255,,800,15,10
1689,0.1428187486892874,0.6385683838854873,0.06821149513785107,0.07460725355143633,0.1,0.1,255,7.0,400,31,50
1698,0.1428187486892874,0.6385683838854873,0.06821149513785107,0.07460725355143633,0.1,0.1,255,7.0,800,31,50
1680,0.1428187486892874,0.6385683838854873,0.06821149513785107,0.07460725355143633,0.1,0.1,255,7.0,200,31,50
1937,0.142874758146955,0.6382848418650082,0.11068314876967614,0.03219160937727886,1.0,0.01,255,,800,15,20
645,0.14304545159850188,0.6374200384293367,0.07352089282341222,0.06952455877508966,0.0,0.05,255,,800,31,50
636,0.14304545159850188,0.6374200384293367,0.07352089282341222,0.06952455877508966,0.0,0.05,255,,400,31,50
1266,0.14312568451261726,0.637013188648524,0.08239321506704732,0.06073246944556994,0.1,0.03,255,7.0,800,31,50
1257,0.14312568451261726,0.637013188648524,0.08239321506704732,0.06073246944556994,0.1,0.03,255,7.0,400,31,50
627,0.14314905668384442,0.6368946287599764,0.07790893400044012,0.0652401226834043,0.0,0.05,255,,200,31,50
1704,0.14325636780288628,0.6363500237211365,0.10676265425625026,0.036493713546636025,0.1,0.1,255,,200,15,50
1722,0.14325636780288628,0.6363500237211365,0.10676265425625026,0.036493713546636025,0.1,0.1,255,,800,15,50
1713,0.14325636780288628,0.6363500237211365,0.10676265425625026,0.036493713546636025,0.1,0.1,255,,400,15,50
2028,0.1433690657677937,0.6357776410320553,0.11883154211599677,0.02453752365179694,1.0,0.03,128,,200,15,50
1046,0.14343931154972783,0.6354206413939436,0.11108278334402383,0.032356528205704005,0.1,0.01,255,7.0,800,15,20
500,0.14351728725410395,0.6350241523281588,0.0757569715825951,0.06776031567150885,0.0,0.05,128,7.0,400,31,20
509,0.14351728725410395,0.6350241523281588,0.0757569715825951,0.06776031567150885,0.0,0.05,128,7.0,800,31,20
1462,0.14351910823810904,0.6350148904558092,0.07707347782521094,0.0664456304128981,0.1,0.05,255,7.0,200,31,10
2433,0.14352748687571396,0.6349722735908242,0.09505065647037858,0.048476830405335375,1.0,0.1,128,7.0,200,15,50
2442,0.14352748687571396,0.6349722735908242,0.09505065647037858,0.048476830405335375,1.0,0.1,128,7.0,400,15,50
2451,0.14352748687571396,0.6349722735908242,0.09505065647037858,0.048476830405335375,1.0,0.1,128,7.0,800,15,50
714,0.14362034055186393,0.6344998187213323,0.09176696171764305,0.05185337883422088,0.0,0.1,128,7.0,400,15,50
723,0.14362034055186393,0.6344998187213323,0.09176696171764305,0.05185337883422088,0.0,0.1,128,7.0,800,15,50
705,0.14362034055186393,0.6344998187213323,0.09176696171764305,0.05185337883422088,0.0,0.1,128,7.0,200,15,50
2198,0.14362800080245694,0.63446082845524,0.0996675736563841,0.043960427146072845,1.0,0.05,128,5.0,400,15,20
2207,0.14362800080245694,0.63446082845524,0.0996675736563841,0.043960427146072845,1.0,0.05,128,5.0,800,15,20
491,0.14364458006622802,0.6343764337677125,0.07792351462317555,0.06572106544305246,0.0,0.05,128,7.0,200,31,20
1243,0.14366551066036048,0.63426987526047,0.11672794565584653,0.026937565004513955,0.1,0.03,255,7.0,200,15,10
480,0.1437607131892779,0.6337849993964431,0.10756540826583819,0.036195304923439725,0.0,0.05,128,5.0,800,15,50
471,0.1437607131892779,0.6337849993964431,0.10756540826583819,0.036195304923439725,0.0,0.05,128,5.0,400,15,50
461,0.14380730059999478,0.6335476080719413,0.10963602494415027,0.034171275655844505,0.0,0.05,128,5.0,200,15,20
1048,0.14383731281903647,0.6333946367409793,0.08475420372671504,0.05908310909232144,0.1,0.01,255,7.0,800,31,10
1686,0.14385668244770902,0.6332958934074207,0.10422555616716751,0.03963112628054151,0.1,0.1,255,7.0,400,15,50
1695,0.14385668244770902,0.6332958934074207,0.10422555616716751,0.03963112628054151,0.1,0.1,255,7.0,800,15,50
1677,0.14385668244770902,0.6332958934074207,0.10422555616716751,0.03963112628054151,0.1,0.1,255,7.0,200,15,50
479,0.14390234763622103,0.6330630468034968,0.10738946375334575,0.03651288388287528,0.0,0.05,128,5.0,800,15,20
470,0.14390234763622103,0.6330630468034968,0.10738946375334575,0.03651288388287528,0.0,0.05,128,5.0,400,15,20
1045,0.14399482445789624,0.6325912815115522,0.11213243662861026,0.03186238782928598,0.1,0.01,255,7.0,800,15,10
1356,0.14419169703651122,0.6315859377509154,0.08502495194424838,0.05916674509226284,0.1,0.05,128,7.0,200,31,50
1374,0.1442115582583982,0.6314844387391705,0.0846284081004239,0.059583150157974316,0.1,0.05,128,7.0,800,31,50
1365,0.1442115582583982,0.6314844387391705,0.0846284081004239,0.059583150157974316,0.1,0.05,128,7.0,400,31,50
2219,0.14425932062330696,0.6312402961801701,0.07955423452729987,0.06470508609600709,1.0,0.05,128,7.0,200,31,20
213,0.14427462600306057,0.6311620439509964,0.085320187913647,0.05895443808941357,0.0,0.01,255,,800,31,50
969,0.1443026134952897,0.6310189300720384,0.08533428920110331,0.058968324294186386,0.1,0.01,128,,800,31,50
2408,0.14433377033066178,0.630859577122399,0.08162283069155293,0.06271093963910884,1.0,0.1,128,5.0,200,31,20
2417,0.14433377033066178,0.630859577122399,0.08162283069155293,0.06271093963910884,1.0,0.1,128,5.0,400,31,20
2426,0.14433377033066178,0.630859577122399,0.08162283069155293,0.06271093963910884,1.0,0.1,128,5.0,800,31,20
1341,0.14440436572024565,0.6304983867379187,0.09588331193807603,0.048521053782169615,0.1,0.05,128,5.0,400,63,50
1350,0.14440436572024565,0.6304983867379187,0.09588331193807603,0.048521053782169615,0.1,0.05,128,5.0,800,63,50
399,0.14456082965369726,0.6296972337193235,0.11296167222775805,0.03159915742593922,0.0,0.03,255,7.0,800,15,50
390,0.14456082965369726,0.6296972337193235,0.11296167222775805,0.03159915742593922,0.0,0.03,255,7.0,400,15,50
362,0.14457993741961325,0.6295993354682359,0.10522526027559019,0.03935467714402306,0.0,0.03,255,5.0,400,15,20
371,0.14457993741961325,0.6295993354682359,0.10522526027559019,0.03935467714402306,0.0,0.03,255,5.0,800,15,20
300,0.1446523330179239,0.6292283007058449,0.11930822433148403,0.02534410868643988,0.0,0.03,128,,200,15,50
1596,0.14466507898547876,0.6291629571035877,0.1039943930221398,0.04067068596333896,0.1,0.1,128,,200,15,50
1605,0.14466507898547876,0.6291629571035877,0.1039943930221398,0.04067068596333896,0.1,0.1,128,,400,15,50
1614,0.14466507898547876,0.6291629571035877,0.1039943930221398,0.04067068596333896,0.1,0.1,128,,800,15,50
1651,0.14472737235651573,0.6288435204669809,0.07128035421287097,0.07344701814364475,0.1,0.1,255,5.0,200,31,10
1669,0.14475443621761144,0.6287046957728193,0.07061117021798047,0.07414326599963098,0.1,0.1,255,5.0,800,31,10
1660,0.14475443621761144,0.6287046957728193,0.07061117021798047,0.07414326599963098,0.1,0.1,255,5.0,400,31,10
1165,0.14480244502750333,0.6284583696206624,0.09209537080013024,0.0527070742273731,0.1,0.03,128,,200,31,10
1072,0.14485479017036684,0.6281897012987523,0.11419803714037881,0.030656753029988035,0.1,0.01,255,,800,15,10
2363,0.14486563149978582,0.6281340446129455,0.07541815333999824,0.06944747815978758,1.0,0.05,255,,400,31,20
2372,0.14486563149978582,0.6281340446129455,0.07541815333999824,0.06944747815978758,1.0,0.05,255,,800,31,20
2354,0.14492046534789574,0.6278524774775828,0.07677551283742809,0.06814495251046765,1.0,0.05,255,,200,31,20
1562,0.14530092492504648,0.6258959154012769,0.06769927630910615,0.07760164861594034,0.1,0.1,128,5.0,800,31,20
1553,0.14530092492504648,0.6258959154012769,0.06769927630910615,0.07760164861594034,0.1,0.1,128,5.0,400,31,20
393,0.14530489515307093,0.625875470950376,0.09303640966396573,0.052268485489105204,0.0,0.03,255,7.0,400,31,50
402,0.14530489515307093,0.625875470950376,0.09303640966396573,0.052268485489105204,0.0,0.03,255,7.0,800,31,50
181,0.1453369871560675,0.6257101946001118,0.11325751652246785,0.032079470633599644,0.0,0.01,255,7.0,800,15,10
380,0.1454448812230519,0.6251542640009542,0.11963227062136987,0.025812610601682037,0.0,0.03,255,7.0,200,15,20
2406,0.14547149872465784,0.6250170522975149,0.11208382922639679,0.03338766949826105,1.0,0.1,128,5.0,200,15,50
2415,0.14547149872465784,0.6250170522975149,0.11208382922639679,0.03338766949826105,1.0,0.1,128,5.0,400,15,50
2424,0.14547149872465784,0.6250170522975149,0.11208382922639679,0.03338766949826105,1.0,0.1,128,5.0,800,15,50
1598,0.1455928716748722,0.6243910633766365,0.0817016309666928,0.06389124070817939,0.1,0.1,128,,200,31,20
1616,0.1455928716748722,0.6243910633766365,0.0817016309666928,0.06389124070817939,0.1,0.1,128,,800,31,20
1607,0.1455928716748722,0.6243910633766365,0.0817016309666928,0.06389124070817939,0.1,0.1,128,,400,31,20
727,0.1456225138885635,0.6242381024020263,0.0516500965555591,0.0939724173330044,0.0,0.1,128,7.0,800,63,10
718,0.1456225138885635,0.6242381024020263,0.0516500965555591,0.0939724173330044,0.0,0.1,128,7.0,400,63,10
709,0.1456225138885635,0.6242381024020263,0.0516500965555591,0.0939724173330044,0.0,0.1,128,7.0,200,63,10
271,0.14562394614555488,0.6242307108217383,0.11935393291511263,0.026270013230442243,0.0,0.03,128,7.0,200,15,10
2571,0.1457216787560262,0.6237261614239806,0.0654666431675837,0.0802550355884425,1.0,0.1,255,,200,31,50
2589,0.1457216787560262,0.6237261614239806,0.0654666431675837,0.0802550355884425,1.0,0.1,255,,800,31,50
2580,0.1457216787560262,0.6237261614239806,0.0654666431675837,0.0802550355884425,1.0,0.1,255,,400,31,50
407,0.1458781231681625,0.6229178048536166,0.11909516321897148,0.026782959949191026,0.0,0.03,255,,200,15,20
1132,0.14588407078610358,0.6228870560819715,0.09050639593309899,0.055377674853004585,0.1,0.03,128,5.0,800,63,10
1123,0.14588407078610358,0.6228870560819715,0.09050639593309899,0.055377674853004585,0.1,0.03,128,5.0,400,63,10
186,0.1458885262709359,0.6228640207135355,0.09168260366667491,0.05420592260426099,0.0,0.01,255,7.0,800,31,50
502,0.1460346698238576,0.622108051762077,0.05037673203506866,0.09565793778878895,0.0,0.05,128,7.0,400,63,10
511,0.1460346698238576,0.622108051762077,0.05037673203506866,0.09565793778878895,0.0,0.05,128,7.0,800,63,10
2243,0.1460480245617968,0.6220389328507963,0.10748594903537238,0.03856207552642442,1.0,0.05,128,,200,15,20
156,0.14607735249470685,0.6218871207352217,0.11565171819678163,0.03042563429792522,0.0,0.01,255,5.0,800,15,50
1936,0.14609811480490278,0.6217796289898021,0.11311833234888788,0.032979782456014906,1.0,0.01,255,,800,15,10
1910,0.14617909461074008,0.6213602300042828,0.11393440388242927,0.03224469072831081,1.0,0.01,255,7.0,800,15,20
1489,0.14630705129879154,0.6206970613617723,0.07562918715173131,0.07067786414706023,0.1,0.05,255,,200,31,10
1369,0.1464870986357627,0.6197629368038013,0.10875168834156208,0.03773541029420062,0.1,0.05,128,7.0,800,15,10
1360,0.1464870986357627,0.6197629368038013,0.10875168834156208,0.03773541029420062,0.1,0.05,128,7.0,400,15,10
1351,0.1464870986357627,0.6197629368038013,0.10875168834156208,0.03773541029420062,0.1,0.05,128,7.0,200,15,10
376,0.14650621501154187,0.6196636894443489,0.09613272310181237,0.050373491909729506,0.0,0.03,255,5.0,800,63,10
367,0.14650621501154187,0.6196636894443489,0.09613272310181237,0.050373491909729506,0.0,0.03,255,5.0,400,63,10
2452,0.14650785912573921,0.6196551530169134,0.08037630082505214,0.06613155830068708,1.0,0.1,128,7.0,800,31,10
2443,0.14650785912573921,0.6196551530169134,0.08037630082505214,0.06613155830068708,1.0,0.1,128,7.0,400,31,10
2434,0.14650785912573921,0.6196551530169134,0.08037630082505214,0.06613155830068708,1.0,0.1,128,7.0,200,31,10
1258,0.14651664042086035,0.6196095579142056,0.060647587683699204,0.08586905273716114,0.1,0.03,255,7.0,400,63,10
1267,0.14651664042086035,0.6196095579142056,0.060647587683699204,0.08586905273716114,0.1,0.03,255,7.0,800,63,10
838,0.14652281988254767,0.6195774706683368,0.0846486173284227,0.06187420255412497,0.0,0.1,255,,200,15,10
2234,0.1465261999326129,0.6195599189719205,0.09667768768753164,0.04984851224508126,1.0,0.05,128,7.0,800,15,20
2225,0.1465261999326129,0.6195599189719205,0.09667768768753164,0.04984851224508126,1.0,0.05,128,7.0,400,15,20
374,0.14653550318349057,0.6195116075862568,0.09654707339139029,0.049988429792100275,0.0,0.03,255,5.0,800,31,20
365,0.14653550318349057,0.6195116075862568,0.09654707339139029,0.049988429792100275,0.0,0.03,255,5.0,400,31,20
468,0.14658796723672488,0.6192391065700782,0.10427658403337932,0.04231138320334556,0.0,0.05,128,5.0,200,63,50
465,0.14658796723672488,0.6192391065700782,0.10427658403337932,0.04231138320334556,0.0,0.05,128,5.0,200,31,50
1435,0.1466616392536391,0.6188562856259532,0.09271817538046577,0.05394346387317332,0.1,0.05,255,5.0,200,31,10
2199,0.1466672047432737,0.618827357930192,0.11481674590143982,0.031850458841833865,1.0,0.05,128,5.0,400,15,50
2190,0.1466672047432737,0.618827357930192,0.11481674590143982,0.031850458841833865,1.0,0.05,128,5.0,200,15,50
2208,0.1466672047432737,0.618827357930192,0.11481674590143982,0.031850458841833865,1.0,0.05,128,5.0,800,15,50
676,0.1466999996621934,0.6186568777812399,0.08835889336675361,0.0583411062954398,0.0,0.1,128,5.0,200,15,10
685,0.14677045614825276,0.6182904899354733,0.08666661646419085,0.06010383968406191,0.0,0.1,128,5.0,400,15,10
694,0.14677045614825276,0.6182904899354733,0.08666661646419085,0.06010383968406191,0.0,0.1,128,5.0,800,15,10
254,0.1467956983081449,0.6181591828415842,0.10960066714923308,0.03719503115891182,0.0,0.03,128,5.0,400,15,20
263,0.1467956983081449,0.6181591828415842,0.10960066714923308,0.03719503115891182,0.0,0.03,128,5.0,800,15,20
372,0.1467981993372026,0.6181461715186981,0.11427689011218782,0.03252130922501477,0.0,0.03,255,5.0,800,15,50
363,0.1467981993372026,0.6181461715186981,0.11427689011218782,0.03252130922501477,0.0,0.03,255,5.0,400,15,50
483,0.1468358376888303,0.6179503354494252,0.10173719061775101,0.04509864707107929,0.0,0.05,128,5.0,800,31,50
486,0.1468358376888303,0.6179503354494252,0.10173719061775101,0.04509864707107929,0.0,0.05,128,5.0,800,63,50
477,0.1468358376888303,0.6179503354494252,0.10173719061775101,0.04509864707107929,0.0,0.05,128,5.0,400,63,50
474,0.1468358376888303,0.6179503354494252,0.10173719061775101,0.04509864707107929,0.0,0.05,128,5.0,400,31,50
1332,0.14700717243106579,0.6170582293840714,0.1034056163800279,0.04360155605103788,0.1,0.05,128,5.0,200,63,50
1987,0.14707581947070072,0.6167005059315149,0.08968056361244375,0.05739525585825697,1.0,0.03,128,5.0,400,63,10
1996,0.14709943545462512,0.6165774031473492,0.08837825383078537,0.05872118162383974,1.0,0.03,128,5.0,800,63,10
462,0.14711998923061534,0.6164702466144869,0.11372788553435109,0.03339210369626425,0.0,0.05,128,5.0,200,15,50
1340,0.14718684928761808,0.6161215700258349,0.09153019671696037,0.0556566525706577,0.1,0.05,128,5.0,400,63,20
1349,0.14718684928761808,0.6161215700258349,0.09153019671696037,0.0556566525706577,0.1,0.05,128,5.0,800,63,20
2211,0.14723150779515037,0.6158885867312474,0.10415930336285927,0.04307220443229111,1.0,0.05,128,5.0,800,31,50
2193,0.14723150779515037,0.6158885867312474,0.10415930336285927,0.04307220443229111,1.0,0.05,128,5.0,200,31,50
2202,0.14723150779515037,0.6158885867312474,0.10415930336285927,0.04307220443229111,1.0,0.05,128,5.0,400,31,50
790,0.14723192435186905,0.6158864132234343,0.08683115852033935,0.0604007658315297,0.0,0.1,255,5.0,200,63,10
808,0.14723192435186905,0.6158864132234343,0.08683115852033935,0.0604007658315297,0.0,0.1,255,5.0,800,63,10
799,0.14723192435186905,0.6158864132234343,0.08683115852033935,0.0604007658315297,0.0,0.1,255,5.0,400,63,10
2579,0.14734313033007976,0.6153059432038862,0.07406843196400059,0.07327469836607917,1.0,0.1,255,,400,31,20
2570,0.14734313033007976,0.6153059432038862,0.07406843196400059,0.07327469836607917,1.0,0.1,255,,200,31,20
2588,0.14734313033007976,0.6153059432038862,0.07406843196400059,0.07327469836607917,1.0,0.1,255,,800,31,20
2038,0.14736097189987377,0.6152127734524795,0.07254288838858271,0.07481808351129106,1.0,0.03,128,,400,31,10
2047,0.1473610712998785,0.6152122543480716,0.07206912908426485,0.07529194221561364,1.0,0.03,128,,800,31,10
2027,0.147417359391158,0.6149182404115523,0.1217523438796999,0.025665015511458097,1.0,0.03,128,,200,15,20
1659,0.1474273411533605,0.614866090180372,0.10740976327469992,0.04001757787866059,0.1,0.1,255,5.0,400,15,50
1650,0.1474273411533605,0.614866090180372,0.10740976327469992,0.04001757787866059,0.1,0.1,255,5.0,200,15,50
1668,0.1474273411533605,0.614866090180372,0.10740976327469992,0.04001757787866059,0.1,0.1,255,5.0,800,15,50
1162,0.14748999689007597,0.6145386614090447,0.12103299161093951,0.026457005279136456,0.1,0.03,128,,200,15,10
2134,0.14763246129053167,0.6137936476272813,0.11992038625149917,0.027712075039032502,1.0,0.03,255,,200,15,10
1126,0.14770486533190086,0.6134147369533778,0.10903804960364191,0.038666815728258946,0.1,0.03,128,5.0,800,15,10
1117,0.14770486533190086,0.6134147369533778,0.10903804960364191,0.038666815728258946,0.1,0.03,128,5.0,400,15,10
2217,0.14774140616463413,0.6132234379769734,0.11054071112223525,0.03720069504239888,1.0,0.05,128,7.0,200,15,50
734,0.14780887545622673,0.6128700976390555,0.06601815301156021,0.08179072244466652,0.0,0.1,128,,200,31,20
743,0.14780887545622673,0.6128700976390555,0.06601815301156021,0.08179072244466652,0.0,0.1,128,,400,31,20
752,0.14780887545622673,0.6128700976390555,0.06601815301156021,0.08179072244466652,0.0,0.1,128,,800,31,20
1679,0.14785228966732528,0.6126426497607487,0.08229822737027571,0.06555406229704956,0.1,0.1,255,7.0,200,31,20
1697,0.14785228966732528,0.6126426497607487,0.08229822737027571,0.06555406229704956,0.1,0.1,255,7.0,800,31,20
1688,0.14785228966732528,0.6126426497607487,0.08229822737027571,0.06555406229704956,0.1,0.1,255,7.0,400,31,20
1482,0.14800691139101224,0.6118320410192015,0.08661144580267467,0.06139546558833757,0.1,0.05,255,7.0,800,31,50
1473,0.14800691139101224,0.6118320410192015,0.08661144580267467,0.06139546558833757,0.1,0.05,255,7.0,400,31,50
1464,0.14802649215237287,0.611729327884142,0.08740766316532829,0.060618828987044585,0.1,0.05,255,7.0,200,31,50
1135,0.14803208171993873,0.611700004671799,0.12144723809595641,0.02658484362398232,0.1,0.03,128,7.0,200,15,10
187,0.14821720325537396,0.6107282202185564,0.06582003379289862,0.08239716946247534,0.0,0.01,255,7.0,800,63,10
1227,0.14824179896381595,0.6105990151141996,0.11005694255051457,0.03818485641330138,0.1,0.03,255,5.0,400,15,50
1361,0.1482886972461881,0.610352591686735,0.1092573608878235,0.0390313363583646,0.1,0.05,128,7.0,400,15,20
1370,0.1482886972461881,0.610352591686735,0.1092573608878235,0.0390313363583646,0.1,0.05,128,7.0,800,15,20
806,0.14828880147752632,0.610352043924352,0.07328973488559469,0.07499906659193163,0.0,0.1,255,5.0,800,31,20
797,0.14828880147752632,0.610352043924352,0.07328973488559469,0.07499906659193163,0.0,0.1,255,5.0,400,31,20
1352,0.14830818765169335,0.6102501579177525,0.11105454934608366,0.03725363830560968,0.1,0.05,128,7.0,200,15,20
2117,0.14832658482242003,0.6101534574020842,0.10767351268959025,0.04065307213282979,1.0,0.03,255,7.0,400,15,20
2126,0.14832658482242003,0.6101534574020842,0.10767351268959025,0.04065307213282979,1.0,0.03,255,7.0,800,15,20
1436,0.14841068285040376,0.6097112626359854,0.09979493874234788,0.048615744108055886,0.1,0.05,255,5.0,200,31,20
788,0.1484858931915495,0.6093155877917769,0.07999671632403495,0.06848917686751456,0.0,0.1,255,5.0,200,31,20
1774,0.1485449875132148,0.609004557242693,0.1179449553552309,0.03060003215798389,1.0,0.01,128,5.0,800,15,10
609,0.14857746287011478,0.6088335773292122,0.08075561011953183,0.06782185275058294,0.0,0.05,255,7.0,400,31,50
618,0.14857746287011478,0.6088335773292122,0.08075561011953183,0.06782185275058294,0.0,0.05,255,7.0,800,31,50
941,0.1486213184341524,0.6086026223033361,0.0883095268544169,0.06031179157973551,0.1,0.01,128,7.0,800,31,20
75,0.14862592623779644,0.6085783524308913,0.11709747335254736,0.03152845288524908,0.0,0.01,128,7.0,800,15,50
1915,0.14869169195392404,0.608231874249751,0.06643727503831122,0.08225441691561282,1.0,0.01,255,7.0,800,63,10
600,0.1487928596904012,0.6076985858421284,0.08829381392390767,0.06049904576649354,0.0,0.05,255,7.0,200,31,50
608,0.14888076801796324,0.6072348976141405,0.07824554068572825,0.07063522733223498,0.0,0.05,255,7.0,400,31,20
617,0.14888076801796324,0.6072348976141405,0.07824554068572825,0.07063522733223498,0.0,0.05,255,7.0,800,31,20
1458,0.1489715572951814,0.6067557258199983,0.10941482753127288,0.03955672976390853,0.1,0.05,255,5.0,800,63,50
1440,0.1489715572951814,0.6067557258199983,0.10941482753127288,0.03955672976390853,0.1,0.05,255,5.0,200,63,50
1446,0.1489715572951814,0.6067557258199983,0.10941482753127288,0.03955672976390853,0.1,0.05,255,5.0,400,31,50
1437,0.1489715572951814,0.6067557258199983,0.10941482753127288,0.03955672976390853,0.1,0.05,255,5.0,200,31,50
1455,0.1489715572951814,0.6067557258199983,0.10941482753127288,0.03955672976390853,0.1,0.05,255,5.0,800,31,50
1449,0.1489715572951814,0.6067557258199983,0.10941482753127288,0.03955672976390853,0.1,0.05,255,5.0,400,63,50
537,0.14913295653461642,0.6059031642976782,0.08727423185144575,0.06185872468317066,0.0,0.05,128,,800,31,50
519,0.14913295653461642,0.6059031642976782,0.08727423185144575,0.06185872468317066,0.0,0.05,128,,200,31,50
528,0.14913295653461642,0.6059031642976782,0.08727423185144575,0.06185872468317066,0.0,0.05,128,,400,31,50
290,0.1492009030701898,0.605543973206095,0.11327400990377869,0.03592689316641111,0.0,0.03,128,7.0,800,15,20
281,0.1492009030701898,0.605543973206095,0.11327400990377869,0.03592689316641111,0.0,0.03,128,7.0,400,15,20
1275,0.1492207184061211,0.605439191029054,0.09878366811394446,0.050437050292176655,0.1,0.03,255,,200,31,50
2000,0.1492217482718946,0.6054337447870135,0.1226485822629001,0.02657316600899451,1.0,0.03,128,7.0,200,15,20
1649,0.1492624562874285,0.6052184383681058,0.0942992292658606,0.05496322702156792,0.1,0.1,255,5.0,200,15,20
1667,0.1492624562874285,0.6052184383681058,0.0942992292658606,0.05496322702156792,0.1,0.1,255,5.0,800,15,20
1658,0.1492624562874285,0.6052184383681058,0.0942992292658606,0.05496322702156792,0.1,0.1,255,5.0,400,15,20
77,0.14927000153245426,0.6051785247960559,0.08966218208876937,0.05960781944368489,0.0,0.01,128,7.0,800,31,20
2099,0.14934416821284444,0.6047860832796657,0.10618694425849175,0.04315722395435269,1.0,0.03,255,5.0,800,15,20
1253,0.14938530899621022,0.6045683091293007,0.11022789366150645,0.039157415334703766,0.1,0.03,255,7.0,400,15,20
1262,0.14938530899621022,0.6045683091293007,0.11022789366150645,0.039157415334703766,0.1,0.03,255,7.0,800,15,20
2090,0.14944646388134192,0.604244481710271,0.10856237364764248,0.04088409023369943,1.0,0.03,255,5.0,400,15,20
591,0.14959210920910967,0.6034727266935073,0.10306347849250293,0.04652863071660675,0.0,0.05,255,5.0,800,31,50
585,0.14959210920910967,0.6034727266935073,0.10306347849250293,0.04652863071660675,0.0,0.05,255,5.0,400,63,50
594,0.14959210920910967,0.6034727266935073,0.10306347849250293,0.04652863071660675,0.0,0.05,255,5.0,800,63,50
582,0.14959210920910967,0.6034727266935073,0.10306347849250293,0.04652863071660675,0.0,0.05,255,5.0,400,31,50
260,0.14966738060809937,0.6030735790116,0.10355461530659182,0.04611276530150754,0.0,0.03,128,5.0,400,63,20
269,0.14966738060809937,0.6030735790116,0.10355461530659182,0.04611276530150754,0.0,0.03,128,5.0,800,63,20
1456,0.14980423021156156,0.6023473812695138,0.0987258297552228,0.051078400456338754,0.1,0.05,255,5.0,800,63,10
1438,0.14980423021156156,0.6023473812695138,0.0987258297552228,0.051078400456338754,0.1,0.05,255,5.0,200,63,10
1447,0.14980423021156156,0.6023473812695138,0.0987258297552228,0.051078400456338754,0.1,0.05,255,5.0,400,63,10
493,0.14982017843853465,0.6022627082026805,0.06109856614640651,0.08872161229212813,0.0,0.05,128,7.0,200,63,10
46,0.14996859091431072,0.601474317559041,0.11897080057419732,0.030997790340113407,0.0,0.01,128,5.0,800,15,10
2131,0.15001580611496917,0.6012233392444373,0.06367003316385694,0.08634577295111223,1.0,0.03,255,7.0,800,63,10
2122,0.15001580611496917,0.6012233392444373,0.06367003316385694,0.08634577295111223,1.0,0.03,255,7.0,400,63,10
1272,0.150041116751159,0.601088764859087,0.12361736455718057,0.026423752193978425,0.1,0.03,255,,200,15,50
1578,0.15010090210517468,0.6007708013384998,0.1101577566725293,0.03994314543264538,0.1,0.1,128,7.0,400,15,50
1587,0.15010090210517468,0.6007708013384998,0.1101577566725293,0.03994314543264538,0.1,0.1,128,7.0,800,15,50
1569,0.15010090210517468,0.6007708013384998,0.1101577566725293,0.03994314543264538,0.1,0.1,128,7.0,200,15,50
1178,0.15010382052853852,0.6007552766996561,0.05262084321752736,0.09748297731101116,0.1,0.03,128,,400,63,20
1187,0.15010382052853852,0.6007552766996561,0.05262084321752736,0.09748297731101116,0.1,0.03,128,,800,63,20
2096,0.15015050472935734,0.6005068976888359,0.0985195948962426,0.051630909833114746,1.0,0.03,255,5.0,400,63,20
2105,0.15015050472935734,0.6005068976888359,0.0985195948962426,0.051630909833114746,1.0,0.03,255,5.0,800,63,20
495,0.1502536993937975,0.5999575858719031,0.07891245584510755,0.07134124354868997,0.0,0.05,128,7.0,200,63,50
1242,0.15038034875197345,0.599282907403466,0.10925301268735246,0.04112733606462099,0.1,0.03,255,5.0,800,63,50
1233,0.15038034875197345,0.599282907403466,0.10925301268735246,0.04112733606462099,0.1,0.03,255,5.0,400,63,50
1913,0.15047039384172378,0.5988028791327538,0.09187130555360862,0.058599088288115164,1.0,0.01,255,7.0,800,31,20
1239,0.15053550539423238,0.5984555919540129,0.1110305073323329,0.039504998061899485,0.1,0.03,255,5.0,800,31,50
1230,0.15053550539423238,0.5984555919540129,0.1110305073323329,0.039504998061899485,0.1,0.03,255,5.0,400,31,50
2109,0.15057275577603818,0.5982568410595949,0.1246929030260002,0.025879852750037985,1.0,0.03,255,7.0,200,15,50
942,0.15061132974823854,0.5980509762686346,0.09599079744973758,0.05462053229850096,0.1,0.01,128,7.0,800,31,50
2102,0.15071633294327508,0.5974903193198078,0.0942812067352923,0.05643512620798277,1.0,0.03,255,5.0,800,31,20
2013,0.15072858814022064,0.597424858120418,0.08502237193109666,0.06570621620912398,1.0,0.03,128,7.0,400,31,50
2022,0.15072858814022064,0.597424858120418,0.08502237193109666,0.06570621620912398,1.0,0.03,128,7.0,800,31,50
2267,0.15074262717579087,0.5973498619964268,0.05218025399643259,0.09856237317935829,1.0,0.05,128,,800,63,20
2258,0.15074262717579087,0.5973498619964268,0.05218025399643259,0.09856237317935829,1.0,0.05,128,,400,63,20
2001,0.15075187528357953,0.5973004550546238,0.12486596598032429,0.02588590930325524,1.0,0.03,128,7.0,200,15,50
2093,0.15076448181187416,0.597233101259342,0.09721415235617378,0.053550329455700374,1.0,0.03,255,5.0,400,31,20
2364,0.15083063301468305,0.5968795782054439,0.08688762411934088,0.06394300889534217,1.0,0.05,255,,400,31,50
2355,0.15083063301468305,0.5968795782054439,0.08688762411934088,0.06394300889534217,1.0,0.05,255,,200,31,50
2373,0.15083063301468305,0.5968795782054439,0.08688762411934088,0.06394300889534217,1.0,0.05,255,,800,31,50
379,0.1508707535880271,0.5966650916230984,0.12357398391176945,0.027296769676257646,0.0,0.03,255,7.0,200,15,10
1186,0.15092311634926975,0.5963850718840638,0.049288846003104785,0.10163427034616496,0.1,0.03,128,,800,63,10
1137,0.1510499336403263,0.5957064898616313,0.12509640528512508,0.025953528355201205,0.1,0.03,128,7.0,200,15,50
2411,0.15105960668049573,0.595654707348536,0.09717576775668443,0.053883838923811295,1.0,0.1,128,5.0,200,63,20
2429,0.15105960668049573,0.595654707348536,0.09717576775668443,0.053883838923811295,1.0,0.1,128,5.0,800,63,20
2420,0.15105960668049573,0.595654707348536,0.09717576775668443,0.053883838923811295,1.0,0.1,128,5.0,400,63,20
2107,0.15108030508231163,0.5955438918246463,0.12379273640393089,0.02728756867838074,1.0,0.03,255,7.0,200,15,10
405,0.15116892873841975,0.5950692450178031,0.06666935862206473,0.08449957011635502,0.0,0.03,255,7.0,800,63,50
1566,0.1511762746058056,0.5950298898417878,0.11095149810325117,0.04022477650255443,0.1,0.1,128,5.0,800,63,50
1557,0.1511762746058056,0.5950298898417878,0.11095149810325117,0.04022477650255443,0.1,0.1,128,5.0,400,63,50
1554,0.1511762746058056,0.5950298898417878,0.11095149810325117,0.04022477650255443,0.1,0.1,128,5.0,400,31,50
1548,0.1511762746058056,0.5950298898417878,0.11095149810325117,0.04022477650255443,0.1,0.1,128,5.0,200,63,50
1545,0.1511762746058056,0.5950298898417878,0.11095149810325117,0.04022477650255443,0.1,0.1,128,5.0,200,31,50
1563,0.1511762746058056,0.5950298898417878,0.11095149810325117,0.04022477650255443,0.1,0.1,128,5.0,800,31,50
1684,0.15117777699735294,0.5950218406066115,0.10379357685797642,0.04738420013937651,0.1,0.1,255,7.0,400,15,10
1693,0.15117777699735294,0.5950218406066115,0.10379357685797642,0.04738420013937651,0.1,0.1,255,7.0,800,15,10
1675,0.15117777699735294,0.5950218406066115,0.10379357685797642,0.04738420013937651,0.1,0.1,255,7.0,200,15,10
1149,0.1512171754280935,0.5948107304373436,0.09386423274033094,0.057352942687762545,0.1,0.03,128,7.0,400,31,50
1158,0.1512171754280935,0.5948107304373436,0.09386423274033094,0.057352942687762545,0.1,0.03,128,7.0,800,31,50
431,0.1512534642618735,0.5946162338755261,0.05306695801954496,0.09818650624232854,0.0,0.03,255,,800,63,20
302,0.15129068440638957,0.5944166973042502,0.09774914293110935,0.053541541475280216,0.0,0.03,128,,200,31,20
422,0.15129592254745478,0.5943886117768444,0.05345679947234275,0.09783912307511203,0.0,0.03,255,,400,63,20
1656,0.15131813431544375,0.5942695073458902,0.10504804460219147,0.04627008971325228,0.1,0.1,255,5.0,200,63,50
1662,0.15131813431544375,0.5942695073458902,0.10504804460219147,0.04627008971325228,0.1,0.1,255,5.0,400,31,50
1653,0.15131813431544375,0.5942695073458902,0.10504804460219147,0.04627008971325228,0.1,0.1,255,5.0,200,31,50
1674,0.15131813431544375,0.5942695073458902,0.10504804460219147,0.04627008971325228,0.1,0.1,255,5.0,800,63,50
1671,0.15131813431544375,0.5942695073458902,0.10504804460219147,0.04627008971325228,0.1,0.1,255,5.0,800,31,50
1665,0.15131813431544375,0.5942695073458902,0.10504804460219147,0.04627008971325228,0.1,0.1,255,5.0,400,63,50
303,0.15135544031148052,0.5940694249690156,0.10101787402568849,0.05033756628579203,0.0,0.03,128,,200,31,50
910,0.15136971648949865,0.5939928448283183,0.12019022576130041,0.031179490728198242,0.1,0.01,128,5.0,800,15,10
1890,0.151425794137866,0.5936919637220377,0.11243782374292827,0.03898797039493773,1.0,0.01,255,5.0,800,63,50
1941,0.15142643437799783,0.5936885279102975,0.09090648626318086,0.060519948114816965,1.0,0.01,255,,800,31,50
1612,0.15149229668832714,0.5933350040082828,0.10722608256979496,0.04426621411853218,0.1,0.1,128,,800,15,10
1603,0.15149229668832714,0.5933350040082828,0.10722608256979496,0.04426621411853218,0.1,0.1,128,,400,15,10
1594,0.15149229668832714,0.5933350040082828,0.10722608256979496,0.04426621411853218,0.1,0.1,128,,200,15,10
1125,0.15150460743883237,0.5932689075158486,0.10817420215684069,0.04333040528199168,0.1,0.03,128,5.0,400,63,50
1122,0.15150460743883237,0.5932689075158486,0.10817420215684069,0.04333040528199168,0.1,0.03,128,5.0,400,31,50
1134,0.15150460743883237,0.5932689075158486,0.10817420215684069,0.04333040528199168,0.1,0.03,128,5.0,800,63,50
1131,0.15150460743883237,0.5932689075158486,0.10817420215684069,0.04333040528199168,0.1,0.03,128,5.0,800,31,50
2209,0.15152812073504485,0.5931426495630949,0.09152033900926108,0.06000778172578376,1.0,0.05,128,5.0,800,31,10
2200,0.15152812073504485,0.5931426495630949,0.09152033900926108,0.06000778172578376,1.0,0.05,128,5.0,400,31,10
2196,0.1515385710805377,0.5930865286731457,0.1068930736356517,0.044645497444885995,1.0,0.05,128,5.0,200,63,50
1831,0.15157023411038992,0.5929164668951419,0.0895298356439659,0.06204039846642402,1.0,0.01,128,,800,31,10
599,0.15162628868507522,0.5926153112764173,0.08532314296348197,0.06630314572159325,0.0,0.05,255,7.0,200,31,20
286,0.1516346453817279,0.5925704050255485,0.06558716400600917,0.08604748137571874,0.0,0.03,128,7.0,400,63,10
295,0.1516346453817279,0.5925704050255485,0.06558716400600917,0.08604748137571874,0.0,0.03,128,7.0,800,63,10
2249,0.15164675011984166,0.5925053535937425,0.05682883908319499,0.09481791103664666,1.0,0.05,128,,200,63,20
2214,0.15164920264950763,0.5924921729513659,0.10627190841760563,0.045377294231901996,1.0,0.05,128,5.0,800,63,50
2205,0.15164920264950763,0.5924921729513659,0.10627190841760563,0.045377294231901996,1.0,0.05,128,5.0,400,63,50
744,0.1516525309002519,0.59247428557592,0.07421162090694262,0.07744090999330928,0.0,0.1,128,,400,31,50
735,0.1516525309002519,0.59247428557592,0.07421162090694262,0.07744090999330928,0.0,0.1,128,,200,31,50
753,0.1516525309002519,0.59247428557592,0.07421162090694262,0.07744090999330928,0.0,0.1,128,,800,31,50
256,0.15167120535350892,0.5923739141752415,0.10017784625068131,0.05149335910282761,0.0,0.03,128,5.0,400,31,10
265,0.15167120535350892,0.5923739141752415,0.10017784625068131,0.05149335910282761,0.0,0.03,128,5.0,800,31,10
1586,0.15178051379055993,0.5917861555931677,0.11178556440615457,0.03999494938440536,0.1,0.1,128,7.0,800,15,20
1577,0.15178051379055993,0.5917861555931677,0.11178556440615457,0.03999494938440536,0.1,0.1,128,7.0,400,15,20
1568,0.15178051379055993,0.5917861555931677,0.11178556440615457,0.03999494938440536,0.1,0.1,128,7.0,200,15,20
2041,0.15183426831095848,0.5914969587180252,0.05262200496316255,0.09921226334779593,1.0,0.03,128,,400,63,10
1544,0.1518357625436755,0.5914889183511223,0.07905337964439638,0.07278238289927913,0.1,0.1,128,5.0,200,31,20
2050,0.15183930115955388,0.5914698769787785,0.05254983371374024,0.09928946744581364,1.0,0.03,128,,800,63,10
841,0.15185841974555403,0.591366991757956,0.07987424063111499,0.07198417911443904,0.0,0.1,255,,200,31,10
850,0.15185841974555403,0.591366991757956,0.07987424063111499,0.07198417911443904,0.0,0.1,255,,400,31,10
859,0.15185841974555403,0.591366991757956,0.07987424063111499,0.07198417911443904,0.0,0.1,255,,800,31,10
81,0.15191616388490556,0.5910561674042014,0.08455696420701071,0.06735919967789485,0.0,0.01,128,7.0,800,63,50
2206,0.1520026367017106,0.5905904817439223,0.11276742733844602,0.03923520936326458,1.0,0.05,128,5.0,800,15,10
2197,0.1520026367017106,0.5905904817439223,0.11276742733844602,0.03923520936326458,1.0,0.05,128,5.0,400,15,10
2188,0.1520564286074048,0.5903006602579628,0.11498391146643437,0.037072517140970415,1.0,0.05,128,5.0,200,15,10
1050,0.1521396642228218,0.5898519990525792,0.09721297200679012,0.05492669221603168,0.1,0.01,255,7.0,800,31,50
2138,0.15217304661566405,0.5896719904548783,0.09922289663974602,0.05295014997591803,1.0,0.03,255,,200,31,20
298,0.1522124732422235,0.5894593385388591,0.12466616626716441,0.027546306975059096,0.0,0.03,128,,200,15,10
1232,0.15223061169808058,0.5893614882484897,0.10404439438476915,0.048186217313311436,0.1,0.03,255,5.0,400,63,20
1241,0.15223061169808058,0.5893614882484897,0.10404439438476915,0.048186217313311436,0.1,0.03,255,5.0,800,63,20
274,0.1522909292277249,0.5890360135320063,0.10064208864435857,0.05164884058336634,0.0,0.03,128,7.0,200,31,10
1159,0.15229759882150493,0.5890000163405492,0.0698004753988043,0.08249712342270063,0.1,0.03,128,7.0,800,63,10
1150,0.15229759882150493,0.5890000163405492,0.0698004753988043,0.08249712342270063,0.1,0.03,128,7.0,400,63,10
1986,0.1523705347499102,0.5886062630103961,0.10423948689259696,0.04813104785731323,1.0,0.03,128,5.0,400,31,50
1989,0.1523705347499102,0.5886062630103961,0.10423948689259696,0.04813104785731323,1.0,0.03,128,5.0,400,63,50
1347,0.15237494822939968,0.5885824302645277,0.11035876187969355,0.04201618634970612,0.1,0.05,128,5.0,800,31,50
1338,0.15237494822939968,0.5885824302645277,0.11035876187969355,0.04201618634970612,0.1,0.05,128,5.0,400,31,50
1329,0.15237494822939968,0.5885824302645277,0.11035876187969355,0.04201618634970612,0.1,0.05,128,5.0,200,31,50
1995,0.15242842766410622,0.588293586981169,0.1032741099426736,0.049154317721432625,1.0,0.03,128,5.0,800,31,50
1998,0.15242842766410622,0.588293586981169,0.1032741099426736,0.049154317721432625,1.0,0.03,128,5.0,800,63,50
408,0.1524526059205068,0.5881629665601729,0.1256507862998653,0.026801819620641487,0.0,0.03,255,,200,15,50
616,0.15245653656380867,0.5881417297261351,0.0717239264530207,0.08073261011078797,0.0,0.05,255,7.0,800,31,10
607,0.15245653656380867,0.5881417297261351,0.0717239264530207,0.08073261011078797,0.0,0.05,255,7.0,400,31,10
1401,0.1524758199392662,0.5880375358344107,0.0865211230782373,0.06595469686102891,0.1,0.05,128,,800,31,50
1383,0.1524758199392662,0.5880375358344107,0.0865211230782373,0.06595469686102891,0.1,0.05,128,,200,31,50
1392,0.1524758199392662,0.5880375358344107,0.0865211230782373,0.06595469686102891,0.1,0.05,128,,400,31,50
2216,0.15252726978563638,0.5877594723161683,0.11291046697930876,0.03961680280632762,1.0,0.05,128,7.0,200,15,20
322,0.15265844065118905,0.5870501277085205,0.0511998710110294,0.10145856964015965,0.0,0.03,128,,800,63,10
576,0.1527237154696659,0.5866969079232779,0.10884194858340755,0.04388176688625835,0.0,0.05,255,5.0,200,63,50
573,0.1527237154696659,0.5866969079232779,0.10884194858340755,0.04388176688625835,0.0,0.05,255,5.0,200,31,50
1021,0.15273288190946568,0.586647293734756,0.10652022764073764,0.046212654268728046,0.1,0.01,255,5.0,800,31,10
1331,0.1527430973822353,0.5865919980515282,0.10083462219269214,0.051908475189543155,0.1,0.05,128,5.0,200,63,20
1270,0.15277905679047826,0.5863973227141246,0.1242436791277545,0.028535377662723765,0.1,0.03,255,,200,15,10
1403,0.15281588907458404,0.5861978743348735,0.05123236556236129,0.10158352351222275,0.1,0.05,128,,800,63,20
1394,0.15281588907458404,0.5861978743348735,0.05123236556236129,0.10158352351222275,0.1,0.05,128,,400,63,20
1177,0.15287274470934578,0.5858899042761698,0.05334012193361558,0.0995326227757302,0.1,0.03,128,,400,63,10
2158,0.15300892457308743,0.5851517926616474,0.05183536792188614,0.10117355665120129,1.0,0.03,255,,800,63,10
1166,0.15309489742941979,0.5846854707739544,0.09899654936324988,0.05409834806616991,0.1,0.03,128,,200,31,20
430,0.15322258875485134,0.5839923819808964,0.051536447251364435,0.1016861415034869,0.0,0.03,255,,800,63,10
157,0.15326207685561466,0.5837779296905676,0.10653801801950233,0.04672405883611233,0.0,0.01,255,5.0,800,31,10
106,0.1532666615436473,0.5837530275500575,0.06053114931974399,0.0927355122239033,0.0,0.01,128,,800,63,10
273,0.15329125268357166,0.5836194458747596,0.12704289502929372,0.026248357654277937,0.0,0.03,128,7.0,200,15,50
421,0.15332229816631493,0.5834507729194255,0.0528125847480053,0.10050971341830964,0.0,0.03,255,,400,63,10
708,0.15334714867282584,0.583315733224786,0.08387727221075997,0.06946987646206587,0.0,0.1,128,7.0,200,31,50
726,0.15334714867282584,0.583315733224786,0.08387727221075997,0.06946987646206587,0.0,0.1,128,7.0,800,31,50
717,0.15334714867282584,0.583315733224786,0.08387727221075997,0.06946987646206587,0.0,0.1,128,7.0,400,31,50
313,0.15334909295529867,0.5833051669109086,0.05279801213727162,0.10055108081802705,0.0,0.03,128,,400,63,10
1120,0.1533590291768155,0.5832511658571827,0.1074916452707941,0.04586738390602138,0.1,0.03,128,5.0,400,31,10
1129,0.1533590291768155,0.5832511658571827,0.1074916452707941,0.04586738390602138,0.1,0.03,128,5.0,800,31,10
1020,0.15336524574590818,0.5832173784702255,0.12238068587272131,0.030984559873186865,0.1,0.01,255,5.0,800,15,50
745,0.1534973054172986,0.5824993034884173,0.054126250846491676,0.09937105457080694,0.0,0.1,128,,400,63,10
736,0.1534973054172986,0.5824993034884173,0.054126250846491676,0.09937105457080694,0.0,0.1,128,,200,63,10
754,0.1534973054172986,0.5824993034884173,0.054126250846491676,0.09937105457080694,0.0,0.1,128,,800,63,10
1161,0.1537001489357675,0.5813951373106616,0.08279564343976878,0.07090450549599872,0.1,0.03,128,7.0,800,63,50
1152,0.1537001489357675,0.5813951373106616,0.08279564343976878,0.07090450549599872,0.1,0.03,128,7.0,400,63,50
2128,0.1537804035362294,0.5809578737549348,0.07994899810217096,0.07383140543405844,1.0,0.03,255,7.0,800,31,10
2119,0.1537804035362294,0.5809578737549348,0.07994899810217096,0.07383140543405844,1.0,0.03,255,7.0,400,31,10
2149,0.15378232191138796,0.5809474187814662,0.05338168770261422,0.10040063420877374,1.0,0.03,255,,400,63,10
297,0.15380958479862644,0.5807988243810815,0.08142517381900913,0.07238441097961731,0.0,0.03,128,7.0,800,63,50
288,0.15380958479862644,0.5807988243810815,0.08142517381900913,0.07238441097961731,0.0,0.03,128,7.0,400,63,50
2135,0.15393195265382043,0.580131542765824,0.1260742867075295,0.027857665946290938,1.0,0.03,255,,200,15,20
2031,0.15394481847125002,0.5800613536131125,0.10305612875881064,0.050888689712439386,1.0,0.03,128,,200,31,50
76,0.1539468929899429,0.5800500355778546,0.09334891342743028,0.06059797956251263,0.0,0.01,128,7.0,800,31,10
2159,0.15397874049446264,0.5798762647205262,0.05573573768072807,0.09824300281373458,1.0,0.03,255,,800,63,20
2150,0.15397874049446264,0.5798762647205262,0.05573573768072807,0.09824300281373458,1.0,0.03,255,,400,63,20
2251,0.15400193111229288,0.5797497061755941,0.11760067510963704,0.03640125600265584,1.0,0.05,128,,400,15,10
2260,0.15400193111229288,0.5797497061755941,0.11760067510963704,0.03640125600265584,1.0,0.05,128,,800,15,10
2242,0.15400193111229288,0.5797497061755941,0.11760067510963704,0.03640125600265584,1.0,0.05,128,,200,15,10
2532,0.1540204507103441,0.5796486251770241,0.1142742972532978,0.039746153457046296,1.0,0.1,255,5.0,800,15,50
2523,0.1540204507103441,0.5796486251770241,0.1142742972532978,0.039746153457046296,1.0,0.1,255,5.0,400,15,50
2514,0.1540204507103441,0.5796486251770241,0.1142742972532978,0.039746153457046296,1.0,0.1,255,5.0,200,15,50
2299,0.15408732072857872,0.5792835437102948,0.10355018179477594,0.05053713893380278,1.0,0.05,255,5.0,200,31,10
2317,0.15408732072857872,0.5792835437102948,0.10355018179477594,0.05053713893380278,1.0,0.05,255,5.0,800,31,10
2308,0.15408732072857872,0.5792835437102948,0.10355018179477594,0.05053713893380278,1.0,0.05,255,5.0,400,31,10
1385,0.1540900601918735,0.5792685840428887,0.05704877698222211,0.09704128320965139,0.1,0.05,128,,200,63,20
584,0.15411741382810742,0.579119196657728,0.10104684186012607,0.05307057196798136,0.0,0.05,255,5.0,400,63,20
593,0.15411741382810742,0.579119196657728,0.10104684186012607,0.05307057196798136,0.0,0.05,255,5.0,800,63,20
1141,0.1541533926422251,0.5789226639057112,0.07851527323102238,0.07563811941120273,0.1,0.03,128,7.0,200,63,10
2347,0.1541770963155962,0.5787931585234815,0.06513027842141124,0.08904681789418496,1.0,0.05,255,7.0,800,63,10
2338,0.1541770963155962,0.5787931585234815,0.06513027842141124,0.08904681789418496,1.0,0.05,255,7.0,400,63,10
2329,0.15419534410737065,0.5786934478690611,0.06659456395565572,0.08760078015171494,1.0,0.05,255,7.0,200,63,10
575,0.15425371256130946,0.578374428296668,0.1032275993114006,0.051026113249908855,0.0,0.05,255,5.0,200,63,20
1274,0.1543451246386194,0.5778745623449358,0.099681990380773,0.05466313425784641,0.1,0.03,255,,200,31,20
53,0.15435596277803879,0.5778152768315514,0.10891278037653152,0.04544318240150727,0.0,0.01,128,5.0,800,63,20
1268,0.15441938713084774,0.5774682569484394,0.06926067284263569,0.08515871428821205,0.1,0.03,255,7.0,800,63,20
1259,0.15441938713084774,0.5774682569484394,0.06926067284263569,0.08515871428821205,0.1,0.03,255,7.0,400,63,20
971,0.1544882555931681,0.5770912887344781,0.06150956100361542,0.09297869458955267,0.1,0.01,128,,800,63,20
2203,0.15455529388627096,0.5767241769519692,0.09983383509874409,0.054721458787526864,1.0,0.05,128,5.0,400,63,10
2212,0.15455529388627096,0.5767241769519692,0.09983383509874409,0.054721458787526864,1.0,0.05,128,5.0,800,63,10
679,0.15461903852838885,0.5763749539741629,0.10417009159709026,0.05044894693129859,0.0,0.1,128,5.0,200,31,10
688,0.15461903852838885,0.5763749539741629,0.10417009159709026,0.05044894693129859,0.0,0.1,128,5.0,400,31,10
697,0.15461903852838885,0.5763749539741629,0.10417009159709026,0.05044894693129859,0.0,0.1,128,5.0,800,31,10
2194,0.15465773105806824,0.5761629079581625,0.10049050837132262,0.05416722268674562,1.0,0.05,128,5.0,200,63,10
1139,0.15471577619399224,0.5758447046828319,0.10386669479691514,0.0508490813970771,0.1,0.03,128,7.0,200,31,20
188,0.1547217370954813,0.575812020276628,0.07596308077874057,0.07875865631674071,0.0,0.01,255,7.0,800,63,20
264,0.15473144957474985,0.5757587627790338,0.12317174434000074,0.031559705234749116,0.0,0.03,128,5.0,800,15,50
255,0.15473144957474985,0.5757587627790338,0.12317174434000074,0.031559705234749116,0.0,0.03,128,5.0,400,15,50
2136,0.15474119378230772,0.5757053279427755,0.12847917186791316,0.026262021914394557,1.0,0.03,255,,200,15,50
1221,0.1547632181345742,0.5755845394168675,0.11995997868865656,0.034803239445917636,0.1,0.03,255,5.0,200,31,50
1167,0.15476647348734943,0.5755666845726102,0.10281882134056632,0.05194765214678311,0.1,0.03,128,,200,31,50
2213,0.15482456942256526,0.5752479788755875,0.10296439078823895,0.05186017863432631,1.0,0.05,128,5.0,800,63,20
2204,0.15482456942256526,0.5752479788755875,0.10296439078823895,0.05186017863432631,1.0,0.05,128,5.0,400,63,20
2540,0.15482842989281725,0.5752267966692852,0.09678671198137857,0.05804171791143868,1.0,0.1,255,7.0,200,15,20
2549,0.15482842989281725,0.5752267966692852,0.09678671198137857,0.05804171791143868,1.0,0.1,255,7.0,400,15,20
2558,0.15482842989281725,0.5752267966692852,0.09678671198137857,0.05804171791143868,1.0,0.1,255,7.0,800,15,20
2103,0.15484940856887552,0.5751116784942459,0.11524878011665401,0.03960062845222151,1.0,0.03,255,5.0,800,31,50
2094,0.15484940856887552,0.5751116784942459,0.11524878011665401,0.03960062845222151,1.0,0.03,255,5.0,400,31,50
2097,0.15484940856887552,0.5751116784942459,0.11524878011665401,0.03960062845222151,1.0,0.03,255,5.0,400,63,50
2106,0.15484940856887552,0.5751116784942459,0.11524878011665401,0.03960062845222151,1.0,0.03,255,5.0,800,63,50
2195,0.1548686826985042,0.5750059000824703,0.10329047775871904,0.05157820493978517,1.0,0.05,128,5.0,200,63,20
1992,0.15494145798547437,0.5746063830971581,0.11917933630468913,0.03576212168078524,1.0,0.03,128,5.0,800,15,50
1983,0.15494145798547437,0.5746063830971581,0.11917933630468913,0.03576212168078524,1.0,0.03,128,5.0,400,15,50
2553,0.15494927480555304,0.5745634596693262,0.08142400970832286,0.07352526509723017,1.0,0.1,255,7.0,400,31,50
2544,0.15494927480555304,0.5745634596693262,0.08142400970832286,0.07352526509723017,1.0,0.1,255,7.0,200,31,50
2562,0.15494927480555304,0.5745634596693262,0.08142400970832286,0.07352526509723017,1.0,0.1,255,7.0,800,31,50
1051,0.1550167106566874,0.5741930685424421,0.07144852651760376,0.08356818413908364,0.1,0.01,255,7.0,800,63,10
315,0.1550261219468371,0.574141364255723,0.05712952831524511,0.09789659363159199,0.0,0.03,128,,400,63,50
324,0.1550261219468371,0.574141364255723,0.05712952831524511,0.09789659363159199,0.0,0.03,128,,800,63,50
1164,0.1550262503550581,0.5741406587775524,0.12838169317298692,0.026644557182071177,0.1,0.03,128,,200,15,50
2129,0.1550329219392493,0.5741040041132367,0.07943004049302313,0.07560288144622618,1.0,0.03,255,7.0,800,31,20
2307,0.1550725801534442,0.5738860834970525,0.1109415395637837,0.044131040589660483,1.0,0.05,255,5.0,400,15,50
2316,0.1550725801534442,0.5738860834970525,0.1109415395637837,0.044131040589660483,1.0,0.05,255,5.0,800,15,50
1886,0.1550891180291487,0.5737951919319746,0.11098988590622115,0.04409923212292756,1.0,0.01,255,5.0,800,31,20
482,0.15510888774416481,0.5736865255762356,0.10693024084467967,0.048178646899485145,0.0,0.05,128,5.0,800,31,20
464,0.15510888774416481,0.5736865255762356,0.10693024084467967,0.048178646899485145,0.0,0.05,128,5.0,200,31,20
473,0.15510888774416481,0.5736865255762356,0.10693024084467967,0.048178646899485145,0.0,0.05,128,5.0,400,31,20
1540,0.15513838949840217,0.5735243402674828,0.11505522705436981,0.04008316244403236,0.1,0.1,128,5.0,200,15,10
1558,0.15513838949840217,0.5735243402674828,0.11505522705436981,0.04008316244403236,0.1,0.1,128,5.0,800,15,10
1549,0.15513838949840217,0.5735243402674828,0.11505522705436981,0.04008316244403236,0.1,0.1,128,5.0,400,15,10
2120,0.15519940852188663,0.5731887915217639,0.08314091960652087,0.07205848891536576,1.0,0.03,255,7.0,400,31,20
396,0.1552132187020985,0.5731128298668705,0.07755629935637622,0.07765691934572229,0.0,0.03,255,7.0,400,63,50
384,0.15537200339923024,0.5722389632978871,0.10746025320442983,0.047911750194800415,0.0,0.03,255,7.0,200,31,50
251,0.15547103478603386,0.5716934947696859,0.11689213465688482,0.03857890012914904,0.0,0.03,128,5.0,200,63,20
383,0.15560804298841927,0.570938275498802,0.10424536212861235,0.051362680859806914,0.0,0.03,255,7.0,200,31,20
1111,0.1556502930445522,0.5707052497168378,0.11461799806114671,0.04103229498340548,0.1,0.03,128,5.0,200,31,10
2463,0.15565428619606783,0.5706832226337104,0.08326773108906563,0.0723865551070022,1.0,0.1,128,,200,31,50
2481,0.15565428619606783,0.5706832226337104,0.08326773108906563,0.0723865551070022,1.0,0.1,128,,800,31,50
2472,0.15565428619606783,0.5706832226337104,0.08326773108906563,0.0723865551070022,1.0,0.1,128,,400,31,50
52,0.1556813919383399,0.5705336865889548,0.1069519365232952,0.04872945541504471,0.0,0.01,128,5.0,800,63,10
2030,0.15568735403378942,0.5705007916083685,0.10112326630182107,0.054564087731968344,1.0,0.03,128,,200,31,20
1493,0.1557130764811601,0.5703588573645657,0.05763743550094514,0.09807564098021496,0.1,0.05,255,,200,63,20
2464,0.15571459931919998,0.5703504537405462,0.052162730312277264,0.10355186900692272,1.0,0.1,128,,200,63,10
2482,0.15571459931919998,0.5703504537405462,0.052162730312277264,0.10355186900692272,1.0,0.1,128,,800,63,10
2473,0.15571459931919998,0.5703504537405462,0.052162730312277264,0.10355186900692272,1.0,0.1,128,,400,63,10
1511,0.15571880824898415,0.5703272267699249,0.05748383590947063,0.09823497233951353,0.1,0.05,255,,800,63,20
1502,0.15571880824898415,0.5703272267699249,0.05748383590947063,0.09823497233951353,0.1,0.05,255,,400,63,20
1395,0.1557973719050815,0.5698935581608485,0.062212186527304286,0.09358518537777721,0.1,0.05,128,,400,63,50
1386,0.1557973719050815,0.5698935581608485,0.062212186527304286,0.09358518537777721,0.1,0.05,128,,200,63,50
1404,0.1557973719050815,0.5698935581608485,0.062212186527304286,0.09358518537777721,0.1,0.05,128,,800,63,50
161,0.1558422789895627,0.5696455743888601,0.11179017228430961,0.0440521067052531,0.0,0.01,255,5.0,800,63,20
1114,0.15585283036867628,0.5695872976946672,0.11434067618927732,0.04151215417939896,0.1,0.03,128,5.0,200,63,10
381,0.15586148023138305,0.5695395203897919,0.12939920538060898,0.02646227485077407,0.0,0.03,255,7.0,200,15,50
1052,0.15590732569859703,0.5692862498039384,0.07696574185764125,0.07894158384095577,0.1,0.01,255,7.0,800,63,20
2139,0.1559680032304905,0.5689509258175165,0.10455503759746687,0.05141296563302364,1.0,0.03,255,,200,31,50
107,0.15596972812447038,0.5689413915790951,0.06170483974973698,0.0942648883747334,0.0,0.01,128,,800,63,20
1885,0.15605497899266313,0.5684700416055357,0.10962717130768979,0.04642780768497334,1.0,0.01,255,5.0,800,31,10
751,0.15605922946857756,0.5684465340867684,0.0640454233835338,0.09201380608504375,0.0,0.1,128,,800,31,10
733,0.15605922946857756,0.5684465340867684,0.0640454233835338,0.09201380608504375,0.0,0.1,128,,200,31,10
742,0.15605922946857756,0.5684465340867684,0.0640454233835338,0.09201380608504375,0.0,0.1,128,,400,31,10
1835,0.156109531477412,0.5681682871050224,0.06266158249361034,0.09344794898380165,1.0,0.01,128,,800,63,20
2563,0.1561199118887506,0.5681108564049224,0.05578464366280008,0.10033526822595051,1.0,0.1,255,7.0,800,63,10
2545,0.1561199118887506,0.5681108564049224,0.05578464366280008,0.10033526822595051,1.0,0.1,255,7.0,200,63,10
2554,0.1561199118887506,0.5681108564049224,0.05578464366280008,0.10033526822595051,1.0,0.1,255,7.0,400,63,10
1780,0.15616332827561757,0.5678706093638222,0.10762807254498087,0.0485352557306367,1.0,0.01,128,5.0,800,63,10
1888,0.1561660017678507,0.5678558132593647,0.10957440497509381,0.04659159679275689,1.0,0.01,255,5.0,800,63,10
2298,0.1561834778287016,0.5677590879723119,0.11971667494553162,0.036466802883169974,1.0,0.05,255,5.0,200,15,50
1541,0.15618569266322366,0.5677468286873331,0.09944007156273255,0.05674562110049111,0.1,0.1,128,5.0,200,15,20
1550,0.15618569266322366,0.5677468286873331,0.09944007156273255,0.05674562110049111,0.1,0.1,128,5.0,400,15,20
1559,0.15618569266322366,0.5677468286873331,0.09944007156273255,0.05674562110049111,0.1,0.1,128,5.0,800,15,20
154,0.15619511172378875,0.5676946914973287,0.12430743583563608,0.03188767588815267,0.0,0.01,255,5.0,800,15,10
2241,0.1562770133563097,0.5672412100418961,0.09204664385593161,0.06423036950037808,1.0,0.05,128,7.0,800,63,50
2232,0.1562770133563097,0.5672412100418961,0.09204664385593161,0.06423036950037808,1.0,0.05,128,7.0,400,63,50
2223,0.1562770133563097,0.5672412100418961,0.09204664385593161,0.06423036950037808,1.0,0.05,128,7.0,200,63,50
1501,0.15628633455603713,0.5671895843891139,0.05293152837571056,0.10335480618032658,0.1,0.05,255,,400,63,10
1510,0.15628633455603713,0.5671895843891139,0.05293152837571056,0.10335480618032658,0.1,0.05,255,,800,63,10
1256,0.15636762505996085,0.566739224771956,0.08430088665959228,0.07206673840036858,0.1,0.03,255,7.0,400,31,20
1265,0.15636762505996085,0.566739224771956,0.08430088665959228,0.07206673840036858,0.1,0.03,255,7.0,800,31,20
1889,0.15641753878106723,0.5664625804342427,0.1122573633811235,0.04416017539994373,1.0,0.01,255,5.0,800,63,20
1326,0.1564431840307631,0.5663204085665933,0.12449869451178619,0.03194448951897691,0.1,0.05,128,5.0,200,15,50
1335,0.1564431840307631,0.5663204085665933,0.12449869451178619,0.03194448951897691,0.1,0.05,128,5.0,400,15,50
1344,0.1564431840307631,0.5663204085665933,0.12449869451178619,0.03194448951897691,0.1,0.05,128,5.0,800,15,50
911,0.15645863047316091,0.566234765493377,0.12657743828869034,0.02988119218447058,0.1,0.01,128,5.0,800,15,20
1118,0.1564655187775541,0.5661965704416274,0.11456049652076253,0.041905022256791574,0.1,0.03,128,5.0,400,15,20
2101,0.15664083692424674,0.5652238804512204,0.10351293616327106,0.05312790076097568,1.0,0.03,255,5.0,800,31,10
2092,0.15664083692424674,0.5652238804512204,0.10351293616327106,0.05312790076097568,1.0,0.03,255,5.0,400,31,10
1140,0.15670793703436534,0.5648513112720521,0.10803059448650588,0.04867734254785945,0.1,0.03,128,7.0,200,31,50
2515,0.1567254134829531,0.5647542481891432,0.09030026048456533,0.06642515299838778,1.0,0.1,255,5.0,200,31,10
2524,0.1567254134829531,0.5647542481891432,0.09030026048456533,0.06642515299838778,1.0,0.1,255,5.0,400,31,10
2533,0.1567254134829531,0.5647542481891432,0.09030026048456533,0.06642515299838778,1.0,0.1,255,5.0,800,31,10
1336,0.15673057860940195,0.5647255593334017,0.10257066554490396,0.054159913064497994,0.1,0.05,128,5.0,400,31,10
1345,0.15673057860940195,0.5647255593334017,0.10257066554490396,0.054159913064497994,0.1,0.05,128,5.0,800,31,10
1327,0.15673057860940195,0.5647255593334017,0.10257066554490396,0.054159913064497994,0.1,0.05,128,5.0,200,31,10
215,0.15675938668304404,0.5645655322261867,0.06258789409273925,0.09417149259030479,0.0,0.01,255,,800,63,20
1916,0.15684005924572741,0.5641172445166818,0.07693788494951685,0.07990217429621056,1.0,0.01,255,7.0,800,63,20
368,0.15690931544916636,0.5637322121476176,0.10891238943028698,0.04799692601887938,0.0,0.03,255,5.0,400,63,20
377,0.15690931544916636,0.5637322121476176,0.10891238943028698,0.04799692601887938,0.0,0.03,255,5.0,800,63,20
2191,0.15705301536506458,0.5629327650119221,0.10091213129998032,0.05614088406508426,1.0,0.05,128,5.0,200,31,10
972,0.15722987044932435,0.5619478608467412,0.06776506500779217,0.08946480544153218,0.1,0.01,128,,800,63,50
2349,0.15723309525311124,0.5619298916570472,0.07680416729552558,0.08042892795758566,1.0,0.05,255,7.0,800,63,50
2340,0.15723309525311124,0.5619298916570472,0.07680416729552558,0.08042892795758566,1.0,0.05,255,7.0,400,63,50
1778,0.15724571454684746,0.5618595711280863,0.111756387507923,0.04548932703892447,1.0,0.01,128,5.0,800,31,20
529,0.15730555976896296,0.5615260090856058,0.05534609486285527,0.10195946490610769,0.0,0.05,128,,400,63,10
538,0.15730555976896296,0.5615260090856058,0.05534609486285527,0.10195946490610769,0.0,0.05,128,,800,63,10
1476,0.15742120798963927,0.5608810556966394,0.07495348436577517,0.08246772362386409,0.1,0.05,255,7.0,400,63,50
1485,0.15742120798963927,0.5608810556966394,0.07495348436577517,0.08246772362386409,0.1,0.05,255,7.0,800,63,50
2335,0.15743987265014192,0.560776921164825,0.08956142063670018,0.06787845201344174,1.0,0.05,255,7.0,400,31,10
2344,0.15743987265014192,0.560776921164825,0.08956142063670018,0.06787845201344174,1.0,0.05,255,7.0,800,31,10
2326,0.15743987265014192,0.560776921164825,0.08956142063670018,0.06787845201344174,1.0,0.05,255,7.0,200,31,10
1130,0.15748895079752046,0.5605030437224985,0.1088922121793367,0.048596738618183755,0.1,0.03,128,5.0,800,31,20
1121,0.15748895079752046,0.5605030437224985,0.1088922121793367,0.048596738618183755,0.1,0.03,128,5.0,400,31,20
1248,0.1575259030322964,0.560296777823813,0.1085599242269138,0.048965978805382615,0.1,0.03,255,7.0,200,31,50
1025,0.15753127126340621,0.5602668085464975,0.11617506582690251,0.0413562054365037,0.1,0.01,255,5.0,800,63,20
47,0.15755207488948503,0.5601506582880399,0.12582649668565346,0.03172557820383157,0.0,0.01,128,5.0,800,15,20
2095,0.15757644275282415,0.5600145887691468,0.10342188116252456,0.05415456159029959,1.0,0.03,255,5.0,400,63,10
2104,0.15757644275282415,0.5600145887691468,0.10342188116252456,0.05415456159029959,1.0,0.03,255,5.0,800,63,10
1917,0.15758592249035683,0.5599616484742009,0.08837363091392289,0.06921229157643394,1.0,0.01,255,7.0,800,63,50
1138,0.15758700036479192,0.5599556288031011,0.10511759684934598,0.05246940351544595,0.1,0.03,128,7.0,200,31,10
246,0.15766626992177926,0.5595128144148924,0.13265672532662937,0.025009544595149896,0.0,0.03,128,5.0,200,15,50
2189,0.15768034829547312,0.5594341467318809,0.12056813446737445,0.037112213828098664,1.0,0.05,128,5.0,200,15,20
1238,0.15776659495079637,0.5589520610004202,0.10803568482823243,0.049730910122563934,0.1,0.03,255,5.0,800,31,20
1229,0.15776659495079637,0.5589520610004202,0.10803568482823243,0.049730910122563934,0.1,0.03,255,5.0,400,31,20
1775,0.15778235554876766,0.5588639368134218,0.12879089032380084,0.028991465224966817,1.0,0.01,128,5.0,800,15,20
520,0.15781226211718238,0.5586966923060517,0.05917122584132459,0.0986410362758578,0.0,0.05,128,,200,63,10
2121,0.15785003965531602,0.5584853861917032,0.09857892676128535,0.05927111289403067,1.0,0.03,255,7.0,400,31,50
2130,0.15785003965531602,0.5584853861917032,0.09857892676128535,0.05927111289403067,1.0,0.03,255,7.0,800,31,50
185,0.1578576281375517,0.5584429344274189,0.09746725573648768,0.06039037240106401,0.0,0.01,255,7.0,800,31,20
78,0.15787725622156684,0.5583331208174338,0.1028349294918473,0.05504232672971954,0.0,0.01,128,7.0,800,31,50
1053,0.15793842234556468,0.5579908259873518,0.08766963625757596,0.07026878608798873,0.1,0.01,255,7.0,800,63,50
1049,0.15794883767078755,0.557932527050006,0.10148125714498119,0.05646758052580636,0.1,0.01,255,7.0,800,31,20
360,0.1579532260364583,0.5579079623783011,0.12298311537226106,0.03497011066419725,0.0,0.03,255,5.0,200,63,50
914,0.15796209075209722,0.5578583384450582,0.1154820848583197,0.04248000589377751,0.1,0.01,128,5.0,800,31,20
1777,0.15801074287859176,0.5575859383439334,0.109355260122933,0.04865548275565876,1.0,0.01,128,5.0,800,31,10
323,0.15803118518735518,0.5574714581547149,0.05496755593337682,0.10306362925397836,0.0,0.03,128,,800,63,20
314,0.15803118518735518,0.5574714581547149,0.05496755593337682,0.10306362925397836,0.0,0.03,128,,400,63,20
940,0.15804579794695872,0.5573896152935641,0.10209103744464497,0.05595476050231375,0.1,0.01,128,7.0,800,31,10
411,0.15806785735270484,0.5572660510662159,0.10555283621876604,0.0525150211339388,0.0,0.03,255,,200,31,50
50,0.15807808511712496,0.5572087551035327,0.11421080342117247,0.043867281695952484,0.0,0.01,128,5.0,800,31,20
1439,0.15808129573621008,0.5571907684426054,0.10656873070747738,0.05151256502873269,0.1,0.05,255,5.0,200,63,20
1943,0.15808762332338927,0.5571553187066945,0.06357361548792334,0.09451400783546593,1.0,0.01,255,,800,63,20
1914,0.15812396321955435,0.5569517002443133,0.101260032876103,0.05686393034345136,1.0,0.01,255,7.0,800,31,50
1457,0.15812497208540924,0.5569460467340106,0.10537470378492915,0.05275026830048009,0.1,0.05,255,5.0,800,63,20
1448,0.15812497208540924,0.5569460467340106,0.10537470378492915,0.05275026830048009,0.1,0.05,255,5.0,400,63,20
2297,0.15812590301635476,0.5569408299255036,0.12059728405613578,0.03752861896021899,1.0,0.05,255,5.0,200,15,20
1224,0.15814245443438446,0.5568480729364117,0.12282791965409828,0.03531453478028618,0.1,0.03,255,5.0,200,63,50
1884,0.15822894758565378,0.5563631925335873,0.12651160680975915,0.03171734077589464,1.0,0.01,255,5.0,800,15,50
2016,0.15829027962380784,0.5560192046177819,0.08824137636800156,0.07004890325580629,1.0,0.03,128,7.0,400,63,50
2025,0.15829027962380784,0.5560192046177819,0.08824137636800156,0.07004890325580629,1.0,0.03,128,7.0,800,63,50
2151,0.1582915296323441,0.556012192412398,0.06278954495784785,0.09550198467449626,1.0,0.03,255,,400,63,50
2160,0.1582915296323441,0.556012192412398,0.06278954495784785,0.09550198467449626,1.0,0.03,255,,800,63,50
692,0.15830902605015232,0.5559140364905761,0.10699803471615754,0.051310991333994777,0.0,0.1,128,5.0,400,63,20
683,0.15830902605015232,0.5559140364905761,0.10699803471615754,0.051310991333994777,0.0,0.1,128,5.0,200,63,20
701,0.15830902605015232,0.5559140364905761,0.10699803471615754,0.051310991333994777,0.0,0.1,128,5.0,800,63,20
2023,0.15832164316014413,0.5558432470369625,0.0746812036713714,0.08364043948877273,1.0,0.03,128,7.0,800,63,10
2014,0.15832164316014413,0.5558432470369625,0.0746812036713714,0.08364043948877273,1.0,0.03,128,7.0,400,63,10
155,0.15833872087188078,0.5557474219818699,0.12630220425448124,0.032036516617399535,0.0,0.01,255,5.0,800,15,20
805,0.15834431014412442,0.5557160576710435,0.09506773367971998,0.06327657646440445,0.0,0.1,255,5.0,800,31,10
787,0.15834431014412442,0.5557160576710435,0.09506773367971998,0.06327657646440445,0.0,0.1,255,5.0,200,31,10
796,0.15834431014412442,0.5557160576710435,0.09506773367971998,0.06327657646440445,0.0,0.1,255,5.0,400,31,10
2257,0.15839314754214712,0.5554419585542167,0.051268284873797504,0.10712486266834961,1.0,0.05,128,,400,63,10
2266,0.15839314754214712,0.5554419585542167,0.051268284873797504,0.10712486266834961,1.0,0.05,128,,800,63,10
48,0.15839851543775757,0.555411826169925,0.13043320611650067,0.027965309321256904,0.0,0.01,128,5.0,800,15,50
1353,0.15842172632743062,0.5552815213739317,0.12382261590723222,0.034599110420198406,0.1,0.05,128,7.0,200,15,50
1362,0.15842172632743062,0.5552815213739317,0.12382261590723222,0.034599110420198406,0.1,0.05,128,7.0,400,15,50
1371,0.15842172632743062,0.5552815213739317,0.12382261590723222,0.034599110420198406,0.1,0.05,128,7.0,800,15,50
1806,0.1585024255866671,0.5548283311035346,0.10294774579721351,0.055554679789453595,1.0,0.01,128,7.0,800,31,50
1026,0.15857645272562437,0.5544124071138556,0.11983941876344623,0.03873703396217815,0.1,0.01,255,5.0,800,63,50
1023,0.15857645272562437,0.5544124071138556,0.11983941876344623,0.03873703396217815,0.1,0.01,255,5.0,800,31,50
912,0.15857950426574946,0.5543952577643978,0.1305875725898981,0.027991931675851373,0.1,0.01,128,5.0,800,15,50
1942,0.15860712872535934,0.5542399960561123,0.06321877068222995,0.0953883580431294,1.0,0.01,255,,800,63,10
2089,0.15862552412258477,0.5541365907688038,0.11585059442350597,0.0427749296990788,1.0,0.03,255,5.0,400,15,10
1467,0.15863022031567128,0.5541101903308356,0.08237906600483558,0.0762511543108357,0.1,0.05,255,7.0,200,63,50
2098,0.1586493526437602,0.5540026266576846,0.11539061572715521,0.04325873691660499,1.0,0.03,255,5.0,800,15,10
2331,0.15868812740546187,0.5537845916655695,0.08443728837116982,0.07425083903429205,1.0,0.05,255,7.0,200,63,50
2412,0.15871404494521166,0.5536388246170163,0.10734919954481154,0.05136484540040012,1.0,0.1,128,5.0,200,63,50
2409,0.15871404494521166,0.5536388246170163,0.10734919954481154,0.05136484540040012,1.0,0.1,128,5.0,200,31,50
2421,0.15871404494521166,0.5536388246170163,0.10734919954481154,0.05136484540040012,1.0,0.1,128,5.0,400,63,50
2418,0.15871404494521166,0.5536388246170163,0.10734919954481154,0.05136484540040012,1.0,0.1,128,5.0,400,31,50
2427,0.15871404494521166,0.5536388246170163,0.10734919954481154,0.05136484540040012,1.0,0.1,128,5.0,800,31,50
2430,0.15871404494521166,0.5536388246170163,0.10734919954481154,0.05136484540040012,1.0,0.1,128,5.0,800,63,50
1022,0.15872122377004713,0.5535984448111737,0.11453825353201526,0.044182970238031874,0.1,0.01,255,5.0,800,31,20
1024,0.1587347351006283,0.5535224406630301,0.11283347744834876,0.04590125765227954,0.1,0.01,255,5.0,800,63,10
49,0.15873748816589797,0.5535069532837761,0.1097855557736326,0.048951932392265377,0.0,0.01,128,5.0,800,31,10
2519,0.15876458322102205,0.5533545156165092,0.10567378822846628,0.05309079499255577,1.0,0.1,255,5.0,200,63,20
2537,0.15876458322102205,0.5533545156165092,0.10567378822846628,0.05309079499255577,1.0,0.1,255,5.0,800,63,20
2528,0.15876458322102205,0.5533545156165092,0.10567378822846628,0.05309079499255577,1.0,0.1,255,5.0,400,63,20
1294,0.15885589185267154,0.5528406186929291,0.057432369967075896,0.10142352188559564,0.1,0.03,255,,800,63,10
1285,0.15885589185267154,0.5528406186929291,0.057432369967075896,0.10142352188559564,0.1,0.03,255,,400,63,10
1805,0.15899122826750714,0.5520783841246975,0.09768990514090274,0.0613013231266044,1.0,0.01,128,7.0,800,31,20
158,0.15899432991337306,0.5520609075909962,0.11459718559512365,0.04439714431824941,0.0,0.01,255,5.0,800,31,20
1601,0.1590415902255473,0.5517945724624849,0.05205698715736737,0.10698460306817995,0.1,0.1,128,,200,63,20
1619,0.15904227987183325,0.5517906853801415,0.051985311755603315,0.10705696811622994,0.1,0.1,128,,800,63,20
1610,0.15904227987183325,0.5517906853801415,0.051985311755603315,0.10705696811622994,0.1,0.1,128,,400,63,20
710,0.15907413182206237,0.5516111385278304,0.06306482465574009,0.09600930716632228,0.0,0.1,128,7.0,200,63,20
728,0.15907413182206237,0.5516111385278304,0.06306482465574009,0.09600930716632228,0.0,0.1,128,7.0,800,63,20
719,0.15907413182206237,0.5516111385278304,0.06306482465574009,0.09600930716632228,0.0,0.1,128,7.0,400,63,20
1978,0.15912097792099714,0.5513470055519707,0.11847905617957771,0.04064192174141942,1.0,0.03,128,5.0,200,63,10
2446,0.15913436168790812,0.551271529399068,0.06996789133572148,0.08916647035218664,1.0,0.1,128,7.0,400,63,10
2437,0.15913436168790812,0.551271529399068,0.06996789133572148,0.08916647035218664,1.0,0.1,128,7.0,200,63,10
2455,0.15913436168790812,0.551271529399068,0.06996789133572148,0.08916647035218664,1.0,0.1,128,7.0,800,63,10
2113,0.15918895963789162,0.5509635650201734,0.08240199360355113,0.07678696603434049,1.0,0.03,255,7.0,200,63,10
1337,0.15921226319124793,0.5508320871781867,0.11071745825065643,0.048494804940591496,0.1,0.05,128,5.0,400,31,20
1328,0.15921226319124793,0.5508320871781867,0.11071745825065643,0.048494804940591496,0.1,0.05,128,5.0,200,31,20
1346,0.15921226319124793,0.5508320871781867,0.11071745825065643,0.048494804940591496,0.1,0.05,128,5.0,800,31,20
2366,0.15922029134292437,0.5507867881669851,0.06268467392835579,0.09653561741456858,1.0,0.05,255,,400,63,20
2357,0.15922029134292437,0.5507867881669851,0.06268467392835579,0.09653561741456858,1.0,0.05,255,,200,63,20
2375,0.15922029134292437,0.5507867881669851,0.06268467392835579,0.09653561741456858,1.0,0.05,255,,800,63,20
1834,0.1592913548720125,0.5503857111462873,0.06303611302726622,0.09625524184474629,1.0,0.01,128,,800,63,10
578,0.1592921691258161,0.5503811145241939,0.11118345126604148,0.04810871785977461,0.0,0.05,255,5.0,400,15,20
587,0.1592921691258161,0.5503811145241939,0.11118345126604148,0.04810871785977461,0.0,0.05,255,5.0,800,15,20
2337,0.15930610678467794,0.5503024300686394,0.0852034596784643,0.07410264710621364,1.0,0.05,255,7.0,400,31,50
2346,0.15930610678467794,0.5503024300686394,0.0852034596784643,0.07410264710621364,1.0,0.05,255,7.0,800,31,50
1295,0.1593516429916955,0.550045309375528,0.05545488074609424,0.10389676224560125,0.1,0.03,255,,800,63,20
2474,0.159362803352783,0.5499822810618609,0.055383815192030804,0.10397898816075218,1.0,0.1,128,,400,63,20
2483,0.159362803352783,0.5499822810618609,0.055383815192030804,0.10397898816075218,1.0,0.1,128,,800,63,20
2465,0.159362803352783,0.5499822810618609,0.055383815192030804,0.10397898816075218,1.0,0.1,128,,200,63,20
1556,0.15941366296260215,0.5496949947271552,0.10418589291754296,0.05522777004505919,0.1,0.1,128,5.0,400,63,20
1547,0.15941366296260215,0.5496949947271552,0.10418589291754296,0.05522777004505919,0.1,0.1,128,5.0,200,63,20
1565,0.15941366296260215,0.5496949947271552,0.10418589291754296,0.05522777004505919,0.1,0.1,128,5.0,800,63,20
2210,0.1594374188952196,0.54956077521006,0.1021215052391529,0.0573159136560667,1.0,0.05,128,5.0,800,31,20
2201,0.1594374188952196,0.54956077521006,0.1021215052391529,0.0573159136560667,1.0,0.05,128,5.0,400,31,20
1887,0.1594572869100387,0.5494485068246583,0.11978019711164109,0.0396770897983976,1.0,0.01,255,5.0,800,31,50
569,0.15946081803216608,0.5494285520142708,0.12320895422265088,0.0362518638095152,0.0,0.05,255,5.0,200,15,20
1286,0.1594852902496845,0.5492902443255505,0.056381447487418745,0.10310384276226575,0.1,0.03,255,,400,63,20
2192,0.1595208458285068,0.5490892598642328,0.1058269145063197,0.05369393132218711,1.0,0.05,128,5.0,200,31,20
916,0.15954441325943278,0.54895601592783,0.11048036434789249,0.04906404891154029,0.1,0.01,128,5.0,800,63,10
2108,0.15956864474599647,0.5488189970752614,0.13223675196240015,0.027331892783596323,1.0,0.03,255,7.0,200,15,20
1692,0.15970086604256392,0.5480709747658884,0.08337247658356786,0.07632838945899606,0.1,0.1,255,7.0,400,63,50
1683,0.15970086604256392,0.5480709747658884,0.08337247658356786,0.07632838945899606,0.1,0.1,255,7.0,200,63,50
1701,0.15970086604256392,0.5480709747658884,0.08337247658356786,0.07632838945899606,0.1,0.1,255,7.0,800,63,50
1079,0.1597453360768238,0.5478192529328973,0.06443511742415632,0.09531021865266749,0.1,0.01,255,,800,63,20
2091,0.15987162864814108,0.5471039939500566,0.12794206249595047,0.031929566152190614,1.0,0.03,255,5.0,400,15,50
2100,0.15987162864814108,0.5471039939500566,0.12794206249595047,0.031929566152190614,1.0,0.03,255,5.0,800,15,50
498,0.16005091852458453,0.5460876134852461,0.12556252620612085,0.03448839231846368,0.0,0.05,128,7.0,400,15,50
489,0.16005091852458453,0.5460876134852461,0.12556252620612085,0.03448839231846368,0.0,0.05,128,7.0,200,15,50
507,0.16005091852458453,0.5460876134852461,0.12556252620612085,0.03448839231846368,0.0,0.05,128,7.0,800,15,50
2328,0.16014463755835542,0.5455558741419058,0.0955563894806826,0.06458824807767283,1.0,0.05,255,7.0,200,31,50
826,0.1602729970286994,0.5448270881461559,0.0654187202167095,0.09485427681198991,0.0,0.1,255,7.0,400,63,10
835,0.1602729970286994,0.5448270881461559,0.0654187202167095,0.09485427681198991,0.0,0.1,255,7.0,800,63,10
817,0.1602729970286994,0.5448270881461559,0.0654187202167095,0.09485427681198991,0.0,0.1,255,7.0,200,63,10
1358,0.16028198856984777,0.5447760150290906,0.07678272830591557,0.0834992602639322,0.1,0.05,128,7.0,200,63,20
1367,0.16028198856984777,0.5447760150290906,0.07678272830591557,0.0834992602639322,0.1,0.05,128,7.0,400,63,20
1376,0.16028198856984777,0.5447760150290906,0.07678272830591557,0.0834992602639322,0.1,0.05,128,7.0,800,63,20
696,0.16031431734746132,0.5445923597189206,0.12245427788032799,0.03786003946713333,0.0,0.1,128,5.0,800,15,50
678,0.16031431734746132,0.5445923597189206,0.12245427788032799,0.03786003946713333,0.0,0.1,128,5.0,200,15,50
687,0.16031431734746132,0.5445923597189206,0.12245427788032799,0.03786003946713333,0.0,0.1,128,5.0,400,15,50
1219,0.16036613594809354,0.5442979081574171,0.11982646261121835,0.04053967333687519,0.1,0.03,255,5.0,200,31,10
373,0.16044618636517521,0.5438428464076333,0.10348907258579465,0.056957113779380564,0.0,0.03,255,5.0,800,31,10
364,0.16044618636517521,0.5438428464076333,0.10348907258579465,0.056957113779380564,0.0,0.03,255,5.0,400,31,10
189,0.16045041166918467,0.5438188205573158,0.09070903320842741,0.06974137846075726,0.0,0.01,255,7.0,800,63,50
394,0.1605429267521274,0.5432926043084316,0.07303889638728832,0.08750403036483907,0.0,0.03,255,7.0,400,63,10
403,0.1605429267521274,0.5432926043084316,0.07303889638728832,0.08750403036483907,0.0,0.03,255,7.0,800,63,10
586,0.16057983516289123,0.5430825884314889,0.11519657594206716,0.045383259220824076,0.0,0.05,255,5.0,800,15,10
577,0.16057983516289123,0.5430825884314889,0.11519657594206716,0.045383259220824076,0.0,0.05,255,5.0,400,15,10
1776,0.1606037934135088,0.5429462355889323,0.1309514776613004,0.02965231575220842,1.0,0.01,128,5.0,800,15,50
1273,0.1606277786370928,0.5428097088595047,0.10422762545410964,0.05640015318298315,0.1,0.03,255,,200,31,10
1492,0.1606319402165326,0.542786018581537,0.059621370805983634,0.10101056941054896,0.1,0.05,255,,200,63,10
1112,0.16070993850564202,0.5423418906395814,0.12171487550999997,0.03899506299564205,0.1,0.03,128,5.0,200,31,20
1271,0.16071421360416477,0.5423175416845802,0.1325712025783741,0.02814301102579067,0.1,0.03,255,,200,15,20
1809,0.16078460909651654,0.5419165088518051,0.09562872652730392,0.06515588256921262,1.0,0.01,128,7.0,800,63,50
970,0.16084831532468133,0.5415534323983796,0.06387557105001304,0.09697274427466829,0.1,0.01,128,,800,63,10
568,0.16105036067882228,0.5404009779956662,0.12180469715484583,0.039245663523976446,0.0,0.05,255,5.0,200,15,10
268,0.16106787234816936,0.5403010243707682,0.10665985073943383,0.05440802160873552,0.0,0.03,128,5.0,800,63,10
259,0.16106787234816936,0.5403010243707682,0.10665985073943383,0.05440802160873552,0.0,0.03,128,5.0,400,63,10
1018,0.16113110112143525,0.5399400348451948,0.1281950555965925,0.03293604552484275,0.1,0.01,255,5.0,800,15,10
1245,0.16116531335310127,0.5397446492372568,0.1340991223516429,0.02706619100145838,0.1,0.03,255,7.0,200,15,50
1973,0.1612086677284073,0.5394969933778335,0.1359359954484896,0.025272672279917696,1.0,0.03,128,5.0,200,15,20
2088,0.16122329814192546,0.5394134041362548,0.12635070491593198,0.03487259322599348,1.0,0.03,255,5.0,200,63,50
2085,0.16122329814192546,0.5394134041362548,0.12635070491593198,0.03487259322599348,1.0,0.03,255,5.0,200,31,50
2007,0.1612518840195524,0.5392500600110814,0.09871909167248574,0.06253279234706666,1.0,0.03,128,7.0,200,63,50
358,0.16135525475596033,0.5386591419340332,0.12090583741247227,0.04044941734348806,0.0,0.03,255,5.0,200,63,10
356,0.16148384728463816,0.5379235151058952,0.12271325128014436,0.0387705960044938,0.0,0.03,255,5.0,200,31,20
476,0.1615318404920013,0.5376488148386285,0.11589294824343933,0.04563889224856198,0.0,0.05,128,5.0,400,63,20
485,0.1615318404920013,0.5376488148386285,0.11589294824343933,0.04563889224856198,0.0,0.05,128,5.0,800,63,20
467,0.1615318404920013,0.5376488148386285,0.11589294824343933,0.04563889224856198,0.0,0.05,128,5.0,200,63,20
409,0.16153853553932268,0.5376104876926799,0.10578544584718053,0.055753089692142155,0.0,0.03,255,,200,31,10
2123,0.16169339948368688,0.5367234945324268,0.07844025761838577,0.08325314186530111,1.0,0.03,255,7.0,400,63,20
2132,0.16169339948368688,0.5367234945324268,0.07844025761838577,0.08325314186530111,1.0,0.03,255,7.0,800,63,20
1997,0.16169635277144764,0.5367065711288417,0.10916957377190653,0.05252677899954111,1.0,0.03,128,5.0,800,63,20
1988,0.16169635277144764,0.5367065711288417,0.10916957377190653,0.05252677899954111,1.0,0.03,128,5.0,400,63,20
638,0.16175406049322497,0.536375823048697,0.0553605161451675,0.10639354434805746,0.0,0.05,255,,400,63,20
647,0.16175406049322497,0.536375823048697,0.0553605161451675,0.10639354434805746,0.0,0.05,255,,800,63,20
108,0.16175667632767163,0.536360827766416,0.07111305501087885,0.09064362131679278,0.0,0.01,128,,800,63,50
1829,0.1618348221182754,0.5359127448516803,0.12778941321687814,0.03404540890139726,1.0,0.01,128,,800,15,20
1124,0.16184683023571222,0.5358438718991381,0.1127519028267118,0.04909492740900043,0.1,0.03,128,5.0,400,63,20
1133,0.16184683023571222,0.5358438718991381,0.1127519028267118,0.04909492740900043,0.1,0.03,128,5.0,800,63,20
484,0.16185628297487573,0.5357896518080552,0.114778800547337,0.04707748242753873,0.0,0.05,128,5.0,800,63,10
466,0.16185628297487573,0.5357896518080552,0.114778800547337,0.04707748242753873,0.0,0.05,128,5.0,200,63,10
475,0.16185628297487573,0.5357896518080552,0.114778800547337,0.04707748242753873,0.0,0.05,128,5.0,400,63,10
1883,0.16185897842503397,0.5357741903597593,0.12960451847821153,0.03225445994682244,1.0,0.01,255,5.0,800,15,20
945,0.1619032609186131,0.5355201434269543,0.0929947384972882,0.06890852242132489,0.1,0.01,128,7.0,800,63,50
2248,0.16192398724965357,0.5354012134014482,0.05922764023460512,0.10269634701504846,1.0,0.05,128,,200,63,10
354,0.16192932364045323,0.5353705901246104,0.13572449815071397,0.026204825489739264,0.0,0.03,255,5.0,200,15,50
1249,0.16194642685931174,0.5352724352262197,0.08334917923116399,0.07859724762814775,0.1,0.03,255,7.0,200,63,10
1678,0.16197966465891564,0.5350816547676946,0.09234921030659685,0.0696304543523188,0.1,0.1,255,7.0,200,31,10
1687,0.16197966465891564,0.5350816547676946,0.09234921030659685,0.0696304543523188,0.1,0.1,255,7.0,400,31,10
1696,0.16197966465891564,0.5350816547676946,0.09234921030659685,0.0696304543523188,0.1,0.1,255,7.0,800,31,10
2525,0.16199703996007792,0.5349819073142896,0.10788774554051045,0.054109294419567466,1.0,0.1,255,5.0,400,31,20
2516,0.16199703996007792,0.5349819073142896,0.10788774554051045,0.054109294419567466,1.0,0.1,255,5.0,200,31,20
2534,0.16199703996007792,0.5349819073142896,0.10788774554051045,0.054109294419567466,1.0,0.1,255,5.0,800,31,20
2301,0.1620222549649571,0.5348371349651563,0.11752040419655418,0.044501850768402906,1.0,0.05,255,5.0,200,31,50
2304,0.1620222549649571,0.5348371349651563,0.11752040419655418,0.044501850768402906,1.0,0.05,255,5.0,200,63,50
2319,0.1620222549649571,0.5348371349651563,0.11752040419655418,0.044501850768402906,1.0,0.05,255,5.0,800,31,50
2310,0.1620222549649571,0.5348371349651563,0.11752040419655418,0.044501850768402906,1.0,0.05,255,5.0,400,31,50
2313,0.1620222549649571,0.5348371349651563,0.11752040419655418,0.044501850768402906,1.0,0.05,255,5.0,400,63,50
2322,0.1620222549649571,0.5348371349651563,0.11752040419655418,0.044501850768402906,1.0,0.05,255,5.0,800,63,50
580,0.162231919681976,0.5336324690550152,0.10828589443709467,0.05394602524488133,0.0,0.05,255,5.0,400,31,10
589,0.162231919681976,0.5336324690550152,0.10828589443709467,0.05394602524488133,0.0,0.05,255,5.0,800,31,10
571,0.162231919681976,0.5336324690550152,0.10828589443709467,0.05394602524488133,0.0,0.05,255,5.0,200,31,10
1366,0.1622695072789265,0.5334163381537305,0.07412797620291833,0.08814153107600817,0.1,0.05,128,7.0,400,63,10
1357,0.1622695072789265,0.5334163381537305,0.07412797620291833,0.08814153107600817,0.1,0.05,128,7.0,200,63,10
1375,0.1622695072789265,0.5334163381537305,0.07412797620291833,0.08814153107600817,0.1,0.05,128,7.0,800,63,10
160,0.16242029737741798,0.5325487828501667,0.11750476015006403,0.04491553722735395,0.0,0.01,255,5.0,800,63,10
2024,0.16249107621313075,0.5321412862207401,0.08384984882753242,0.07864122738559833,1.0,0.03,128,7.0,800,63,20
2015,0.16249107621313075,0.5321412862207401,0.08384984882753242,0.07864122738559833,1.0,0.03,128,7.0,400,63,20
162,0.16250236860697365,0.5320762558379922,0.1231319403067768,0.03937042830019685,0.0,0.01,255,5.0,800,63,50
1119,0.1625795408857093,0.5316317168887321,0.13467239014635576,0.027907150739353542,0.1,0.03,128,5.0,400,15,50
1128,0.1625795408857093,0.5316317168887321,0.13467239014635576,0.027907150739353542,0.1,0.03,128,5.0,800,15,50
1080,0.16260390047299653,0.5314913534365073,0.06993490266231525,0.09266899781068128,0.1,0.01,255,,800,63,50
413,0.16263497494526813,0.5313122673257442,0.0753677050248594,0.08726726992040873,0.0,0.03,255,,200,63,20
1882,0.16266742429593214,0.5311252210913724,0.12962536794724996,0.03304205634868218,1.0,0.01,255,5.0,800,15,10
588,0.16268346839037803,0.5310327251014227,0.12605478794538233,0.036628680444995704,0.0,0.05,255,5.0,800,15,50
579,0.16268346839037803,0.5310327251014227,0.12605478794538233,0.036628680444995704,0.0,0.05,255,5.0,400,15,50
570,0.1627006863057818,0.5309334517549218,0.12636953553235922,0.03633115077342258,0.0,0.05,255,5.0,200,15,50
1542,0.16277256944845367,0.5305188815784558,0.11308735803886946,0.04968521140958421,0.1,0.1,128,5.0,200,15,50
1551,0.16277256944845367,0.5305188815784558,0.11308735803886946,0.04968521140958421,0.1,0.1,128,5.0,400,15,50
1560,0.16277256944845367,0.5305188815784558,0.11308735803886946,0.04968521140958421,0.1,0.1,128,5.0,800,15,50
277,0.16289204303444274,0.5298294389044885,0.0846252136905429,0.07826682934389984,0.0,0.03,128,7.0,200,63,10
1727,0.1629804562095147,0.5293189099349029,0.0541110441397984,0.10886941206971631,0.1,0.1,255,,800,63,20
1718,0.1629804562095147,0.5293189099349029,0.0541110441397984,0.10886941206971631,0.1,0.1,255,,400,63,20
1709,0.1629804562095147,0.5293189099349029,0.0541110441397984,0.10886941206971631,0.1,0.1,255,,200,63,20
917,0.1630013253472782,0.5291983637341712,0.12217761674235496,0.04082370860492325,0.1,0.01,128,5.0,800,63,20
1136,0.16300638687515634,0.5291691245534453,0.1355473696610991,0.027459017214057246,0.1,0.03,128,7.0,200,15,20
737,0.1630211771229592,0.5290836797880276,0.06229145665092317,0.10072972047203602,0.0,0.1,128,,200,63,20
746,0.1630211771229592,0.5290836797880276,0.06229145665092317,0.10072972047203602,0.0,0.1,128,,400,63,20
755,0.1630211771229592,0.5290836797880276,0.06229145665092317,0.10072972047203602,0.0,0.1,128,,800,63,20
359,0.16312504151364687,0.5284834262650779,0.12340266659874863,0.039722374914898245,0.0,0.03,255,5.0,200,63,20
250,0.16321978513926913,0.5279355500776007,0.12078939764213298,0.04243038749713615,0.0,0.03,128,5.0,200,63,10
1179,0.16339847679815586,0.5269013598340266,0.062059469489347395,0.10133900730880846,0.1,0.03,128,,400,63,50
1188,0.16339847679815586,0.5269013598340266,0.062059469489347395,0.10133900730880846,0.1,0.03,128,,800,63,50
272,0.16343384716099857,0.5266965172671443,0.1361495537258279,0.027284293435170665,0.0,0.03,128,7.0,200,15,20
410,0.16345821986895948,0.5265553402965955,0.10791151234545464,0.05554670752350484,0.0,0.03,255,,200,31,20
1220,0.16352613836683777,0.5261618167327664,0.12471434100396216,0.038811797362875614,0.1,0.03,255,5.0,200,31,20
2006,0.1635656058237387,0.5259330649863732,0.08794515992896744,0.07562044589477125,1.0,0.03,128,7.0,200,63,20
729,0.16357274527400342,0.525891679132005,0.08025663713246407,0.08331610814153935,0.0,0.1,128,7.0,800,63,50
720,0.16357274527400342,0.525891679132005,0.08025663713246407,0.08331610814153935,0.0,0.1,128,7.0,400,63,50
711,0.16357274527400342,0.525891679132005,0.08025663713246407,0.08331610814153935,0.0,0.1,128,7.0,200,63,50
2309,0.16358222386018767,0.5258367310197589,0.10230439703887427,0.0612778268213134,1.0,0.05,255,5.0,400,31,20
2318,0.16358222386018767,0.5258367310197589,0.10230439703887427,0.0612778268213134,1.0,0.05,255,5.0,800,31,20
2321,0.16358222386018767,0.5258367310197589,0.10230439703887427,0.0612778268213134,1.0,0.05,255,5.0,800,63,20
2312,0.16358222386018767,0.5258367310197589,0.10230439703887427,0.0612778268213134,1.0,0.05,255,5.0,400,63,20
2374,0.1636166401833428,0.5256371901088468,0.05517133408325294,0.10844530610008984,1.0,0.05,255,,800,63,10
2365,0.1636166401833428,0.5256371901088468,0.05517133408325294,0.10844530610008984,1.0,0.05,255,,400,63,10
1719,0.16362473576170095,0.5255902470069851,0.06427138993695844,0.0993533458247425,0.1,0.1,255,,400,63,50
1728,0.16362473576170095,0.5255902470069851,0.06427138993695844,0.0993533458247425,0.1,0.1,255,,800,63,50
1710,0.16362473576170095,0.5255902470069851,0.06427138993695844,0.0993533458247425,0.1,0.1,255,,200,63,50
1999,0.16363345345800467,0.5255396938885386,0.1368872850558222,0.02674616840218247,1.0,0.03,128,7.0,200,15,10
1984,0.16366053416805848,0.5253826381653055,0.10956618156580979,0.054094352602248694,1.0,0.03,128,5.0,400,31,10
1993,0.16366053416805848,0.5253826381653055,0.10956618156580979,0.054094352602248694,1.0,0.03,128,5.0,800,31,10
395,0.1636682157674449,0.5253380836731132,0.07315948413924367,0.09050873162820122,0.0,0.03,255,7.0,400,63,20
404,0.1636682157674449,0.5253380836731132,0.07315948413924367,0.09050873162820122,0.0,0.03,255,7.0,800,63,20
598,0.1637137076380721,0.5250741807603798,0.09031257263165672,0.07340113500641539,0.0,0.05,255,7.0,200,31,10
275,0.16380440981564404,0.5245477894212991,0.11120867203044614,0.052595737785197896,0.0,0.03,128,7.0,200,31,20
1110,0.16384226886148973,0.5243279876810572,0.13908627151732675,0.024755997344162978,0.1,0.03,128,5.0,200,15,50
2585,0.16389689105911473,0.5240107730592121,0.11171441774980498,0.05218247330930975,1.0,0.1,255,,800,15,20
2567,0.16389689105911473,0.5240107730592121,0.11171441774980498,0.05218247330930975,1.0,0.1,255,,200,15,20
2576,0.16389689105911473,0.5240107730592121,0.11171441774980498,0.05218247330930975,1.0,0.1,255,,400,15,20
2535,0.16403939103388873,0.5231827166015117,0.12150954091938121,0.04252985011450752,1.0,0.1,255,5.0,800,31,50
2529,0.16403939103388873,0.5231827166015117,0.12150954091938121,0.04252985011450752,1.0,0.1,255,5.0,400,63,50
2538,0.16403939103388873,0.5231827166015117,0.12150954091938121,0.04252985011450752,1.0,0.1,255,5.0,800,63,50
2517,0.16403939103388873,0.5231827166015117,0.12150954091938121,0.04252985011450752,1.0,0.1,255,5.0,200,31,50
2520,0.16403939103388873,0.5231827166015117,0.12150954091938121,0.04252985011450752,1.0,0.1,255,5.0,200,63,50
2526,0.16403939103388873,0.5231827166015117,0.12150954091938121,0.04252985011450752,1.0,0.1,255,5.0,400,31,50
1143,0.1640407166533282,0.52317501014991,0.10148170615844829,0.06255901049487991,0.1,0.03,128,7.0,200,63,50
646,0.16406585167045826,0.5230288766444102,0.05613012284672903,0.10793572882372923,0.0,0.05,255,,800,63,10
637,0.16406585167045826,0.5230288766444102,0.05613012284672903,0.10793572882372923,0.0,0.05,255,,400,63,10
1250,0.1640976866290034,0.5228437579380701,0.09065419734522266,0.07344348928378074,0.1,0.03,255,7.0,200,63,20
2574,0.16412681304981838,0.5226743577815911,0.06216264629474463,0.10196416675507375,1.0,0.1,255,,200,63,50
2583,0.16412681304981838,0.5226743577815911,0.06216264629474463,0.10196416675507375,1.0,0.1,255,,400,63,50
2592,0.16412681304981838,0.5226743577815911,0.06216264629474463,0.10196416675507375,1.0,0.1,255,,800,63,50
2572,0.16416370589350063,0.5224597447128818,0.059916425007752815,0.1042472808857478,1.0,0.1,255,,200,63,10
2581,0.16416370589350063,0.5224597447128818,0.059916425007752815,0.1042472808857478,1.0,0.1,255,,400,63,10
2590,0.16416370589350063,0.5224597447128818,0.059916425007752815,0.1042472808857478,1.0,0.1,255,,800,63,10
611,0.16419239265274146,0.5222928347472644,0.07672256929104548,0.08746982336169598,0.0,0.05,255,7.0,400,63,20
602,0.16419239265274146,0.5222928347472644,0.07672256929104548,0.08746982336169598,0.0,0.05,255,7.0,200,63,20
620,0.16419239265274146,0.5222928347472644,0.07672256929104548,0.08746982336169598,0.0,0.05,255,7.0,800,63,20
306,0.16428178097581214,0.521772554053118,0.08175915324835481,0.08252262772745733,0.0,0.03,128,,200,63,50
2230,0.16431547240358263,0.5215763811418649,0.07569630150998558,0.08861917089359705,1.0,0.05,128,7.0,400,63,10
2239,0.16431547240358263,0.5215763811418649,0.07569630150998558,0.08861917089359705,1.0,0.05,128,7.0,800,63,10
2221,0.16431547240358263,0.5215763811418649,0.07569630150998558,0.08861917089359705,1.0,0.05,128,7.0,200,63,10
2559,0.16445414844461637,0.5207684975123914,0.11560756672828715,0.04884658171632922,1.0,0.1,255,7.0,800,15,50
2541,0.16445414844461637,0.5207684975123914,0.11560756672828715,0.04884658171632922,1.0,0.1,255,7.0,200,15,50
2550,0.16445414844461637,0.5207684975123914,0.11560756672828715,0.04884658171632922,1.0,0.1,255,7.0,400,15,50
1377,0.1644692461065431,0.5206805020754417,0.08611436772998328,0.07835487837655981,0.1,0.05,128,7.0,800,63,50
1368,0.1644692461065431,0.5206805020754417,0.08611436772998328,0.07835487837655981,0.1,0.05,128,7.0,400,63,50
1974,0.16448578041450979,0.5205841240017663,0.13966401816560034,0.024821762248909446,1.0,0.03,128,5.0,200,15,50
756,0.1644965305542944,0.5205214565044964,0.06495991849985397,0.09953661205444042,0.0,0.1,128,,800,63,50
747,0.1644965305542944,0.5205214565044964,0.06495991849985397,0.09953661205444042,0.0,0.1,128,,400,63,50
738,0.1644965305542944,0.5205214565044964,0.06495991849985397,0.09953661205444042,0.0,0.1,128,,200,63,50
1359,0.1645797998947087,0.5200359025866597,0.08807958965468307,0.07650021024002562,0.1,0.05,128,7.0,200,63,50
531,0.1646188835437486,0.519807916215095,0.05982796540497904,0.10479091813876956,0.0,0.05,128,,400,63,50
540,0.1646188835437486,0.519807916215095,0.05982796540497904,0.10479091813876956,0.0,0.05,128,,800,63,50
610,0.16461903932304958,0.5198070074004935,0.06577811051941265,0.09884092880363693,0.0,0.05,255,7.0,400,63,10
619,0.16461903932304958,0.5198070074004935,0.06577811051941265,0.09884092880363693,0.0,0.05,255,7.0,800,63,10
629,0.16461980687860622,0.5198025294778847,0.06144418389476626,0.10317562298383996,0.0,0.05,255,,200,63,20
601,0.16469858027129694,0.5193428541203027,0.0716103875948253,0.09308819267647164,0.0,0.05,255,7.0,200,63,10
159,0.16473569780601954,0.5191261817162989,0.12562485086819303,0.039110846937826516,0.0,0.01,255,5.0,800,31,50
2083,0.16474916554604024,0.5190475521492595,0.12414669005419054,0.0406024754918497,1.0,0.03,255,5.0,200,31,10
214,0.1647578705501112,0.5189967257476726,0.06712101146354742,0.09763685908656379,0.0,0.01,255,,800,63,10
1223,0.16476190539028135,0.5189731663864023,0.12559660355668076,0.03916530183360059,0.1,0.03,255,5.0,200,63,20
1691,0.16477234464266094,0.5189122090966982,0.06478585482387211,0.09998648981878883,0.1,0.1,255,7.0,400,63,20
1682,0.16477234464266094,0.5189122090966982,0.06478585482387211,0.09998648981878883,0.1,0.1,255,7.0,200,63,20
1700,0.16477234464266094,0.5189122090966982,0.06478585482387211,0.09998648981878883,0.1,0.1,255,7.0,800,63,20
1364,0.16478237839716434,0.5188536159660152,0.09927134464023435,0.06551103375692999,0.1,0.05,128,7.0,400,31,20
1373,0.16478237839716434,0.5188536159660152,0.09927134464023435,0.06551103375692999,0.1,0.05,128,7.0,800,31,20
1355,0.16478237839716434,0.5188536159660152,0.09927134464023435,0.06551103375692999,0.1,0.05,128,7.0,200,31,20
2133,0.16480528366077793,0.5187198449787054,0.09143469616761758,0.07337058749316035,1.0,0.03,255,7.0,800,63,50
2124,0.16480528366077793,0.5187198449787054,0.09143469616761758,0.07337058749316035,1.0,0.03,255,7.0,400,63,50
1836,0.16481096712896304,0.5186866495913507,0.07844768122248844,0.0863632859064746,1.0,0.01,128,,800,63,50
1240,0.16482404813808194,0.5186102430961517,0.12112422732647242,0.043699820811609516,0.1,0.03,255,5.0,800,63,10
1231,0.16482404813808194,0.5186102430961517,0.12112422732647242,0.043699820811609516,0.1,0.03,255,5.0,400,63,10
261,0.1650048858437241,0.5175533442305325,0.11797310176672851,0.0470317840769956,0.0,0.03,128,5.0,400,63,50
267,0.1650048858437241,0.5175533442305325,0.11797310176672851,0.0470317840769956,0.0,0.03,128,5.0,800,31,50
258,0.1650048858437241,0.5175533442305325,0.11797310176672851,0.0470317840769956,0.0,0.03,128,5.0,400,31,50
270,0.1650048858437241,0.5175533442305325,0.11797310176672851,0.0470317840769956,0.0,0.03,128,5.0,800,63,50
361,0.16514965414247548,0.5167064163365636,0.12389520589011821,0.04125444825235727,0.0,0.03,255,5.0,400,15,10
370,0.16514965414247548,0.5167064163365636,0.12389520589011821,0.04125444825235727,0.0,0.03,255,5.0,800,15,10
1804,0.1651683010563296,0.5165972736001443,0.11027083480222463,0.054897466254104965,1.0,0.01,128,7.0,800,31,10
1972,0.1651738269682663,0.5165649273743392,0.1391127070925044,0.0260611198757619,1.0,0.03,128,5.0,200,15,10
1222,0.16522970500053621,0.5162377814774517,0.12475976021357119,0.04046994478696503,0.1,0.03,255,5.0,200,63,10
1168,0.16522975073669072,0.5162375136633002,0.07527156775504797,0.08995818298164275,0.1,0.03,128,,200,63,10
1620,0.16527945346050485,0.515946428921902,0.06736335644872997,0.09791609701177488,0.1,0.1,128,,800,63,50
1611,0.16527945346050485,0.515946428921902,0.06736335644872997,0.09791609701177488,0.1,0.1,128,,400,63,50
1602,0.16527945346050485,0.515946428921902,0.06736335644872997,0.09791609701177488,0.1,0.1,128,,200,63,50
2457,0.1652918074868076,0.5158740637982809,0.08545754264670567,0.07983426484010193,1.0,0.1,128,7.0,800,63,50
2448,0.1652918074868076,0.5158740637982809,0.08545754264670567,0.07983426484010193,1.0,0.1,128,7.0,400,63,50
2439,0.1652918074868076,0.5158740637982809,0.08545754264670567,0.07983426484010193,1.0,0.1,128,7.0,200,63,50
913,0.1653133241769583,0.5157480144081892,0.12073692920479519,0.044576394972163105,0.1,0.01,128,5.0,800,31,10
2084,0.16534338756500053,0.5155718691496503,0.12627764990139106,0.03906573766360946,1.0,0.03,255,5.0,200,31,20
1234,0.16536237884664165,0.5154605802792264,0.12127821764592643,0.04408416120071522,0.1,0.03,255,5.0,800,15,10
1225,0.16536237884664165,0.5154605802792264,0.12127821764592643,0.04408416120071522,0.1,0.03,255,5.0,400,15,10
79,0.1653736208978517,0.5153946958601645,0.07699832454003351,0.0883752963578182,0.0,0.01,128,7.0,800,63,10
406,0.16539579499077045,0.5152647307133524,0.1368225209156521,0.028573274075118338,0.0,0.03,255,,200,15,10
1116,0.16540759828771298,0.5151955429994116,0.13015531246980236,0.03525228581791062,0.1,0.03,128,5.0,200,63,50
1113,0.16540759828771298,0.5151955429994116,0.13015531246980236,0.03525228581791062,0.1,0.03,128,5.0,200,31,50
2339,0.1655928031553097,0.514109275941019,0.0750003085441991,0.09059249461111059,1.0,0.05,255,7.0,400,63,20
2348,0.1655928031553097,0.514109275941019,0.0750003085441991,0.09059249461111059,1.0,0.05,255,7.0,800,63,20
2330,0.16559940071193632,0.514070557405359,0.07615572307829999,0.08944367763363634,1.0,0.05,255,7.0,200,63,20
244,0.16569066545227598,0.5135348013005174,0.13920273947310932,0.02648792597916666,0.0,0.03,128,5.0,200,15,10
621,0.16572000842070292,0.5133624850522494,0.09455032581693004,0.07116968260377288,0.0,0.05,255,7.0,800,63,50
603,0.16572000842070292,0.5133624850522494,0.09455032581693004,0.07116968260377288,0.0,0.05,255,7.0,200,63,50
612,0.16572000842070292,0.5133624850522494,0.09455032581693004,0.07116968260377288,0.0,0.05,255,7.0,400,63,50
864,0.16579003884818058,0.5129511088495243,0.06776898146794043,0.09802105738024015,0.0,0.1,255,,800,63,50
846,0.16579003884818058,0.5129511088495243,0.06776898146794043,0.09802105738024015,0.0,0.1,255,,200,63,50
855,0.16579003884818058,0.5129511088495243,0.06776898146794043,0.09802105738024015,0.0,0.1,255,,400,63,50
854,0.16582173281771231,0.5127648734361341,0.06758095114111078,0.09824078167660154,0.0,0.1,255,,400,63,20
863,0.16582173281771231,0.5127648734361341,0.06758095114111078,0.09824078167660154,0.0,0.1,255,,800,63,20
845,0.16582173281771231,0.5127648734361341,0.06758095114111078,0.09824078167660154,0.0,0.1,255,,200,63,20
2005,0.16584387585415206,0.5126347386784583,0.08976045961592795,0.07608341623822411,1.0,0.03,128,7.0,200,63,10
2268,0.16601812446536784,0.5116100721631021,0.07681842420105219,0.08919970026431566,1.0,0.05,128,,800,63,50
2259,0.16601812446536784,0.5116100721631021,0.07681842420105219,0.08919970026431566,1.0,0.05,128,,400,63,50
2250,0.16601812446536784,0.5116100721631021,0.07681842420105219,0.08919970026431566,1.0,0.05,128,,200,63,50
628,0.16609587488500543,0.5111525147283711,0.06067067745540098,0.10542519742960446,0.0,0.05,255,,200,63,10
1115,0.16620087245630744,0.510534269125703,0.12572910034627485,0.04047177211003258,0.1,0.03,128,5.0,200,63,20
2141,0.166246208315027,0.5102672022275694,0.07938134546286318,0.08686486285216383,1.0,0.03,255,,200,63,20
581,0.16642667744654754,0.509203362936583,0.11982474161667028,0.04660193582987726,0.0,0.05,255,5.0,400,31,20
590,0.16642667744654754,0.509203362936583,0.11982474161667028,0.04660193582987726,0.0,0.05,255,5.0,800,31,20
572,0.16642667744654754,0.509203362936583,0.11982474161667028,0.04660193582987726,0.0,0.05,255,5.0,200,31,20
2356,0.16643391120265952,0.5091606969363389,0.0617856672350237,0.10464824396763582,1.0,0.05,255,,200,63,10
698,0.16649175868833907,0.5088194353055326,0.106014639323792,0.06047711936454707,0.0,0.1,128,5.0,800,31,20
680,0.16649175868833907,0.5088194353055326,0.106014639323792,0.06047711936454707,0.0,0.1,128,5.0,200,31,20
689,0.16649175868833907,0.5088194353055326,0.106014639323792,0.06047711936454707,0.0,0.1,128,5.0,400,31,20
2003,0.16651401824581208,0.5086880871477057,0.11313422238648924,0.05337979585932284,1.0,0.03,128,7.0,200,31,20
522,0.16670771275310356,0.5075444024410491,0.06560955093286142,0.10109816182024214,0.0,0.05,128,,200,63,50
2142,0.16679622474388958,0.5070213337001295,0.08311962092464335,0.08367660381924623,1.0,0.03,255,,200,63,50
1163,0.16689354385515948,0.5064458981123048,0.13879575406506608,0.02809778979009339,0.1,0.03,128,,200,15,20
423,0.16699530693356474,0.5058438269225733,0.0670684409206797,0.09992686601288503,0.0,0.03,255,,400,63,50
432,0.16699530693356474,0.5058438269225733,0.0670684409206797,0.09992686601288503,0.0,0.03,255,,800,63,50
2303,0.1670386466878516,0.5055873001182535,0.11615995423090598,0.05087869245694561,1.0,0.05,255,5.0,200,63,20
2300,0.1670386466878516,0.5055873001182535,0.11615995423090598,0.05087869245694561,1.0,0.05,255,5.0,200,31,20
2111,0.16718338887522013,0.5047300927336392,0.1145659766836636,0.05261741219155654,1.0,0.03,255,7.0,200,31,20
2513,0.16720542215166703,0.5045995398367793,0.12033799496949589,0.04686742718217114,1.0,0.1,255,5.0,200,15,20
2531,0.16720542215166703,0.5045995398367793,0.12033799496949589,0.04686742718217114,1.0,0.1,255,5.0,800,15,20
2522,0.16720542215166703,0.5045995398367793,0.12033799496949589,0.04686742718217114,1.0,0.1,255,5.0,400,15,20
2555,0.16725182187740778,0.5043245531219698,0.07143544305664822,0.09581637882075957,1.0,0.1,255,7.0,400,63,20
2546,0.16725182187740778,0.5043245531219698,0.07143544305664822,0.09581637882075957,1.0,0.1,255,7.0,200,63,20
2564,0.16725182187740778,0.5043245531219698,0.07143544305664822,0.09581637882075957,1.0,0.1,255,7.0,800,63,20
247,0.16728648296273,0.5041190853547075,0.12596699315689508,0.041319489805834914,0.0,0.03,128,5.0,200,31,10
2042,0.16740232665169552,0.5034320655397996,0.06283186773058648,0.10457045892110904,1.0,0.03,128,,400,63,20
2051,0.16740232665169552,0.5034320655397996,0.06283186773058648,0.10457045892110904,1.0,0.03,128,,800,63,20
2582,0.16753711065586177,0.5026321201627003,0.05731728618150853,0.11021982447435325,1.0,0.1,255,,400,63,20
2591,0.16753711065586177,0.5026321201627003,0.05731728618150853,0.11021982447435325,1.0,0.1,255,,800,63,20
2573,0.16753711065586177,0.5026321201627003,0.05731728618150853,0.11021982447435325,1.0,0.1,255,,200,63,20
2002,0.16766474345894736,0.5018740238018384,0.11493899416142372,0.05272574929752363,1.0,0.03,128,7.0,200,31,10
2087,0.1676740964635846,0.5018184473649889,0.1280444913700286,0.03962960509355601,1.0,0.03,255,5.0,200,63,20
2137,0.16770352453463178,0.5016435627650326,0.11099556966264892,0.05670795487198285,1.0,0.03,255,,200,31,10
1781,0.16775690141277025,0.5013262773156462,0.12294425694909367,0.04481264446367658,1.0,0.01,128,5.0,800,63,20
1985,0.1677669510407138,0.5012665285310088,0.12268281198159554,0.04508413905911825,1.0,0.03,128,5.0,400,31,20
1994,0.1677669510407138,0.5012665285310088,0.12268281198159554,0.04508413905911825,1.0,0.03,128,5.0,800,31,20
279,0.16791517265586364,0.5003848800820688,0.10345230196592226,0.06446287068994139,0.0,0.03,128,7.0,200,63,50
80,0.1680058179260995,0.49984532227280265,0.09064903687204351,0.077356781054056,0.0,0.01,128,7.0,800,63,20
2086,0.1680602863452441,0.4995209638539502,0.12720479517717911,0.04085549116806497,1.0,0.03,255,5.0,200,63,10
216,0.16815303719675143,0.4989683923082321,0.07333284018116047,0.09482019701559095,0.0,0.01,255,,800,63,50
943,0.16821458427942737,0.4986015517473381,0.08275959825167138,0.08545498602775599,0.1,0.01,128,7.0,800,63,10
1782,0.16834456391159155,0.4978263898880233,0.1293456745128166,0.038998889398774966,1.0,0.01,128,5.0,800,63,50
1779,0.16834456391159155,0.4978263898880233,0.1293456745128166,0.038998889398774966,1.0,0.01,128,5.0,800,31,50
1244,0.1684369631219464,0.49727498296577566,0.14028045072620066,0.028156512395745736,0.1,0.03,255,7.0,200,15,20
1912,0.16849336204554408,0.4969382647521219,0.10586246980089747,0.0626308922446466,1.0,0.01,255,7.0,800,31,10
2456,0.16856140325857188,0.4965318886021701,0.07180133400909947,0.09676006924947242,1.0,0.1,128,7.0,800,63,20
2438,0.16856140325857188,0.4965318886021701,0.07180133400909947,0.09676006924947242,1.0,0.1,128,7.0,200,63,20
2447,0.16856140325857188,0.4965318886021701,0.07180133400909947,0.09676006924947242,1.0,0.1,128,7.0,400,63,20
299,0.16857314457169506,0.49646174700972245,0.14114245635091388,0.02743068822078118,0.0,0.03,128,,200,15,20
245,0.16857579045738977,0.49644594004213594,0.14207235299559343,0.026503437461796342,0.0,0.03,128,5.0,200,15,20
1218,0.16860487899390492,0.4962721438596497,0.14240504640525453,0.026199832588650385,0.1,0.03,255,5.0,200,15,50
1169,0.16871589284591268,0.49560859035094285,0.07960165891439364,0.08911423393151904,0.1,0.03,128,,200,63,20
1944,0.16874876943616193,0.495411996122621,0.07307714912482688,0.09567162031133505,1.0,0.01,255,,800,63,50
2114,0.16890157692234894,0.49449774074581976,0.09394343457423461,0.07495814234811433,1.0,0.03,255,7.0,200,63,20
1975,0.16891619841304456,0.494410216204771,0.1265456370419891,0.042370561371055465,1.0,0.03,128,5.0,200,31,10
2043,0.16897489244313577,0.4940587962944286,0.08079311145277408,0.08818178099036168,1.0,0.03,128,,400,63,50
2052,0.16897489244313577,0.4940587962944286,0.08079311145277408,0.08818178099036168,1.0,0.03,128,,800,63,50
1484,0.16903219509566111,0.49371558922490144,0.07709328246222866,0.09193891263343246,0.1,0.05,255,7.0,800,63,20
1475,0.16903219509566111,0.49371558922490144,0.07709328246222866,0.09193891263343246,0.1,0.05,255,7.0,400,63,20
385,0.16906469706204408,0.49352087104214615,0.08924051452928278,0.0798241825327613,0.0,0.03,255,7.0,200,63,10
1466,0.16916140943766123,0.4929412490304347,0.07905863160151391,0.09010277783614731,0.1,0.05,255,7.0,200,63,20
1582,0.16932803619401787,0.49194183471916353,0.07298234707500882,0.09634568911900905,0.1,0.1,128,7.0,400,63,10
1591,0.16932803619401787,0.49194183471916353,0.07298234707500882,0.09634568911900905,0.1,0.1,128,7.0,800,63,10
1573,0.16932803619401787,0.49194183471916353,0.07298234707500882,0.09634568911900905,0.1,0.1,128,7.0,200,63,10
1287,0.16941824490044263,0.4914003593781091,0.07238832031583925,0.09702992458460338,0.1,0.03,255,,400,63,50
1296,0.16941824490044263,0.4914003593781091,0.07238832031583925,0.09702992458460338,0.1,0.03,255,,800,63,50
574,0.1694280875301583,0.4913412618074343,0.12727097286015226,0.042157114670006046,0.0,0.05,255,5.0,200,63,10
583,0.1694280875301583,0.4913412618074343,0.12727097286015226,0.042157114670006046,0.0,0.05,255,5.0,400,63,10
592,0.1694280875301583,0.4913412618074343,0.12727097286015226,0.042157114670006046,0.0,0.05,255,5.0,800,63,10
382,0.16945428638944254,0.4911839406781131,0.114079428700516,0.05537485768892654,0.0,0.03,255,7.0,200,31,10
1393,0.16945647471101302,0.4911707989586409,0.061204875720359556,0.10825159899065347,0.1,0.05,128,,400,63,10
1402,0.16945647471101302,0.4911707989586409,0.061204875720359556,0.10825159899065347,0.1,0.05,128,,800,63,10
2034,0.1694764142032207,0.49105104675889877,0.08589069237142737,0.08358572183179334,1.0,0.03,128,,200,63,50
386,0.16948368726340435,0.4910073628538322,0.09302837636284358,0.07645531090056076,0.0,0.03,255,7.0,200,63,20
1078,0.169504695267892,0.49088117274683696,0.06805225503788748,0.10145244023000452,0.1,0.01,255,,800,63,10
1151,0.16965129402367632,0.49000015335520875,0.08346572139164156,0.08618557263203476,0.1,0.03,128,7.0,400,63,20
1160,0.16965129402367632,0.49000015335520875,0.08346572139164156,0.08618557263203476,0.1,0.03,128,7.0,800,63,20
682,0.16971400872750478,0.4896230221185184,0.11786887637509057,0.05184513235241421,0.0,0.1,128,5.0,200,63,10
691,0.16971400872750478,0.4896230221185184,0.11786887637509057,0.05184513235241421,0.0,0.1,128,5.0,400,63,10
700,0.16971400872750478,0.4896230221185184,0.11786887637509057,0.05184513235241421,0.0,0.1,128,5.0,800,63,10
944,0.1697810012215473,0.48922001266482884,0.085256201434339,0.0845247997872083,0.1,0.01,128,7.0,800,63,20
530,0.16998742241152007,0.4879772363009085,0.058582252294291016,0.11140517011722906,0.0,0.05,128,,400,63,20
539,0.16998742241152007,0.4879772363009085,0.058582252294291016,0.11140517011722906,0.0,0.05,128,,800,63,20
918,0.17009437842992453,0.48733270455758715,0.12918141013098644,0.04091296829893809,0.1,0.01,128,5.0,800,63,50
915,0.17009437842992453,0.48733270455758715,0.12918141013098644,0.04091296829893809,0.1,0.01,128,5.0,800,31,50
1980,0.17014438230544596,0.48703123522077774,0.13536662271397074,0.03477775959147522,1.0,0.03,128,5.0,200,63,50
1977,0.17014438230544596,0.48703123522077774,0.13536662271397074,0.03477775959147522,1.0,0.03,128,5.0,200,31,50
355,0.1702092283814499,0.4866401514845864,0.1285624267165928,0.0416468016648571,0.0,0.03,255,5.0,200,31,10
54,0.1703130467450644,0.4860137173739416,0.1297773623915307,0.04053568435353369,0.0,0.01,128,5.0,800,63,50
51,0.1703130467450644,0.4860137173739416,0.1297773623915307,0.04053568435353369,0.0,0.01,128,5.0,800,31,50
1574,0.17048753696754462,0.4849599927750654,0.07721610845319972,0.0932714285143449,0.1,0.1,128,7.0,200,63,20
1583,0.17048753696754462,0.4849599927750654,0.07721610845319972,0.0932714285143449,0.1,0.1,128,7.0,400,63,20
1592,0.17048753696754462,0.4849599927750654,0.07721610845319972,0.0932714285143449,0.1,0.1,128,7.0,800,63,20
294,0.17063898548045717,0.48404453947924697,0.11452561416113508,0.05611337131932209,0.0,0.03,128,7.0,800,31,50
285,0.17063898548045717,0.48404453947924697,0.11452561416113508,0.05611337131932209,0.0,0.03,128,7.0,400,31,50
276,0.170768620956769,0.48326029268367754,0.11959662243938338,0.05117199851738563,0.0,0.03,128,7.0,200,31,50
366,0.17078121209668148,0.48318408920109346,0.1312517562924729,0.03952945580420858,0.0,0.03,255,5.0,400,31,50
375,0.17078121209668148,0.48318408920109346,0.1312517562924729,0.03952945580420858,0.0,0.03,255,5.0,800,31,50
2302,0.1710398873396834,0.48161730413004566,0.11466648503708284,0.05637340230260056,1.0,0.05,255,5.0,200,63,10
2311,0.1710398873396834,0.48161730413004566,0.11466648503708284,0.05637340230260056,1.0,0.05,255,5.0,400,63,10
2320,0.1710398873396834,0.48161730413004566,0.11466648503708284,0.05637340230260056,1.0,0.05,255,5.0,800,63,10
2140,0.17111055954937096,0.481188833089331,0.07986206840178336,0.0912484911475876,1.0,0.03,255,,200,63,10
266,0.17126331566724423,0.4802620994588297,0.12139603522402387,0.04986728044322036,0.0,0.03,128,5.0,800,31,20
257,0.17126331566724423,0.4802620994588297,0.12139603522402387,0.04986728044322036,0.0,0.03,128,5.0,400,31,20
301,0.17139300061490612,0.47947468387608105,0.11382250150677832,0.057570499108127796,0.0,0.03,128,,200,31,10
412,0.17141046056014728,0.47936862579433837,0.07919801961284018,0.0922124409473071,0.0,0.03,255,,200,63,10
1384,0.17142770150436587,0.47926388740350434,0.06511790973607445,0.10630979176829142,0.1,0.05,128,,200,63,10
1979,0.17157211594891078,0.47838615887279146,0.13097935826522847,0.04059275768368231,1.0,0.03,128,5.0,200,63,20
1019,0.17157727361081737,0.478354797736276,0.13875390802370804,0.03282336558710933,0.1,0.01,255,5.0,800,15,20
2414,0.17161900816851514,0.4781009962964452,0.12320587178396562,0.04841313638454951,1.0,0.1,128,5.0,400,15,20
2423,0.17161900816851514,0.4781009962964452,0.12320587178396562,0.04841313638454951,1.0,0.1,128,5.0,800,15,20
2405,0.17161900816851514,0.4781009962964452,0.12320587178396562,0.04841313638454951,1.0,0.1,128,5.0,200,15,20
861,0.17208097854339716,0.47528748065582294,0.09400267478368672,0.07807830375971044,0.0,0.1,255,,800,31,50
852,0.17208097854339716,0.47528748065582294,0.09400267478368672,0.07807830375971044,0.0,0.1,255,,400,31,50
843,0.17208097854339716,0.47528748065582294,0.09400267478368672,0.07807830375971044,0.0,0.1,255,,200,31,50
1260,0.17214526393528243,0.47489536700285784,0.10528485587526651,0.06686040806001592,0.1,0.03,255,7.0,400,63,50
1269,0.17214526393528243,0.47489536700285784,0.10528485587526651,0.06686040806001592,0.1,0.03,255,7.0,800,63,50
414,0.17220105062537674,0.4745549731360619,0.08694305546421474,0.085257995161162,0.0,0.03,255,,200,63,50
1251,0.1722683614088901,0.4741441158415963,0.1072815447875452,0.0649868166213449,0.1,0.03,255,7.0,200,63,50
792,0.1723427976456555,0.4736895786362708,0.12266253634840657,0.04968026129724892,0.0,0.1,255,5.0,200,63,50
810,0.1723427976456555,0.4736895786362708,0.12266253634840657,0.04968026129724892,0.0,0.1,255,5.0,800,63,50
801,0.1723427976456555,0.4736895786362708,0.12266253634840657,0.04968026129724892,0.0,0.1,255,5.0,400,63,50
798,0.1723427976456555,0.4736895786362708,0.12266253634840657,0.04968026129724892,0.0,0.1,255,5.0,400,31,50
789,0.1723427976456555,0.4736895786362708,0.12266253634840657,0.04968026129724892,0.0,0.1,255,5.0,200,31,50
807,0.1723427976456555,0.4736895786362708,0.12266253634840657,0.04968026129724892,0.0,0.1,255,5.0,800,31,50
1808,0.17236305390294457,0.47356585190120515,0.09245803533954224,0.07990501856340233,1.0,0.01,128,7.0,800,63,20
832,0.1727338105128307,0.4712986739568926,0.09035754949756203,0.08237626101526868,0.0,0.1,255,7.0,800,31,10
814,0.1727338105128307,0.4712986739568926,0.09035754949756203,0.08237626101526868,0.0,0.1,255,7.0,200,31,10
823,0.1727338105128307,0.4712986739568926,0.09035754949756203,0.08237626101526868,0.0,0.1,255,7.0,400,31,10
2026,0.17274645333807698,0.4712212771453196,0.14449999393034438,0.0282464594077326,1.0,0.03,128,,200,15,10
853,0.17279294700349682,0.47093660363706646,0.05981072799074827,0.11298221901274855,0.0,0.1,255,,400,63,10
862,0.17279294700349682,0.47093660363706646,0.05981072799074827,0.11298221901274855,0.0,0.1,255,,800,63,10
844,0.17279294700349682,0.47093660363706646,0.05981072799074827,0.11298221901274855,0.0,0.1,255,,200,63,10
304,0.17287681144544478,0.47042292093674765,0.0808177636336012,0.09205904781184358,0.0,0.03,128,,200,63,10
249,0.1730082759331472,0.4696171789709609,0.13764524884251447,0.035363027090632715,0.0,0.03,128,5.0,200,31,50
252,0.1730082759331472,0.4696171789709609,0.13764524884251447,0.035363027090632715,0.0,0.03,128,5.0,200,63,50
521,0.17327188088425055,0.46799970663752954,0.0647804783441792,0.10849140254007135,0.0,0.05,128,,200,63,20
2231,0.1733227090287667,0.4676875434204718,0.0878155923144464,0.0855071167143203,1.0,0.05,128,7.0,400,63,20
2240,0.1733227090287667,0.4676875434204718,0.0878155923144464,0.0855071167143203,1.0,0.05,128,7.0,800,63,20
2222,0.1733227090287667,0.4676875434204718,0.0878155923144464,0.0855071167143203,1.0,0.05,128,7.0,200,63,20
1276,0.17339134896573247,0.4672658430142156,0.0802473861516846,0.09314396281404787,0.1,0.03,255,,200,63,10
2110,0.17360136314873792,0.4659745503884426,0.11847092122919928,0.05513044191953864,1.0,0.03,255,7.0,200,31,10
503,0.1736832943836958,0.4654703643785971,0.07855953533370343,0.09512375904999239,0.0,0.05,128,7.0,400,63,20
512,0.1736832943836958,0.4654703643785971,0.07855953533370343,0.09512375904999239,0.0,0.05,128,7.0,800,63,20
494,0.17369574357243195,0.4653937341093458,0.08053083931678409,0.09316490425564786,0.0,0.05,128,7.0,200,63,20
1109,0.17397392392023495,0.4636799782986746,0.14705721533890925,0.026916708581325693,0.1,0.03,128,5.0,200,15,20
1441,0.17419069406958756,0.4623426445538241,0.13165718560529882,0.042533508464288744,0.1,0.05,255,5.0,400,15,10
1450,0.17419069406958756,0.4623426445538241,0.13165718560529882,0.042533508464288744,0.1,0.05,255,5.0,800,15,10
2112,0.17419862780163228,0.46229366689110263,0.12281108915109716,0.05138753865053512,1.0,0.03,255,7.0,200,31,50
1600,0.1742207231910906,0.462157252678457,0.05661729757046242,0.1176034256206282,0.1,0.1,128,,200,63,10
1609,0.1742207231910906,0.462157252678457,0.05661729757046242,0.1176034256206282,0.1,0.1,128,,400,63,10
1618,0.1742207231910906,0.462157252678457,0.05661729757046242,0.1176034256206282,0.1,0.1,128,,800,63,10
1432,0.17423998699739043,0.46203830619352426,0.13278282660020438,0.041457160397186055,0.1,0.05,255,5.0,200,15,10
1613,0.17427332189766612,0.4618324451262723,0.13576115120638696,0.03851217069127916,0.1,0.1,128,,800,15,20
1604,0.17427332189766612,0.4618324451262723,0.13576115120638696,0.03851217069127916,0.1,0.1,128,,400,15,20
1595,0.17427332189766612,0.4618324451262723,0.13576115120638696,0.03851217069127916,0.1,0.1,128,,200,15,20
1142,0.17446672995089127,0.46063726854838327,0.09721185026819348,0.07725487968269779,0.1,0.03,128,7.0,200,63,20
287,0.17471206153767838,0.4591193201170618,0.08953030596563993,0.08518175557203844,0.0,0.03,128,7.0,400,63,20
296,0.17471206153767838,0.4591193201170618,0.08953030596563993,0.08518175557203844,0.0,0.03,128,7.0,800,63,20
2115,0.17477129045875214,0.45875253136736527,0.10978953282996563,0.06498175762878651,1.0,0.03,255,7.0,200,63,50
2422,0.17496852076131617,0.4575302409567419,0.1271530169696453,0.04781550379167088,1.0,0.1,128,5.0,800,15,10
2404,0.17496852076131617,0.4575302409567419,0.1271530169696453,0.04781550379167088,1.0,0.1,128,5.0,200,15,10
2413,0.17496852076131617,0.4575302409567419,0.1271530169696453,0.04781550379167088,1.0,0.1,128,5.0,400,15,10
1654,0.17497427324179868,0.45749457056317455,0.12005231047157018,0.0549219627702285,0.1,0.1,255,5.0,200,63,10
1672,0.17497427324179868,0.45749457056317455,0.12005231047157018,0.0549219627702285,0.1,0.1,255,5.0,800,63,10
1663,0.17497427324179868,0.45749457056317455,0.12005231047157018,0.0549219627702285,0.1,0.1,255,5.0,400,63,10
387,0.17514219797765315,0.4564527740278974,0.11090376875450976,0.06423842922314339,0.0,0.03,255,7.0,200,63,50
1170,0.17528702729370854,0.4555534576749425,0.08887684706625389,0.08641018022745466,0.1,0.03,128,,200,63,50
2080,0.17540940362111815,0.4547929835287471,0.14808976301982674,0.02731964060129141,1.0,0.03,255,5.0,200,15,10
2032,0.1754686052911777,0.45442490049442563,0.08442846447189602,0.09104014081928168,1.0,0.03,128,,200,63,10
630,0.17548145828448555,0.45434497132516927,0.06995980923132007,0.10552164905316548,0.0,0.05,255,,200,63,50
1264,0.17548575107908557,0.454318274332401,0.11623026631079023,0.05925548476829534,0.1,0.03,255,7.0,800,31,10
1255,0.17548575107908557,0.454318274332401,0.11623026631079023,0.05925548476829534,0.1,0.03,255,7.0,400,31,10
648,0.1755380117304987,0.4539932117146558,0.06682753601502657,0.10871047571547214,0.0,0.05,255,,800,63,50
639,0.1755380117304987,0.4539932117146558,0.06682753601502657,0.10871047571547214,0.0,0.05,255,,400,63,50
1807,0.17560015405665613,0.4536065588478342,0.09265700006383633,0.0829431539928198,1.0,0.01,128,7.0,800,63,10
278,0.17560824702477962,0.453556193896573,0.09834686467724595,0.07726138234753367,0.0,0.03,128,7.0,200,63,20
305,0.175631354074371,0.4534123790693094,0.08298141689658158,0.09264993717778942,0.0,0.03,128,,200,63,20
1246,0.17601953744417587,0.4509935546693691,0.12150309670311721,0.05451644074105866,0.1,0.03,255,7.0,200,31,10
1277,0.17605368113627645,0.4507805450755481,0.08423577288816594,0.09181790824811051,0.1,0.03,255,,200,63,20
1512,0.1761071577110297,0.4504468419039267,0.07548175323679253,0.10062540447423717,0.1,0.05,255,,800,63,50
1494,0.1761071577110297,0.4504468419039267,0.07548175323679253,0.10062540447423717,0.1,0.05,255,,200,63,50
1503,0.1761071577110297,0.4504468419039267,0.07548175323679253,0.10062540447423717,0.1,0.05,255,,400,63,50
1976,0.17634959828197957,0.44893269912367195,0.1357804238079212,0.04056917447405836,1.0,0.03,128,5.0,200,31,20
830,0.17653744523385118,0.44775808408224294,0.11933699096683373,0.05720045426701745,0.0,0.1,255,7.0,800,15,20
821,0.17653744523385118,0.44775808408224294,0.11933699096683373,0.05720045426701745,0.0,0.1,255,7.0,400,15,20
812,0.17653744523385118,0.44775808408224294,0.11933699096683373,0.05720045426701745,0.0,0.1,255,7.0,200,15,20
357,0.1766693293972951,0.44693265956172024,0.14042831590510654,0.036241013492188556,0.0,0.03,255,5.0,200,31,50
1330,0.17686769307419833,0.44568999835126544,0.11768557532431302,0.05918211774988531,0.1,0.05,128,5.0,200,63,10
1348,0.1769046792922435,0.4454581417144756,0.11590678632052766,0.06099789297171583,0.1,0.05,128,5.0,800,63,10
1339,0.1769046792922435,0.4454581417144756,0.11590678632052766,0.06099789297171583,0.1,0.05,128,5.0,400,63,10
1217,0.17699493816685646,0.4448921296349657,0.1499007503248673,0.027094187841989165,0.1,0.03,255,5.0,200,15,20
1564,0.1770077150327562,0.44481198276873113,0.12082373127687464,0.05618398375588156,0.1,0.1,128,5.0,800,63,10
1546,0.1770077150327562,0.44481198276873113,0.12082373127687464,0.05618398375588156,0.1,0.1,128,5.0,200,63,10
1555,0.1770077150327562,0.44481198276873113,0.12082373127687464,0.05618398375588156,0.1,0.1,128,5.0,400,63,10
2082,0.17715695490988415,0.4438754007606498,0.15014597998029228,0.02701097492959187,1.0,0.03,255,5.0,200,15,50
1278,0.17716396691190164,0.44383137625156643,0.08911242981109092,0.08805153710081072,0.1,0.03,255,,200,63,50
2263,0.17725457861449534,0.44326231839702346,0.11715902123774048,0.06009555737675486,1.0,0.05,128,,800,31,10
2254,0.17725457861449534,0.44326231839702346,0.11715902123774048,0.06009555737675486,1.0,0.05,128,,400,31,10
2245,0.17725457861449534,0.44326231839702346,0.11715902123774048,0.06009555737675486,1.0,0.05,128,,200,31,10
828,0.17755470376259924,0.44137540028647215,0.09714917811280771,0.08040552564979153,0.0,0.1,255,7.0,400,63,50
819,0.17755470376259924,0.44137540028647215,0.09714917811280771,0.08040552564979153,0.0,0.1,255,7.0,200,63,50
837,0.17755470376259924,0.44137540028647215,0.09714917811280771,0.08040552564979153,0.0,0.1,255,7.0,800,63,50
1543,0.17764036307405473,0.44083626569584267,0.12556483771179566,0.05207552536225907,0.1,0.1,128,5.0,200,31,10
1552,0.17764036307405473,0.44083626569584267,0.12556483771179566,0.05207552536225907,0.1,0.1,128,5.0,400,31,10
1561,0.17764036307405473,0.44083626569584267,0.12556483771179566,0.05207552536225907,0.1,0.1,128,5.0,800,31,10
2004,0.17772437746486844,0.4403072315429837,0.12741739443253566,0.050306983032332775,1.0,0.03,128,7.0,200,31,50
1661,0.17790081015360928,0.43919543003753225,0.12441780163798996,0.053483008515619324,0.1,0.1,255,5.0,400,31,20
1652,0.17790081015360928,0.43919543003753225,0.12441780163798996,0.053483008515619324,0.1,0.1,255,5.0,200,31,20
1670,0.17790081015360928,0.43919543003753225,0.12441780163798996,0.053483008515619324,0.1,0.1,255,5.0,800,31,20
352,0.17802910555401613,0.43838627587881085,0.1499457402652933,0.028083365288722822,0.0,0.03,255,5.0,200,15,10
2521,0.17855054720574015,0.4350915600010973,0.13174473436276452,0.046805812842975636,1.0,0.1,255,5.0,400,15,10
2530,0.17855054720574015,0.4350915600010973,0.13174473436276452,0.046805812842975636,1.0,0.1,255,5.0,800,15,10
2512,0.17855054720574015,0.4350915600010973,0.13174473436276452,0.046805812842975636,1.0,0.1,255,5.0,200,15,10
2547,0.17925788479669738,0.43060686407512827,0.0912501088258987,0.08800777597079869,1.0,0.1,255,7.0,200,63,50
2565,0.17925788479669738,0.43060686407512827,0.0912501088258987,0.08800777597079869,1.0,0.1,255,7.0,800,63,50
2556,0.17925788479669738,0.43060686407512827,0.0912501088258987,0.08800777597079869,1.0,0.1,255,7.0,400,63,50
1673,0.17969716847126135,0.4278127712671558,0.1118731879449927,0.06782398052626866,0.1,0.1,255,5.0,800,63,20
1664,0.17969716847126135,0.4278127712671558,0.1118731879449927,0.06782398052626866,0.1,0.1,255,5.0,400,63,20
1655,0.17969716847126135,0.4278127712671558,0.1118731879449927,0.06782398052626866,0.1,0.1,255,5.0,200,63,20
248,0.17978749503333158,0.4272373955354737,0.1389023511809188,0.04088514385241279,0.0,0.03,128,5.0,200,31,20
1108,0.1801092807869462,0.4251852863656307,0.15289526708091805,0.02721401370602816,0.1,0.03,128,5.0,200,15,10
1681,0.18062854256626737,0.4218660840105596,0.08275589330634026,0.09787264925992711,0.1,0.1,255,7.0,200,63,10
1690,0.18062854256626737,0.4218660840105596,0.08275589330634026,0.09787264925992711,0.1,0.1,255,7.0,400,63,10
1699,0.18062854256626737,0.4218660840105596,0.08275589330634026,0.09787264925992711,0.1,0.1,255,7.0,800,63,10
2466,0.18065161132165622,0.421718403235982,0.05915270564195269,0.12149890567970353,1.0,0.1,128,,200,63,50
2475,0.18065161132165622,0.421718403235982,0.05915270564195269,0.12149890567970353,1.0,0.1,128,,400,63,50
2484,0.18065161132165622,0.421718403235982,0.05915270564195269,0.12149890567970353,1.0,0.1,128,,800,63,50
1216,0.18066640165859996,0.4216237090372714,0.15213774038304181,0.028528661275558143,0.1,0.03,255,5.0,200,15,10
1247,0.1807687563541919,0.4209681770944387,0.12668393054562266,0.05408482580856924,0.1,0.03,255,7.0,200,31,20
2376,0.18126927756397487,0.4177572357243893,0.06207780082039635,0.11919147674357852,1.0,0.05,255,,800,63,50
2367,0.18126927756397487,0.4177572357243893,0.06207780082039635,0.11919147674357852,1.0,0.05,255,,400,63,50
933,0.18130537875345218,0.41752529626115953,0.14169317817349256,0.03961220057995962,0.1,0.01,128,7.0,400,31,50
179,0.18174970278449368,0.41466686327754,0.1173657935141178,0.06438390927037588,0.0,0.01,255,7.0,400,63,20
72,0.18189369473899777,0.41373903068158313,0.1277276893221337,0.05416600541686409,0.0,0.01,128,7.0,400,63,50
353,0.1822534553846048,0.4114176505573086,0.15484191854467802,0.02741153683992678,0.0,0.03,255,5.0,200,15,20
1584,0.18263646829341587,0.4089411925148322,0.09800169820506824,0.08463477008834763,0.1,0.1,128,7.0,400,63,50
1593,0.18263646829341587,0.4089411925148322,0.09800169820506824,0.08463477008834763,0.1,0.1,128,7.0,800,63,50
1575,0.18263646829341587,0.4089411925148322,0.09800169820506824,0.08463477008834763,0.1,0.1,128,7.0,200,63,50
1906,0.18269277345055143,0.4085767002614451,0.11441132607863448,0.06828144737191695,1.0,0.01,255,7.0,400,63,10
2029,0.18281964049115568,0.40775501285059224,0.12563449519854347,0.057185145292612205,1.0,0.03,128,,200,31,10
2358,0.18287232211304622,0.4074136390049813,0.0742142340918601,0.10865808802118611,1.0,0.05,255,,200,63,50
2081,0.18299449618779343,0.4066215795645002,0.15602509141126328,0.026969404776530148,1.0,0.03,255,5.0,200,15,20
1800,0.1832315615179312,0.4050831664301834,0.12919651583582778,0.05403504568210343,1.0,0.01,128,7.0,400,63,50
69,0.18351341533760582,0.40325151094327794,0.14397361310958237,0.039539802228023446,0.0,0.01,128,7.0,400,31,50
1042,0.18373415340116073,0.4018150565232359,0.11555752032340855,0.06817663307775218,0.1,0.01,255,7.0,400,63,10
2444,0.18377854187175233,0.4015259897199098,0.12161990542724811,0.062158636444504214,1.0,0.1,128,7.0,400,31,20
2435,0.18377854187175233,0.4015259897199098,0.12161990542724811,0.062158636444504214,1.0,0.1,128,7.0,200,31,20
2453,0.18377854187175233,0.4015259897199098,0.12161990542724811,0.062158636444504214,1.0,0.1,128,7.0,800,31,20
2033,0.1838632356687363,0.4009742526640402,0.09080926439190912,0.09305397127682719,1.0,0.03,128,,200,63,20
827,0.18453520683227276,0.39658769225859325,0.07724802727187058,0.10728717956040218,0.0,0.1,255,7.0,400,63,20
818,0.18453520683227276,0.39658769225859325,0.07724802727187058,0.10728717956040218,0.0,0.1,255,7.0,200,63,20
836,0.18453520683227276,0.39658769225859325,0.07724802727187058,0.10728717956040218,0.0,0.1,255,7.0,800,63,20
178,0.1847491720884019,0.3951875895775543,0.11639882889128926,0.06835034319711263,0.0,0.01,255,7.0,400,63,10
177,0.18476936461441415,0.3950553740163476,0.14532777117644116,0.03944159343797299,0.0,0.01,255,7.0,400,31,50
151,0.18479997499413411,0.39485491742403755,0.15188123460657094,0.03291874038756318,0.0,0.01,255,5.0,400,63,10
70,0.18493639619237645,0.3939611392879524,0.11697593922789429,0.06796045696448216,0.0,0.01,128,7.0,400,63,10
1068,0.18500071899912865,0.39353949270546673,0.14296152590128305,0.042039193097845595,0.1,0.01,255,,400,31,50
96,0.18532857465871805,0.39138806654986835,0.1430721394514683,0.042256435207249754,0.0,0.01,128,,400,31,50
1043,0.18556670123200655,0.3898230646956433,0.12110761915959507,0.06445908207241148,0.1,0.01,255,7.0,400,63,20
1929,0.18580340662161438,0.3882654114559295,0.16567803384572935,0.020125372775885025,1.0,0.01,255,,400,15,50
94,0.18586519656361375,0.38785847241673355,0.14236180164152384,0.043503394922089905,0.0,0.01,128,,400,31,10
463,0.185907918411172,0.3875770337928476,0.14140304740005724,0.04450487101111475,0.0,0.05,128,5.0,200,31,10
472,0.185907918411172,0.3875770337928476,0.14140304740005724,0.04450487101111475,0.0,0.05,128,5.0,400,31,10
481,0.185907918411172,0.3875770337928476,0.14140304740005724,0.04450487101111475,0.0,0.05,128,5.0,800,31,10
173,0.18595319574706487,0.3872786897822128,0.16554806018344626,0.020405135563618615,0.0,0.01,255,7.0,400,15,20
1880,0.18596651448852033,0.38719091534055206,0.15458067095415065,0.031385843534369684,1.0,0.01,255,5.0,400,63,20
1067,0.18610915320204738,0.38625048988678523,0.14256643606858146,0.043542717133465914,0.1,0.01,255,,400,31,20
1879,0.18611229694476983,0.3862297548845689,0.15287873899979423,0.033233557944975595,1.0,0.01,255,5.0,400,63,10
1931,0.18619285702592234,0.3856982899253336,0.14303622766089366,0.043156629365028676,1.0,0.01,255,,400,31,20
1016,0.1863969989733971,0.3843505100335396,0.15495168138159213,0.03144531759180497,0.1,0.01,255,5.0,400,63,20
2428,0.1864879727192044,0.3837494101418357,0.1329742083731447,0.0535137643460597,1.0,0.1,128,5.0,800,63,10
2410,0.1864879727192044,0.3837494101418357,0.1329742083731447,0.0535137643460597,1.0,0.1,128,5.0,200,63,10
2419,0.1864879727192044,0.3837494101418357,0.1329742083731447,0.0535137643460597,1.0,0.1,128,5.0,400,63,10
1013,0.18678184467500314,0.3818056766857607,0.15502526694984972,0.03175657772515342,0.1,0.01,255,5.0,400,31,20
172,0.18706592948966513,0.3799237681532177,0.1662233719731483,0.02084255751651684,0.0,0.01,255,7.0,400,15,10
934,0.18712019924742151,0.3795639349297971,0.11859705548804007,0.06852314375938144,0.1,0.01,128,7.0,400,63,10
200,0.18723993881034035,0.37876963786149287,0.16652664145528057,0.02071329735505978,0.0,0.01,255,,400,15,20
1038,0.1873833308410852,0.377817772643373,0.16712946888877347,0.020253861952311714,0.1,0.01,255,7.0,400,15,50
1041,0.18739977134702634,0.37770859068688445,0.14770342445969456,0.039696346887331785,0.1,0.01,255,7.0,400,31,50
1900,0.18757904243036963,0.3765174236515243,0.16704846243303528,0.020530579997334347,1.0,0.01,255,7.0,400,15,10
936,0.18765276513116697,0.3760272425371872,0.13257150607964585,0.055081259051521114,0.1,0.01,128,7.0,400,63,50
201,0.18771247408040476,0.37563009746969256,0.16756403415738225,0.02014843992302251,0.0,0.01,255,,400,15,50
935,0.18772182901892015,0.37556786305907286,0.12243427358326614,0.06528755543565401,0.1,0.01,128,7.0,400,63,20
1907,0.18774818445507843,0.37539251492114556,0.1225021054499891,0.06524607900508933,1.0,0.01,255,7.0,400,63,20
71,0.1878026778453308,0.3750298811187762,0.12357211523904334,0.06423056260628747,0.0,0.01,128,7.0,400,63,20
1063,0.18788036761441138,0.3745127018369597,0.16672141436381735,0.021158953250594026,0.1,0.01,255,,400,15,10
1036,0.18791959066726127,0.3742515134802603,0.1668192998768813,0.021100290790379977,0.1,0.01,255,7.0,400,15,10
150,0.18800688472513602,0.3736700220919251,0.15929614379494408,0.028710740930191936,0.0,0.01,255,5.0,400,31,50
1876,0.1880306987922205,0.3735113427034198,0.1547831365901595,0.033247562202061015,1.0,0.01,255,5.0,400,31,10
1703,0.18807500813591907,0.3732160444127607,0.14787703668885602,0.04019797144706305,0.1,0.1,255,,200,15,20
1721,0.18807500813591907,0.3732160444127607,0.14787703668885602,0.04019797144706305,0.1,0.1,255,,800,15,20
1712,0.18807500813591907,0.3732160444127607,0.14787703668885602,0.04019797144706305,0.1,0.1,255,,400,15,20
1819,0.18810532247419665,0.3730139753306515,0.16770033211839613,0.020404990355800512,1.0,0.01,128,,400,15,10
1797,0.1881387102774827,0.37279138148169044,0.14804886359627153,0.040089846681211155,1.0,0.01,128,7.0,400,31,50
1901,0.18819292459017053,0.3724298547827013,0.1676404559392064,0.020552468650964134,1.0,0.01,255,7.0,400,15,20
1483,0.18821025729270785,0.3723142501436407,0.1075613005444661,0.08064895674824175,0.1,0.05,255,7.0,800,63,10
1465,0.18821025729270785,0.3723142501436407,0.1075613005444661,0.08064895674824175,0.1,0.05,255,7.0,200,63,10
1474,0.18821025729270785,0.3723142501436407,0.1075613005444661,0.08064895674824175,0.1,0.05,255,7.0,400,63,10
199,0.1882620641458967,0.37196864837380705,0.16704025832970792,0.021221805816188766,0.0,0.01,255,,400,15,10
963,0.188354821973245,0.37134962642485403,0.11747547311337027,0.07087934885987472,0.1,0.01,128,,400,63,50
959,0.18840370249938806,0.37102329819014246,0.1442036252923354,0.04420007720705266,0.1,0.01,128,,400,31,20
1930,0.1884665772706059,0.37060341933905294,0.1446664206659101,0.0438001566046958,1.0,0.01,255,,400,31,10
1064,0.18847241825877126,0.37056440600310325,0.16775629850210555,0.020716119756665707,0.1,0.01,255,,400,15,20
1877,0.18875227705706474,0.3686937463744091,0.15701629262231862,0.03173598443474612,1.0,0.01,255,5.0,400,31,20
148,0.18877777484745828,0.3685231735790607,0.15579828268923487,0.032979492158223406,0.0,0.01,255,5.0,400,31,10
1039,0.18882385143756567,0.3682148761663292,0.14594098395347177,0.042882867484093895,0.1,0.01,255,7.0,400,31,10
958,0.18890475762139927,0.36767335269049295,0.1441077428858802,0.04479701473551906,0.1,0.01,128,,400,31,10
149,0.18916465400217058,0.36593223765688065,0.15777991585101026,0.03138473815116033,0.0,0.01,255,5.0,400,31,20
1928,0.189205105933305,0.3656610241146171,0.16842160414452828,0.02078350178877672,1.0,0.01,255,,400,15,20
44,0.18921559848794847,0.3655906663841837,0.1569584199928155,0.03225717849513296,0.0,0.01,128,5.0,400,63,20
1066,0.18921736609170972,0.3655788133491161,0.14437209585279343,0.044845270238916296,0.1,0.01,255,,400,31,10
203,0.18922317920773868,0.36553983150832614,0.14528323195333792,0.04393994725440076,0.0,0.01,255,,400,31,20
1798,0.18958832575628157,0.36308881603580423,0.12169279521518907,0.0678955305410925,1.0,0.01,128,7.0,400,63,10
95,0.1896195217661854,0.3628791963536483,0.14515913011804787,0.04446039164813753,0.0,0.01,128,,400,31,20
1012,0.18965126680296923,0.36266585211385105,0.1566089780578452,0.03304228874512402,0.1,0.01,255,5.0,400,31,10
152,0.18973308076901993,0.36211585229357035,0.15811936569092522,0.03161371507809471,0.0,0.01,255,5.0,400,63,20
1932,0.18986571651799242,0.3612236956493493,0.1477814355337756,0.04208428098421682,1.0,0.01,255,,400,31,50
1904,0.18986859177397328,0.3612043487200569,0.14786074674862654,0.04200784502534674,1.0,0.01,255,7.0,400,31,20
1065,0.18987489266406243,0.3611619504704453,0.16932503527897624,0.02054985738508619,0.1,0.01,255,,400,15,50
1827,0.1900179467220356,0.3601989711038954,0.11943918024652755,0.07057876647550804,1.0,0.01,128,,400,63,50
202,0.19005714849659208,0.3599349547481875,0.14532499941842553,0.044732149078166555,0.0,0.01,255,,400,31,10
1927,0.19008865661198918,0.3597227142178713,0.16902339373384992,0.021065262878139257,1.0,0.01,255,,400,15,10
2425,0.19011865318726748,0.35952062281970787,0.12832492522375016,0.061793727963517314,1.0,0.1,128,5.0,800,31,10
2407,0.19011865318726748,0.35952062281970787,0.12832492522375016,0.061793727963517314,1.0,0.1,128,5.0,200,31,10
2416,0.19011865318726748,0.35952062281970787,0.12832492522375016,0.061793727963517314,1.0,0.1,128,5.0,400,31,10
175,0.1901928239390945,0.3590207865054922,0.14677990479832964,0.043412919140764866,0.0,0.01,255,7.0,400,31,10
91,0.19020453761990166,0.35894183024452087,0.1696130415696984,0.020591496050203273,0.0,0.01,128,,400,15,10
802,0.19020606935209103,0.35893150521863104,0.12919631794563458,0.06100975140645645,0.0,0.1,255,5.0,800,15,10
793,0.19020606935209103,0.35893150521863104,0.12919631794563458,0.06100975140645645,0.0,0.1,255,5.0,400,15,10
784,0.19020606935209103,0.35893150521863104,0.12919631794563458,0.06100975140645645,0.0,0.1,255,5.0,200,15,10
153,0.1903465461713333,0.3579842324154292,0.16155737469534473,0.028789171475988556,0.0,0.01,255,5.0,400,63,50
204,0.19047158213209406,0.35714049318595187,0.1483448397642331,0.04212674236786096,0.0,0.01,255,,400,31,50
1903,0.19069489863408315,0.35563218109935446,0.14804889248228972,0.042646006151793425,1.0,0.01,255,7.0,400,31,10
1902,0.1907147931798028,0.35549772471035257,0.17043719903415772,0.02027759414564509,1.0,0.01,255,7.0,400,15,50
64,0.19079773658771354,0.354937004288878,0.1700652867343876,0.02073244985332595,0.0,0.01,128,7.0,400,15,10
1881,0.19080362363347964,0.35489719696168776,0.1616658181343999,0.02913780549907974,1.0,0.01,255,5.0,400,63,50
65,0.190863928308572,0.35448935499390677,0.17059074031474517,0.020273187993826824,0.0,0.01,128,7.0,400,15,20
1793,0.1908787474889917,0.3543891127935249,0.170678841766595,0.020199905722396688,1.0,0.01,128,7.0,400,15,20
905,0.19095433139715598,0.3538777153111674,0.15914652420852204,0.031807807188633935,0.1,0.01,128,5.0,400,31,20
955,0.1910102868254177,0.353498992859545,0.17023755818763314,0.020772728637784565,0.1,0.01,128,,400,15,10
960,0.19104915425619196,0.35323586158942144,0.14831281488363107,0.04273633937256088,0.1,0.01,128,,400,31,50
1822,0.1911961525694044,0.35224020354838126,0.14716825837544537,0.04402789419395903,1.0,0.01,128,,400,31,10
93,0.1912248119338512,0.3520459969685312,0.1709005057742873,0.020324306159563904,0.0,0.01,128,,400,15,50
1771,0.19127218474399107,0.35172491725303123,0.15788423048276956,0.033387954261221514,1.0,0.01,128,5.0,400,63,10
907,0.1913131358385484,0.3514472980461756,0.1576394280507912,0.03367370778775719,0.1,0.01,128,5.0,400,63,10
1773,0.1914278782338198,0.350669109907068,0.16265504653767254,0.02877283169614725,1.0,0.01,128,5.0,400,63,50
1770,0.1914278782338198,0.350669109907068,0.16265504653767254,0.02877283169614725,1.0,0.01,128,5.0,400,31,50
1015,0.19156842458213813,0.34971528240566485,0.15806101641904982,0.03350740816308831,0.1,0.01,255,5.0,400,63,10
67,0.19157123907550427,0.3496961745023405,0.14974291397355116,0.04182832510195311,0.0,0.01,128,7.0,400,31,10
99,0.19172286448479453,0.348666358071416,0.12007576687042368,0.07164709761437085,0.0,0.01,128,,400,63,50
2536,0.191756102965628,0.34844049854781856,0.14233196617794175,0.04942413678768626,1.0,0.1,255,5.0,800,63,10
2527,0.191756102965628,0.34844049854781856,0.14233196617794175,0.04942413678768626,1.0,0.1,255,5.0,400,63,10
2518,0.191756102965628,0.34844049854781856,0.14233196617794175,0.04942413678768626,1.0,0.1,255,5.0,200,63,10
1821,0.19178899155122758,0.34821697806773155,0.17175746649722753,0.02003152505400005,1.0,0.01,128,,400,15,50
1824,0.19180261253666506,0.34812439462760225,0.1489752597064443,0.042827352830220766,1.0,0.01,128,,400,31,50
931,0.1918056430019783,0.3481037953042587,0.14966166898750427,0.042143974014474034,0.1,0.01,128,7.0,400,31,10
1040,0.1921892714734144,0.3454934858496197,0.14963126139281605,0.04255801008059837,0.1,0.01,255,7.0,400,31,20
1037,0.1922045941882324,0.3453891177298932,0.1712913942163905,0.020913199971841906,0.1,0.01,255,7.0,400,15,20
174,0.1922279534663908,0.3452299938863961,0.17181053569084942,0.020417417775541374,0.0,0.01,255,7.0,400,15,50
92,0.19234203859630314,0.3444525659782707,0.1720204443893436,0.02032159420695953,0.0,0.01,128,,400,15,20
41,0.19237447093277907,0.344231473100189,0.16036614770482224,0.032008323227956825,0.0,0.01,128,5.0,400,31,20
1792,0.1925022811748086,0.3433598213057525,0.1719837579072413,0.020518523267567312,1.0,0.01,128,7.0,400,15,10
1768,0.19263968925957226,0.3424220675188636,0.15911928380583137,0.03352040545374088,1.0,0.01,128,5.0,400,31,10
1878,0.19273097060364447,0.3417987399074447,0.16371051553161467,0.0290204550720298,1.0,0.01,255,5.0,400,31,50
1017,0.19276635363861078,0.3415570424165927,0.1639672187604989,0.028799134878111865,0.1,0.01,255,5.0,400,63,50
1014,0.19276635363861078,0.3415570424165927,0.1639672187604989,0.028799134878111865,0.1,0.01,255,5.0,400,31,50
207,0.19283628474891082,0.34107922044855776,0.12102838276108675,0.07180790198782407,0.0,0.01,255,,400,63,50
957,0.19287000501050408,0.34084875631425315,0.17239795368206282,0.020472051328441265,0.1,0.01,128,,400,15,50
42,0.1929428003197895,0.34035109288722865,0.16430128377107592,0.02864151654871358,0.0,0.01,128,5.0,400,31,50
45,0.1929428003197895,0.34035109288722865,0.16430128377107592,0.02864151654871358,0.0,0.01,128,5.0,400,63,50
1433,0.19294861271320568,0.3403113484996695,0.15180350899902234,0.04114510371418334,0.1,0.05,255,5.0,200,15,20
1442,0.1929866057975453,0.340051527256785,0.15055294584255038,0.04243365995499493,0.1,0.05,255,5.0,400,15,20
1451,0.1929866057975453,0.340051527256785,0.15055294584255038,0.04243365995499493,0.1,0.05,255,5.0,800,15,20
1769,0.19322869503439122,0.33839476325708673,0.160787672896048,0.03244102213834321,1.0,0.01,128,5.0,400,31,20
794,0.19341446438130078,0.33712202213142983,0.14338219930386406,0.050032265077436716,0.0,0.1,255,5.0,400,15,20
785,0.19341446438130078,0.33712202213142983,0.14338219930386406,0.050032265077436716,0.0,0.1,255,5.0,200,15,20
803,0.19341446438130078,0.33712202213142983,0.14338219930386406,0.050032265077436716,0.0,0.1,255,5.0,800,15,20
1908,0.19351278699945962,0.3364479002175431,0.13810590654101418,0.05540688045844544,1.0,0.01,255,7.0,400,63,50
43,0.1935392761997437,0.33626622573738907,0.15983034137915686,0.033708934820586844,0.0,0.01,128,5.0,400,63,10
1795,0.19355248342383946,0.3361756355484645,0.15147000669727853,0.04208247672656093,1.0,0.01,128,7.0,400,31,10
1071,0.19359598958720317,0.33587717699535735,0.12160376502761837,0.0719922245595848,0.1,0.01,255,,400,63,50
928,0.19362715712586015,0.33566332194595394,0.17315737609608609,0.020469781029774065,0.1,0.01,128,7.0,400,15,10
903,0.19364705122415551,0.33552680123961487,0.1748524706922602,0.01879458053189531,0.1,0.01,128,5.0,400,15,50
1905,0.19365027089274578,0.3355047053568342,0.1535750409145046,0.04007522997824117,1.0,0.01,255,7.0,400,31,50
40,0.1936565865711688,0.3354613611672175,0.15982802072973087,0.033828565841437924,0.0,0.01,128,5.0,400,31,10
1799,0.19387143029789627,0.3339860573186423,0.12775417622255986,0.06611725407533642,1.0,0.01,128,7.0,400,63,20
1823,0.19422067607055962,0.3315843412716185,0.14975287920904803,0.04446779686151159,1.0,0.01,128,,400,31,20
1796,0.1944135835675833,0.3302558892283527,0.1521392586484077,0.0422743249191756,1.0,0.01,128,7.0,400,31,20
904,0.19456075639187626,0.32924150084040205,0.1606066517948552,0.033954104597021056,0.1,0.01,128,5.0,400,31,10
908,0.19465058809269734,0.3286219587667012,0.1627025265746655,0.03194806151803184,0.1,0.01,128,5.0,400,63,20
1070,0.19487627159311519,0.3270642261582265,0.11769078611981233,0.07718548547330285,0.1,0.01,255,,400,63,20
1820,0.19494808550636775,0.3265681672462375,0.17417573470372452,0.020772350802643225,1.0,0.01,128,,400,15,20
929,0.1950721697085273,0.3257106174519825,0.17462119232986717,0.02045097737866014,0.1,0.01,128,7.0,400,15,20
145,0.19564623877158985,0.32173610640281547,0.17554300894213962,0.02010322982945023,0.0,0.01,255,5.0,400,15,10
1708,0.19574441369064743,0.3210552324921767,0.0869142006946747,0.10883021299597273,0.1,0.1,255,,200,63,10
1726,0.19574441369064743,0.3210552324921767,0.0869142006946747,0.10883021299597273,0.1,0.1,255,,800,63,10
1717,0.19574441369064743,0.3210552324921767,0.0869142006946747,0.10883021299597273,0.1,0.1,255,,400,63,10
824,0.19577474818726465,0.32084478415086903,0.13393300461131225,0.0618417435759524,0.0,0.1,255,7.0,400,31,20
815,0.19577474818726465,0.32084478415086903,0.13393300461131225,0.0618417435759524,0.0,0.1,255,7.0,200,31,20
833,0.19577474818726465,0.32084478415086903,0.13393300461131225,0.0618417435759524,0.0,0.1,255,7.0,800,31,20
1772,0.19611775915360996,0.31846284502873534,0.16363626754812774,0.03248149160548222,1.0,0.01,128,5.0,400,63,20
962,0.196123058011498,0.318426015958971,0.11872090153657387,0.07740215647492414,0.1,0.01,128,,400,63,20
956,0.196241766695433,0.3176006847862437,0.17547025230470506,0.02077151439072794,0.1,0.01,128,,400,15,20
1044,0.1962755488209144,0.3173657207017988,0.14037699776929952,0.05589855105161487,0.1,0.01,255,7.0,400,63,50
930,0.19629060308000185,0.31726100111275046,0.17607195217071234,0.02021865090928951,0.1,0.01,128,7.0,400,15,50
932,0.19651386429889153,0.31570702119475236,0.1539312502116161,0.04258261408727543,0.1,0.01,128,7.0,400,31,20
39,0.1965722834891766,0.31530011063049856,0.1772186738257729,0.019353609663403715,0.0,0.01,128,5.0,400,15,50
146,0.19664252272088786,0.31481070911783593,0.17670125169280596,0.01994127102808191,0.0,0.01,255,5.0,400,15,20
37,0.1975894729372528,0.3081956350935837,0.17784149926593984,0.01974797367131295,0.0,0.01,128,5.0,400,15,10
909,0.19783185851984875,0.30649730318100743,0.1686649593149398,0.029166899204908947,0.1,0.01,128,5.0,400,63,50
906,0.19783185851984875,0.30649730318100743,0.1686649593149398,0.029166899204908947,0.1,0.01,128,5.0,400,31,50
176,0.19785581300278157,0.30632934737852113,0.1548964454635129,0.042959367539268684,0.0,0.01,255,7.0,400,31,20
1009,0.19810015471255857,0.30461499460759844,0.1776289671289794,0.02047118758357916,0.1,0.01,255,5.0,400,15,10
206,0.1982660772525106,0.3034496409926122,0.12084992443081606,0.07741615282169455,0.0,0.01,255,,400,63,20
147,0.19831375318796865,0.30311460957247627,0.17825694612582277,0.02005680706214588,0.0,0.01,255,5.0,400,15,50
1933,0.19856406756689537,0.3013542624311062,0.11994491145538579,0.07861915611150959,1.0,0.01,255,,400,63,10
1765,0.19865356327372938,0.3007243409602377,0.17891880904151908,0.0197347542322103,1.0,0.01,128,5.0,400,15,10
1767,0.19869613503746408,0.30042459715030756,0.17933138392933998,0.019364751108124106,1.0,0.01,128,5.0,400,15,50
901,0.19982194931566424,0.29247453582629945,0.1797717177172767,0.020050231598387536,0.1,0.01,128,5.0,400,15,10
68,0.19989555065874015,0.2919532275808092,0.15732380990686873,0.04257174075187142,0.0,0.01,128,7.0,400,31,20
1935,0.19993882626659948,0.2916466227450646,0.12721147563801452,0.07272735062858496,1.0,0.01,255,,400,63,50
1794,0.20025105510702246,0.28943253508245137,0.180080505864358,0.020170549242664454,1.0,0.01,128,7.0,400,15,50
1766,0.20058527680827512,0.2870586624313918,0.18080249439525248,0.019782782413022643,1.0,0.01,128,5.0,400,15,20
1826,0.20068955516900422,0.2863171954615541,0.12355383330045974,0.07713572186854448,1.0,0.01,128,,400,63,20
97,0.20081600869759378,0.28541753587362617,0.12230701426955361,0.07850899442804017,0.0,0.01,128,,400,63,10
98,0.20141788339745428,0.28112770232274653,0.12294795222664268,0.07846993117081161,0.0,0.01,128,,400,63,20
180,0.20149069388059132,0.28060787857254765,0.14532234717314793,0.05616834670744339,0.0,0.01,255,7.0,400,63,50
1934,0.20200653206750807,0.27691971872933885,0.12433552841865649,0.07767100364885159,1.0,0.01,255,,400,63,20
2176,0.20206541940940273,0.2764980840263743,0.17548976972288122,0.026575649686521513,1.0,0.05,128,3.0,400,63,10
2185,0.20206541940940273,0.2764980840263743,0.17548976972288122,0.026575649686521513,1.0,0.05,128,3.0,800,63,10
2179,0.20206541940940273,0.2764980840263743,0.17548976972288122,0.026575649686521513,1.0,0.05,128,3.0,800,15,10
2170,0.20206541940940273,0.2764980840263743,0.17548976972288122,0.026575649686521513,1.0,0.05,128,3.0,400,15,10
2173,0.20206541940940273,0.2764980840263743,0.17548976972288122,0.026575649686521513,1.0,0.05,128,3.0,400,31,10
2182,0.20206541940940273,0.2764980840263743,0.17548976972288122,0.026575649686521513,1.0,0.05,128,3.0,800,31,10
236,0.2033469765017119,0.2672916663449566,0.1857061473365886,0.0176408291651233,0.0,0.03,128,3.0,800,15,20
239,0.2033469765017119,0.2672916663449566,0.1857061473365886,0.0176408291651233,0.0,0.03,128,3.0,800,31,20
227,0.2033469765017119,0.2672916663449566,0.1857061473365886,0.0176408291651233,0.0,0.03,128,3.0,400,15,20
242,0.2033469765017119,0.2672916663449566,0.1857061473365886,0.0176408291651233,0.0,0.03,128,3.0,800,63,20
230,0.2033469765017119,0.2672916663449566,0.1857061473365886,0.0176408291651233,0.0,0.03,128,3.0,400,31,20
233,0.2033469765017119,0.2672916663449566,0.1857061473365886,0.0176408291651233,0.0,0.03,128,3.0,400,63,20
205,0.2034038626292857,0.26688166005362246,0.12399578644673029,0.07940807618255541,0.0,0.01,255,,400,63,10
1621,0.20363234155647789,0.26523374476536554,0.16810168570191822,0.03553065585455967,0.1,0.1,255,3.0,200,15,10
1627,0.20363234155647789,0.26523374476536554,0.16810168570191822,0.03553065585455967,0.1,0.1,255,3.0,200,63,10
1624,0.20363234155647789,0.26523374476536554,0.16810168570191822,0.03553065585455967,0.1,0.1,255,3.0,200,31,10
961,0.20374311457183658,0.26443412314183523,0.1246610661799525,0.07908204839188408,0.1,0.01,128,,400,63,10
1642,0.20380481631567915,0.26398853684822365,0.1670516594013563,0.03675315691432285,0.1,0.1,255,3.0,800,31,10
1645,0.20380481631567915,0.26398853684822365,0.1670516594013563,0.03675315691432285,0.1,0.1,255,3.0,800,63,10
1633,0.20380481631567915,0.26398853684822365,0.1670516594013563,0.03675315691432285,0.1,0.1,255,3.0,400,31,10
1636,0.20380481631567915,0.26398853684822365,0.1670516594013563,0.03675315691432285,0.1,0.1,255,3.0,400,63,10
1630,0.20380481631567915,0.26398853684822365,0.1670516594013563,0.03675315691432285,0.1,0.1,255,3.0,400,15,10
1639,0.20380481631567915,0.26398853684822365,0.1670516594013563,0.03675315691432285,0.1,0.1,255,3.0,800,15,10
1825,0.20396043423561622,0.26286412474658216,0.1253769674066213,0.07858346682899492,1.0,0.01,128,,400,63,10
1874,0.20402235712612377,0.2624164642645922,0.18359865616622684,0.02042370095989693,1.0,0.01,255,5.0,400,15,20
2167,0.20419518447445187,0.26116632089480996,0.18615425488597068,0.01804092958848119,1.0,0.05,128,3.0,200,63,10
2161,0.20419518447445187,0.26116632089480996,0.18615425488597068,0.01804092958848119,1.0,0.05,128,3.0,200,15,10
2164,0.20419518447445187,0.26116632089480996,0.18615425488597068,0.01804092958848119,1.0,0.05,128,3.0,200,31,10
446,0.20473355948525776,0.2572652106429558,0.17858426909951147,0.026149290385746288,0.0,0.05,128,3.0,400,31,20
449,0.20473355948525776,0.2572652106429558,0.17858426909951147,0.026149290385746288,0.0,0.05,128,3.0,400,63,20
455,0.20473355948525776,0.2572652106429558,0.17858426909951147,0.026149290385746288,0.0,0.05,128,3.0,800,31,20
443,0.20473355948525776,0.2572652106429558,0.17858426909951147,0.026149290385746288,0.0,0.05,128,3.0,400,15,20
458,0.20473355948525776,0.2572652106429558,0.17858426909951147,0.026149290385746288,0.0,0.05,128,3.0,800,63,20
452,0.20473355948525776,0.2572652106429558,0.17858426909951147,0.026149290385746288,0.0,0.05,128,3.0,800,15,20
664,0.20473764990603394,0.2572355317943035,0.18243350448746767,0.022304145418566262,0.0,0.1,128,3.0,400,63,10
673,0.20473764990603394,0.2572355317943035,0.18243350448746767,0.022304145418566262,0.0,0.1,128,3.0,800,63,10
655,0.20473764990603394,0.2572355317943035,0.18243350448746767,0.022304145418566262,0.0,0.1,128,3.0,200,63,10
661,0.20473764990603394,0.2572355317943035,0.18243350448746767,0.022304145418566262,0.0,0.1,128,3.0,400,31,10
670,0.20473764990603394,0.2572355317943035,0.18243350448746767,0.022304145418566262,0.0,0.1,128,3.0,800,31,10
658,0.20473764990603394,0.2572355317943035,0.18243350448746767,0.022304145418566262,0.0,0.1,128,3.0,400,15,10
649,0.20473764990603394,0.2572355317943035,0.18243350448746767,0.022304145418566262,0.0,0.1,128,3.0,200,15,10
667,0.20473764990603394,0.2572355317943035,0.18243350448746767,0.022304145418566262,0.0,0.1,128,3.0,800,15,10
652,0.20473764990603394,0.2572355317943035,0.18243350448746767,0.022304145418566262,0.0,0.1,128,3.0,200,31,10
902,0.2048396631454714,0.25649516296885144,0.1849170303232614,0.01992263282220999,0.1,0.01,128,5.0,400,15,20
2064,0.20492150169044965,0.25590094690611476,0.1859535425028786,0.01896795918757105,1.0,0.03,255,3.0,400,15,50
2079,0.20492150169044965,0.25590094690611476,0.1859535425028786,0.01896795918757105,1.0,0.03,255,3.0,800,63,50
2073,0.20492150169044965,0.25590094690611476,0.1859535425028786,0.01896795918757105,1.0,0.03,255,3.0,800,15,50
2076,0.20492150169044965,0.25590094690611476,0.1859535425028786,0.01896795918757105,1.0,0.03,255,3.0,800,31,50
2067,0.20492150169044965,0.25590094690611476,0.1859535425028786,0.01896795918757105,1.0,0.03,255,3.0,400,31,50
2070,0.20492150169044965,0.25590094690611476,0.1859535425028786,0.01896795918757105,1.0,0.03,255,3.0,400,63,50
1423,0.2053065492710685,0.2531019949435829,0.1847834527505116,0.020523096520556894,0.1,0.05,255,3.0,800,15,10
1429,0.2053065492710685,0.2531019949435829,0.1847834527505116,0.020523096520556894,0.1,0.05,255,3.0,800,63,10
1414,0.2053065492710685,0.2531019949435829,0.1847834527505116,0.020523096520556894,0.1,0.05,255,3.0,400,15,10
1426,0.2053065492710685,0.2531019949435829,0.1847834527505116,0.020523096520556894,0.1,0.05,255,3.0,800,31,10
1420,0.2053065492710685,0.2531019949435829,0.1847834527505116,0.020523096520556894,0.1,0.05,255,3.0,400,63,10
1417,0.2053065492710685,0.2531019949435829,0.1847834527505116,0.020523096520556894,0.1,0.05,255,3.0,400,31,10
1408,0.2053097741002741,0.25307853112885903,0.1857332380968074,0.019576536003466705,0.1,0.05,255,3.0,200,31,10
1405,0.2053097741002741,0.25307853112885903,0.1857332380968074,0.019576536003466705,0.1,0.05,255,3.0,200,15,10
1411,0.2053097741002741,0.25307853112885903,0.1857332380968074,0.019576536003466705,0.1,0.05,255,3.0,200,63,10
66,0.20540649643902859,0.25237460937079303,0.18473551341224215,0.020670983026786438,0.0,0.01,128,7.0,400,15,50
1010,0.20553511351723347,0.25143805186263846,0.1850964768322354,0.02043863668499807,0.1,0.01,255,5.0,400,15,20
436,0.20570603551429406,0.25019253327051194,0.18757427009354846,0.0181317654207456,0.0,0.05,128,3.0,200,31,10
433,0.20570603551429406,0.25019253327051194,0.18757427009354846,0.0181317654207456,0.0,0.05,128,3.0,200,15,10
439,0.20570603551429406,0.25019253327051194,0.18757427009354846,0.0181317654207456,0.0,0.05,128,3.0,200,63,10
38,0.20571876710835316,0.25009971596756864,0.18571430452037624,0.020004462587976918,0.0,0.01,128,5.0,400,15,20
344,0.2057232653067149,0.2500669213212142,0.1806984561443941,0.025024809162320805,0.0,0.03,255,3.0,800,15,20
347,0.2057232653067149,0.2500669213212142,0.1806984561443941,0.025024809162320805,0.0,0.03,255,3.0,800,31,20
350,0.2057232653067149,0.2500669213212142,0.1806984561443941,0.025024809162320805,0.0,0.03,255,3.0,800,63,20
445,0.20579167990872674,0.2495680481950281,0.18703460608559974,0.018757073823126996,0.0,0.05,128,3.0,400,31,10
448,0.20579167990872674,0.2495680481950281,0.18703460608559974,0.018757073823126996,0.0,0.05,128,3.0,400,63,10
451,0.20579167990872674,0.2495680481950281,0.18703460608559974,0.018757073823126996,0.0,0.05,128,3.0,800,15,10
442,0.20579167990872674,0.2495680481950281,0.18703460608559974,0.018757073823126996,0.0,0.05,128,3.0,400,15,10
457,0.20579167990872674,0.2495680481950281,0.18703460608559974,0.018757073823126996,0.0,0.05,128,3.0,800,63,10
454,0.20579167990872674,0.2495680481950281,0.18703460608559974,0.018757073823126996,0.0,0.05,128,3.0,800,31,10
2172,0.20588160696678426,0.2489120558597525,0.19167215201969356,0.014209454947090694,1.0,0.05,128,3.0,400,15,50
2169,0.20588160696678426,0.2489120558597525,0.19167215201969356,0.014209454947090694,1.0,0.05,128,3.0,200,63,50
2181,0.20588160696678426,0.2489120558597525,0.19167215201969356,0.014209454947090694,1.0,0.05,128,3.0,800,15,50
2187,0.20588160696678426,0.2489120558597525,0.19167215201969356,0.014209454947090694,1.0,0.05,128,3.0,800,63,50
2166,0.20588160696678426,0.2489120558597525,0.19167215201969356,0.014209454947090694,1.0,0.05,128,3.0,200,31,50
2175,0.20588160696678426,0.2489120558597525,0.19167215201969356,0.014209454947090694,1.0,0.05,128,3.0,400,31,50
2184,0.20588160696678426,0.2489120558597525,0.19167215201969356,0.014209454947090694,1.0,0.05,128,3.0,800,31,50
2178,0.20588160696678426,0.2489120558597525,0.19167215201969356,0.014209454947090694,1.0,0.05,128,3.0,400,63,50
2163,0.20588160696678426,0.2489120558597525,0.19167215201969356,0.014209454947090694,1.0,0.05,128,3.0,200,15,50
2490,0.2059750976030459,0.24822976438003175,0.18382858750479605,0.022146510098249833,1.0,0.1,255,3.0,200,31,50
2487,0.2059750976030459,0.24822976438003175,0.18382858750479605,0.022146510098249833,1.0,0.1,255,3.0,200,15,50
2505,0.2059750976030459,0.24822976438003175,0.18382858750479605,0.022146510098249833,1.0,0.1,255,3.0,800,15,50
2493,0.2059750976030459,0.24822976438003175,0.18382858750479605,0.022146510098249833,1.0,0.1,255,3.0,200,63,50
2499,0.2059750976030459,0.24822976438003175,0.18382858750479605,0.022146510098249833,1.0,0.1,255,3.0,400,31,50
2511,0.2059750976030459,0.24822976438003175,0.18382858750479605,0.022146510098249833,1.0,0.1,255,3.0,800,63,50
2502,0.2059750976030459,0.24822976438003175,0.18382858750479605,0.022146510098249833,1.0,0.1,255,3.0,400,63,50
2508,0.2059750976030459,0.24822976438003175,0.18382858750479605,0.022146510098249833,1.0,0.1,255,3.0,800,31,50
2496,0.2059750976030459,0.24822976438003175,0.18382858750479605,0.022146510098249833,1.0,0.1,255,3.0,400,15,50
2171,0.2060312932065487,0.24781950172662348,0.18185520705042915,0.024176086156119547,1.0,0.05,128,3.0,400,15,20
2183,0.2060312932065487,0.24781950172662348,0.18185520705042915,0.024176086156119547,1.0,0.05,128,3.0,800,31,20
2177,0.2060312932065487,0.24781950172662348,0.18185520705042915,0.024176086156119547,1.0,0.05,128,3.0,400,63,20
2186,0.2060312932065487,0.24781950172662348,0.18185520705042915,0.024176086156119547,1.0,0.05,128,3.0,800,63,20
2180,0.2060312932065487,0.24781950172662348,0.18185520705042915,0.024176086156119547,1.0,0.05,128,3.0,800,15,20
2174,0.2060312932065487,0.24781950172662348,0.18185520705042915,0.024176086156119547,1.0,0.05,128,3.0,400,31,20
1873,0.20641780885290503,0.24499466641251433,0.1858013005076208,0.020616508345284223,1.0,0.01,255,5.0,400,15,10
1011,0.20652323826968952,0.24422322037772914,0.18631735103340197,0.02020588723628755,0.1,0.01,255,5.0,400,15,50
1961,0.2065836046089445,0.2437813316519013,0.18706794506202884,0.01951565954691567,1.0,0.03,128,3.0,400,63,20
1970,0.2065836046089445,0.2437813316519013,0.18706794506202884,0.01951565954691567,1.0,0.03,128,3.0,800,63,20
1964,0.2065836046089445,0.2437813316519013,0.18706794506202884,0.01951565954691567,1.0,0.03,128,3.0,800,15,20
1967,0.2065836046089445,0.2437813316519013,0.18706794506202884,0.01951565954691567,1.0,0.03,128,3.0,800,31,20
1955,0.2065836046089445,0.2437813316519013,0.18706794506202884,0.01951565954691567,1.0,0.03,128,3.0,400,15,20
1958,0.2065836046089445,0.2437813316519013,0.18706794506202884,0.01951565954691567,1.0,0.03,128,3.0,400,31,20
1622,0.20663395178659136,0.2434126855997233,0.18271536789480494,0.023918583891786416,0.1,0.1,255,3.0,200,15,20
1637,0.20663395178659136,0.2434126855997233,0.18271536789480494,0.023918583891786416,0.1,0.1,255,3.0,400,63,20
1634,0.20663395178659136,0.2434126855997233,0.18271536789480494,0.023918583891786416,0.1,0.1,255,3.0,400,31,20
1643,0.20663395178659136,0.2434126855997233,0.18271536789480494,0.023918583891786416,0.1,0.1,255,3.0,800,31,20
1628,0.20663395178659136,0.2434126855997233,0.18271536789480494,0.023918583891786416,0.1,0.1,255,3.0,200,63,20
1646,0.20663395178659136,0.2434126855997233,0.18271536789480494,0.023918583891786416,0.1,0.1,255,3.0,800,63,20
1640,0.20663395178659136,0.2434126855997233,0.18271536789480494,0.023918583891786416,0.1,0.1,255,3.0,800,15,20
1631,0.20663395178659136,0.2434126855997233,0.18271536789480494,0.023918583891786416,0.1,0.1,255,3.0,400,15,20
1625,0.20663395178659136,0.2434126855997233,0.18271536789480494,0.023918583891786416,0.1,0.1,255,3.0,200,31,20
2488,0.20673919014443107,0.24264183181190435,0.18275602424401466,0.02398316590041641,1.0,0.1,255,3.0,200,31,10
2509,0.20673919014443107,0.24264183181190435,0.18275602424401466,0.02398316590041641,1.0,0.1,255,3.0,800,63,10
2503,0.20673919014443107,0.24264183181190435,0.18275602424401466,0.02398316590041641,1.0,0.1,255,3.0,800,15,10
2497,0.20673919014443107,0.24264183181190435,0.18275602424401466,0.02398316590041641,1.0,0.1,255,3.0,400,31,10
2485,0.20673919014443107,0.24264183181190435,0.18275602424401466,0.02398316590041641,1.0,0.1,255,3.0,200,15,10
2494,0.20673919014443107,0.24264183181190435,0.18275602424401466,0.02398316590041641,1.0,0.1,255,3.0,400,15,10
2491,0.20673919014443107,0.24264183181190435,0.18275602424401466,0.02398316590041641,1.0,0.1,255,3.0,200,63,10
2506,0.20673919014443107,0.24264183181190435,0.18275602424401466,0.02398316590041641,1.0,0.1,255,3.0,800,31,10
2500,0.20673919014443107,0.24264183181190435,0.18275602424401466,0.02398316590041641,1.0,0.1,255,3.0,400,63,10
343,0.20682927471083234,0.24198166528412268,0.18579169285242297,0.02103758185840937,0.0,0.03,255,3.0,800,15,10
349,0.20682927471083234,0.24198166528412268,0.18579169285242297,0.02103758185840937,0.0,0.03,255,3.0,800,63,10
340,0.20682927471083234,0.24198166528412268,0.18579169285242297,0.02103758185840937,0.0,0.03,255,3.0,400,63,10
337,0.20682927471083234,0.24198166528412268,0.18579169285242297,0.02103758185840937,0.0,0.03,255,3.0,400,31,10
346,0.20682927471083234,0.24198166528412268,0.18579169285242297,0.02103758185840937,0.0,0.03,255,3.0,800,31,10
334,0.20682927471083234,0.24198166528412268,0.18579169285242297,0.02103758185840937,0.0,0.03,255,3.0,400,15,10
1092,0.2069290148827707,0.24125040411448462,0.18952292381429264,0.01740609106847807,0.1,0.03,128,3.0,400,15,50
1098,0.2069290148827707,0.24125040411448462,0.18952292381429264,0.01740609106847807,0.1,0.03,128,3.0,400,63,50
1104,0.2069290148827707,0.24125040411448462,0.18952292381429264,0.01740609106847807,0.1,0.03,128,3.0,800,31,50
1107,0.2069290148827707,0.24125040411448462,0.18952292381429264,0.01740609106847807,0.1,0.03,128,3.0,800,63,50
1101,0.2069290148827707,0.24125040411448462,0.18952292381429264,0.01740609106847807,0.1,0.03,128,3.0,800,15,50
1095,0.2069290148827707,0.24125040411448462,0.18952292381429264,0.01740609106847807,0.1,0.03,128,3.0,400,31,50
22,0.207012995763445,0.24063441133464147,0.1922107875660729,0.014802208197372102,0.0,0.01,128,3.0,800,31,10
19,0.207012995763445,0.24063441133464147,0.1922107875660729,0.014802208197372102,0.0,0.01,128,3.0,800,15,10
25,0.207012995763445,0.24063441133464147,0.1922107875660729,0.014802208197372102,0.0,0.01,128,3.0,800,63,10
20,0.20706423538000207,0.24025845023252745,0.1925039009353839,0.014560334444618184,0.0,0.01,128,3.0,800,15,20
23,0.20706423538000207,0.24025845023252745,0.1925039009353839,0.014560334444618184,0.0,0.01,128,3.0,800,31,20
26,0.20706423538000207,0.24025845023252745,0.1925039009353839,0.014560334444618184,0.0,0.01,128,3.0,800,63,20
1306,0.2071594334914551,0.2395597048737722,0.18273352122351694,0.024425912267938166,0.1,0.05,128,3.0,400,15,10
1309,0.2071594334914551,0.2395597048737722,0.18273352122351694,0.024425912267938166,0.1,0.05,128,3.0,400,31,10
1318,0.2071594334914551,0.2395597048737722,0.18273352122351694,0.024425912267938166,0.1,0.05,128,3.0,800,31,10
1321,0.2071594334914551,0.2395597048737722,0.18273352122351694,0.024425912267938166,0.1,0.05,128,3.0,800,63,10
1312,0.2071594334914551,0.2395597048737722,0.18273352122351694,0.024425912267938166,0.1,0.05,128,3.0,400,63,10
1315,0.2071594334914551,0.2395597048737722,0.18273352122351694,0.024425912267938166,0.1,0.05,128,3.0,800,15,10
1102,0.20735472743718739,0.23812526006162293,0.18198188378989744,0.02537284364728995,0.1,0.03,128,3.0,800,31,10
1105,0.20735472743718739,0.23812526006162293,0.18198188378989744,0.02537284364728995,0.1,0.03,128,3.0,800,63,10
1099,0.20735472743718739,0.23812526006162293,0.18198188378989744,0.02537284364728995,0.1,0.03,128,3.0,800,15,10
440,0.20744268528449955,0.23747876334582352,0.18884156973324737,0.018601115551252184,0.0,0.05,128,3.0,200,63,20
434,0.20744268528449955,0.23747876334582352,0.18884156973324737,0.018601115551252184,0.0,0.05,128,3.0,200,15,20
437,0.20744268528449955,0.23747876334582352,0.18884156973324737,0.018601115551252184,0.0,0.05,128,3.0,200,31,20
1875,0.20761142374851158,0.23623775557323212,0.18727742543190398,0.020333998316607593,1.0,0.01,255,5.0,400,15,50
339,0.20762385712299078,0.23614627287755263,0.19114187926687673,0.01648197785611405,0.0,0.03,255,3.0,400,31,50
336,0.20762385712299078,0.23614627287755263,0.19114187926687673,0.01648197785611405,0.0,0.03,255,3.0,400,15,50
351,0.20762385712299078,0.23614627287755263,0.19114187926687673,0.01648197785611405,0.0,0.03,255,3.0,800,63,50
348,0.20762385712299078,0.23614627287755263,0.19114187926687673,0.01648197785611405,0.0,0.03,255,3.0,800,31,50
342,0.20762385712299078,0.23614627287755263,0.19114187926687673,0.01648197785611405,0.0,0.03,255,3.0,400,63,50
345,0.20762385712299078,0.23614627287755263,0.19114187926687673,0.01648197785611405,0.0,0.03,255,3.0,800,15,50
1308,0.20777308139916809,0.23504787808625138,0.18796251668548233,0.019810564713685752,0.1,0.05,128,3.0,400,15,50
1311,0.20777308139916809,0.23504787808625138,0.18796251668548233,0.019810564713685752,0.1,0.05,128,3.0,400,31,50
1314,0.20777308139916809,0.23504787808625138,0.18796251668548233,0.019810564713685752,0.1,0.05,128,3.0,400,63,50
1323,0.20777308139916809,0.23504787808625138,0.18796251668548233,0.019810564713685752,0.1,0.05,128,3.0,800,63,50
1317,0.20777308139916809,0.23504787808625138,0.18796251668548233,0.019810564713685752,0.1,0.05,128,3.0,800,15,50
1320,0.20777308139916809,0.23504787808625138,0.18796251668548233,0.019810564713685752,0.1,0.05,128,3.0,800,31,50
884,0.20782592925661653,0.23465869175197118,0.19300466355610493,0.014821265700511593,0.1,0.01,128,3.0,800,15,20
890,0.20782592925661653,0.23465869175197118,0.19300466355610493,0.014821265700511593,0.1,0.01,128,3.0,800,63,20
887,0.20782592925661653,0.23465869175197118,0.19300466355610493,0.014821265700511593,0.1,0.01,128,3.0,800,31,20
1307,0.207896043748161,0.23414219634830347,0.18479881722681832,0.02309722652134269,0.1,0.05,128,3.0,400,15,20
1322,0.207896043748161,0.23414219634830347,0.18479881722681832,0.02309722652134269,0.1,0.05,128,3.0,800,63,20
1313,0.207896043748161,0.23414219634830347,0.18479881722681832,0.02309722652134269,0.1,0.05,128,3.0,400,63,20
1319,0.207896043748161,0.23414219634830347,0.18479881722681832,0.02309722652134269,0.1,0.05,128,3.0,800,31,20
1316,0.207896043748161,0.23414219634830347,0.18479881722681832,0.02309722652134269,0.1,0.05,128,3.0,800,15,20
1310,0.207896043748161,0.23414219634830347,0.18479881722681832,0.02309722652134269,0.1,0.05,128,3.0,400,31,20
221,0.20803762130982476,0.23309874022101085,0.19721758012057752,0.010820041189247231,0.0,0.03,128,3.0,200,31,20
224,0.20803762130982476,0.23309874022101085,0.19721758012057752,0.010820041189247231,0.0,0.03,128,3.0,200,63,20
218,0.20803762130982476,0.23309874022101085,0.19721758012057752,0.010820041189247231,0.0,0.03,128,3.0,200,15,20
335,0.20812372221021808,0.23246381128147897,0.18663981738977384,0.02148390482044424,0.0,0.03,255,3.0,400,15,20
341,0.20812372221021808,0.23246381128147897,0.18663981738977384,0.02148390482044424,0.0,0.03,255,3.0,400,63,20
338,0.20812372221021808,0.23246381128147897,0.18663981738977384,0.02148390482044424,0.0,0.03,255,3.0,400,31,20
1747,0.20816776373156676,0.23213893684914666,0.19346391557472015,0.01470384815684661,1.0,0.01,128,3.0,800,15,10
1753,0.20816776373156676,0.23213893684914666,0.19346391557472015,0.01470384815684661,1.0,0.01,128,3.0,800,63,10
1750,0.20816776373156676,0.23213893684914666,0.19346391557472015,0.01470384815684661,1.0,0.01,128,3.0,800,31,10
1303,0.20816793407677894,0.23213768015592096,0.18909680429474635,0.019071129782032598,0.1,0.05,128,3.0,200,63,10
1297,0.20816793407677894,0.23213768015592096,0.18909680429474635,0.019071129782032598,0.1,0.05,128,3.0,200,15,10
1300,0.20816793407677894,0.23213768015592096,0.18909680429474635,0.019071129782032598,0.1,0.05,128,3.0,200,31,10
1210,0.2081683974030365,0.23213426203898113,0.18709500823946376,0.021073389163572737,0.1,0.03,255,3.0,800,31,10
1198,0.2081683974030365,0.23213426203898113,0.18709500823946376,0.021073389163572737,0.1,0.03,255,3.0,400,15,10
1201,0.2081683974030365,0.23213426203898113,0.18709500823946376,0.021073389163572737,0.1,0.03,255,3.0,400,31,10
1207,0.2081683974030365,0.23213426203898113,0.18709500823946376,0.021073389163572737,0.1,0.03,255,3.0,800,15,10
1204,0.2081683974030365,0.23213426203898113,0.18709500823946376,0.021073389163572737,0.1,0.03,255,3.0,400,63,10
1213,0.2081683974030365,0.23213426203898113,0.18709500823946376,0.021073389163572737,0.1,0.03,255,3.0,800,63,10
674,0.2082542492921061,0.23150077185740325,0.18739916029873407,0.020855088993372017,0.0,0.1,128,3.0,800,63,20
659,0.2082542492921061,0.23150077185740325,0.18739916029873407,0.020855088993372017,0.0,0.1,128,3.0,400,15,20
650,0.2082542492921061,0.23150077185740325,0.18739916029873407,0.020855088993372017,0.0,0.1,128,3.0,200,15,20
656,0.2082542492921061,0.23150077185740325,0.18739916029873407,0.020855088993372017,0.0,0.1,128,3.0,200,63,20
671,0.2082542492921061,0.23150077185740325,0.18739916029873407,0.020855088993372017,0.0,0.1,128,3.0,800,31,20
665,0.2082542492921061,0.23150077185740325,0.18739916029873407,0.020855088993372017,0.0,0.1,128,3.0,400,63,20
662,0.2082542492921061,0.23150077185740325,0.18739916029873407,0.020855088993372017,0.0,0.1,128,3.0,400,31,20
668,0.2082542492921061,0.23150077185740325,0.18739916029873407,0.020855088993372017,0.0,0.1,128,3.0,800,15,20
653,0.2082542492921061,0.23150077185740325,0.18739916029873407,0.020855088993372017,0.0,0.1,128,3.0,200,31,20
229,0.20825482272070503,0.23149653972246353,0.19018481035676854,0.01807001236393649,0.0,0.03,128,3.0,400,31,10
235,0.20825482272070503,0.23149653972246353,0.19018481035676854,0.01807001236393649,0.0,0.03,128,3.0,800,15,10
226,0.20825482272070503,0.23149653972246353,0.19018481035676854,0.01807001236393649,0.0,0.03,128,3.0,400,15,10
238,0.20825482272070503,0.23149653972246353,0.19018481035676854,0.01807001236393649,0.0,0.03,128,3.0,800,31,10
232,0.20825482272070503,0.23149653972246353,0.19018481035676854,0.01807001236393649,0.0,0.03,128,3.0,400,63,10
241,0.20825482272070503,0.23149653972246353,0.19018481035676854,0.01807001236393649,0.0,0.03,128,3.0,800,63,10
563,0.20828136146100348,0.23130066033777952,0.1857409249225946,0.02254043653840887,0.0,0.05,255,3.0,800,31,20
554,0.20828136146100348,0.23130066033777952,0.1857409249225946,0.02254043653840887,0.0,0.05,255,3.0,400,31,20
557,0.20828136146100348,0.23130066033777952,0.1857409249225946,0.02254043653840887,0.0,0.05,255,3.0,400,63,20
551,0.20828136146100348,0.23130066033777952,0.1857409249225946,0.02254043653840887,0.0,0.05,255,3.0,400,15,20
560,0.20828136146100348,0.23130066033777952,0.1857409249225946,0.02254043653840887,0.0,0.05,255,3.0,800,15,20
566,0.20828136146100348,0.23130066033777952,0.1857409249225946,0.02254043653840887,0.0,0.05,255,3.0,800,63,20
1963,0.20834436497741982,0.23083553867645512,0.19164652719328962,0.0166978377841302,1.0,0.03,128,3.0,800,15,10
1954,0.20834436497741982,0.23083553867645512,0.19164652719328962,0.0166978377841302,1.0,0.03,128,3.0,400,15,10
1960,0.20834436497741982,0.23083553867645512,0.19164652719328962,0.0166978377841302,1.0,0.03,128,3.0,400,63,10
1957,0.20834436497741982,0.23083553867645512,0.19164652719328962,0.0166978377841302,1.0,0.03,128,3.0,400,31,10
1966,0.20834436497741982,0.23083553867645512,0.19164652719328962,0.0166978377841302,1.0,0.03,128,3.0,800,31,10
1969,0.20834436497741982,0.23083553867645512,0.19164652719328962,0.0166978377841302,1.0,0.03,128,3.0,800,63,10
994,0.20844990043387343,0.23005611100506873,0.19352882520096246,0.014921075232910974,0.1,0.01,255,3.0,800,31,10
991,0.20844990043387343,0.23005611100506873,0.19352882520096246,0.014921075232910974,0.1,0.01,255,3.0,800,15,10
997,0.20844990043387343,0.23005611100506873,0.19352882520096246,0.014921075232910974,0.1,0.01,255,3.0,800,63,10
1748,0.20866026854999492,0.22850126855911634,0.19467699590365672,0.013983272646338196,1.0,0.01,128,3.0,800,15,20
1751,0.20866026854999492,0.22850126855911634,0.19467699590365672,0.013983272646338196,1.0,0.01,128,3.0,800,31,20
1754,0.20866026854999492,0.22850126855911634,0.19467699590365672,0.013983272646338196,1.0,0.01,128,3.0,800,63,20
1100,0.20868478440678884,0.22831996846145375,0.19143079238594432,0.017253992020844516,0.1,0.03,128,3.0,800,15,20
1094,0.20868478440678884,0.22831996846145375,0.19143079238594432,0.017253992020844516,0.1,0.03,128,3.0,400,31,20
1097,0.20868478440678884,0.22831996846145375,0.19143079238594432,0.017253992020844516,0.1,0.03,128,3.0,400,63,20
1103,0.20868478440678884,0.22831996846145375,0.19143079238594432,0.017253992020844516,0.1,0.03,128,3.0,800,31,20
1106,0.20868478440678884,0.22831996846145375,0.19143079238594432,0.017253992020844516,0.1,0.03,128,3.0,800,63,20
1091,0.20868478440678884,0.22831996846145375,0.19143079238594432,0.017253992020844516,0.1,0.03,128,3.0,400,15,20
243,0.20872912714103156,0.22799199018423177,0.19054806435484245,0.01818106278618911,0.0,0.03,128,3.0,800,63,50
231,0.20872912714103156,0.22799199018423177,0.19054806435484245,0.01818106278618911,0.0,0.03,128,3.0,400,31,50
234,0.20872912714103156,0.22799199018423177,0.19054806435484245,0.01818106278618911,0.0,0.03,128,3.0,400,63,50
240,0.20872912714103156,0.22799199018423177,0.19054806435484245,0.01818106278618911,0.0,0.03,128,3.0,800,31,50
237,0.20872912714103156,0.22799199018423177,0.19054806435484245,0.01818106278618911,0.0,0.03,128,3.0,800,15,50
228,0.20872912714103156,0.22799199018423177,0.19054806435484245,0.01818106278618911,0.0,0.03,128,3.0,400,15,50
1638,0.20880304973371752,0.22744507140901615,0.18979329979351164,0.019009749940205878,0.1,0.1,255,3.0,400,63,50
1641,0.20880304973371752,0.22744507140901615,0.18979329979351164,0.019009749940205878,0.1,0.1,255,3.0,800,15,50
1635,0.20880304973371752,0.22744507140901615,0.18979329979351164,0.019009749940205878,0.1,0.1,255,3.0,400,31,50
1647,0.20880304973371752,0.22744507140901615,0.18979329979351164,0.019009749940205878,0.1,0.1,255,3.0,800,63,50
1623,0.20880304973371752,0.22744507140901615,0.18979329979351164,0.019009749940205878,0.1,0.1,255,3.0,200,15,50
1629,0.20880304973371752,0.22744507140901615,0.18979329979351164,0.019009749940205878,0.1,0.1,255,3.0,200,63,50
1644,0.20880304973371752,0.22744507140901615,0.18979329979351164,0.019009749940205878,0.1,0.1,255,3.0,800,31,50
1632,0.20880304973371752,0.22744507140901615,0.18979329979351164,0.019009749940205878,0.1,0.1,255,3.0,400,15,50
1626,0.20880304973371752,0.22744507140901615,0.18979329979351164,0.019009749940205878,0.1,0.1,255,3.0,200,31,50
781,0.20887314999128584,0.22692625340954897,0.18390925581023476,0.024963894181051077,0.0,0.1,255,3.0,800,63,10
772,0.20887314999128584,0.22692625340954897,0.18390925581023476,0.024963894181051077,0.0,0.1,255,3.0,400,63,10
763,0.20887314999128584,0.22692625340954897,0.18390925581023476,0.024963894181051077,0.0,0.1,255,3.0,200,63,10
775,0.20887314999128584,0.22692625340954897,0.18390925581023476,0.024963894181051077,0.0,0.1,255,3.0,800,15,10
778,0.20887314999128584,0.22692625340954897,0.18390925581023476,0.024963894181051077,0.0,0.1,255,3.0,800,31,10
769,0.20887314999128584,0.22692625340954897,0.18390925581023476,0.024963894181051077,0.0,0.1,255,3.0,400,31,10
766,0.20887314999128584,0.22692625340954897,0.18390925581023476,0.024963894181051077,0.0,0.1,255,3.0,400,15,10
757,0.20887314999128584,0.22692625340954897,0.18390925581023476,0.024963894181051077,0.0,0.1,255,3.0,200,15,10
760,0.20887314999128584,0.22692625340954897,0.18390925581023476,0.024963894181051077,0.0,0.1,255,3.0,200,31,10
883,0.20894340049762142,0.22640614869523756,0.1938706380612932,0.015072762436328213,0.1,0.01,128,3.0,800,15,10
889,0.20894340049762142,0.22640614869523756,0.1938706380612932,0.015072762436328213,0.1,0.01,128,3.0,800,63,10
886,0.20894340049762142,0.22640614869523756,0.1938706380612932,0.015072762436328213,0.1,0.01,128,3.0,800,31,10
24,0.20896290501994977,0.22626171453022548,0.19504901702733254,0.013913887992617224,0.0,0.01,128,3.0,800,31,50
27,0.20896290501994977,0.22626171453022548,0.19504901702733254,0.013913887992617224,0.0,0.01,128,3.0,800,63,50
21,0.20896290501994977,0.22626171453022548,0.19504901702733254,0.013913887992617224,0.0,0.01,128,3.0,800,15,50
2397,0.20900327663104715,0.22596271334006102,0.18304073306550764,0.02596254356553951,1.0,0.1,128,3.0,800,15,50
2391,0.20900327663104715,0.22596271334006102,0.18304073306550764,0.02596254356553951,1.0,0.1,128,3.0,400,31,50
2388,0.20900327663104715,0.22596271334006102,0.18304073306550764,0.02596254356553951,1.0,0.1,128,3.0,400,15,50
2394,0.20900327663104715,0.22596271334006102,0.18304073306550764,0.02596254356553951,1.0,0.1,128,3.0,400,63,50
2382,0.20900327663104715,0.22596271334006102,0.18304073306550764,0.02596254356553951,1.0,0.1,128,3.0,200,31,50
2379,0.20900327663104715,0.22596271334006102,0.18304073306550764,0.02596254356553951,1.0,0.1,128,3.0,200,15,50
2385,0.20900327663104715,0.22596271334006102,0.18304073306550764,0.02596254356553951,1.0,0.1,128,3.0,200,63,50
2400,0.20900327663104715,0.22596271334006102,0.18304073306550764,0.02596254356553951,1.0,0.1,128,3.0,800,31,50
2403,0.20900327663104715,0.22596271334006102,0.18304073306550764,0.02596254356553951,1.0,0.1,128,3.0,800,63,50
558,0.20906788156698974,0.22548411454587336,0.18863052153622303,0.02043736003076671,0.0,0.05,255,3.0,400,63,50
555,0.20906788156698974,0.22548411454587336,0.18863052153622303,0.02043736003076671,0.0,0.05,255,3.0,400,31,50
552,0.20906788156698974,0.22548411454587336,0.18863052153622303,0.02043736003076671,0.0,0.05,255,3.0,400,15,50
567,0.20906788156698974,0.22548411454587336,0.18863052153622303,0.02043736003076671,0.0,0.05,255,3.0,800,63,50
564,0.20906788156698974,0.22548411454587336,0.18863052153622303,0.02043736003076671,0.0,0.05,255,3.0,800,31,50
561,0.20906788156698974,0.22548411454587336,0.18863052153622303,0.02043736003076671,0.0,0.05,255,3.0,800,15,50
135,0.20907066087335074,0.22546352189224128,0.19491561889057182,0.014155041982778921,0.0,0.01,255,3.0,800,63,50
132,0.20907066087335074,0.22546352189224128,0.19491561889057182,0.014155041982778921,0.0,0.01,255,3.0,800,31,50
129,0.20907066087335074,0.22546352189224128,0.19491561889057182,0.014155041982778921,0.0,0.01,255,3.0,800,15,50
2058,0.20908955845336674,0.2253234972086131,0.19846701258686414,0.010622545866502603,1.0,0.03,255,3.0,200,31,50
2061,0.20908955845336674,0.2253234972086131,0.19846701258686414,0.010622545866502603,1.0,0.03,255,3.0,200,63,50
2055,0.20908955845336674,0.2253234972086131,0.19846701258686414,0.010622545866502603,1.0,0.03,255,3.0,200,15,50
549,0.20918061919397288,0.22464859045929053,0.19141969549973398,0.0177609236942389,0.0,0.05,255,3.0,200,63,50
543,0.20918061919397288,0.22464859045929053,0.19141969549973398,0.0177609236942389,0.0,0.05,255,3.0,200,15,50
546,0.20918061919397288,0.22464859045929053,0.19141969549973398,0.0177609236942389,0.0,0.05,255,3.0,200,31,50
891,0.20918756202289288,0.2245971208580939,0.19641729598921556,0.012770266033677313,0.1,0.01,128,3.0,800,63,50
885,0.20918756202289288,0.2245971208580939,0.19641729598921556,0.012770266033677313,0.1,0.01,128,3.0,800,15,50
888,0.20918756202289288,0.2245971208580939,0.19641729598921556,0.012770266033677313,0.1,0.01,128,3.0,800,31,50
2072,0.2092049484878678,0.2244682214615693,0.18807973591698893,0.021125212570878876,1.0,0.03,255,3.0,800,15,20
2069,0.2092049484878678,0.2244682214615693,0.18807973591698893,0.021125212570878876,1.0,0.03,255,3.0,400,63,20
2078,0.2092049484878678,0.2244682214615693,0.18807973591698893,0.021125212570878876,1.0,0.03,255,3.0,800,63,20
2075,0.2092049484878678,0.2244682214615693,0.18807973591698893,0.021125212570878876,1.0,0.03,255,3.0,800,31,20
2066,0.2092049484878678,0.2244682214615693,0.18807973591698893,0.021125212570878876,1.0,0.03,255,3.0,400,31,20
2063,0.2092049484878678,0.2244682214615693,0.18807973591698893,0.021125212570878876,1.0,0.03,255,3.0,400,15,20
1749,0.20923460593698187,0.2242483229867388,0.195488759255472,0.013745846681509882,1.0,0.01,128,3.0,800,15,50
1752,0.20923460593698187,0.2242483229867388,0.195488759255472,0.013745846681509882,1.0,0.01,128,3.0,800,31,50
1755,0.20923460593698187,0.2242483229867388,0.195488759255472,0.013745846681509882,1.0,0.01,128,3.0,800,63,50
542,0.20935643526544764,0.2233446787733454,0.19116615109532184,0.018190284170125803,0.0,0.05,255,3.0,200,15,20
545,0.20935643526544764,0.2233446787733454,0.19116615109532184,0.018190284170125803,0.0,0.05,255,3.0,200,31,20
548,0.20935643526544764,0.2233446787733454,0.19116615109532184,0.018190284170125803,0.0,0.05,255,3.0,200,63,20
1299,0.20944732481785364,0.22267018145212103,0.19225039782306835,0.017196926994785283,0.1,0.05,128,3.0,200,15,50
1302,0.20944732481785364,0.22267018145212103,0.19225039782306835,0.017196926994785283,0.1,0.05,128,3.0,200,31,50
1305,0.20944732481785364,0.22267018145212103,0.19225039782306835,0.017196926994785283,0.1,0.05,128,3.0,200,63,50
2283,0.20948675348192505,0.22237748770514487,0.19194746088893008,0.01753929259299497,1.0,0.05,255,3.0,400,31,50
2286,0.20948675348192505,0.22237748770514487,0.19194746088893008,0.01753929259299497,1.0,0.05,255,3.0,400,63,50
2292,0.20948675348192505,0.22237748770514487,0.19194746088893008,0.01753929259299497,1.0,0.05,255,3.0,800,31,50
2289,0.20948675348192505,0.22237748770514487,0.19194746088893008,0.01753929259299497,1.0,0.05,255,3.0,800,15,50
2280,0.20948675348192505,0.22237748770514487,0.19194746088893008,0.01753929259299497,1.0,0.05,255,3.0,400,15,50
2295,0.20948675348192505,0.22237748770514487,0.19194746088893008,0.01753929259299497,1.0,0.05,255,3.0,800,63,50
2277,0.2095182141607344,0.22214390377941362,0.1921691058224389,0.017349108338295505,1.0,0.05,255,3.0,200,63,50
2271,0.2095182141607344,0.22214390377941362,0.1921691058224389,0.017349108338295505,1.0,0.05,255,3.0,200,15,50
2274,0.2095182141607344,0.22214390377941362,0.1921691058224389,0.017349108338295505,1.0,0.05,255,3.0,200,31,50
2272,0.2095438506973795,0.2219535360215259,0.19080319561049464,0.018740655086884855,1.0,0.05,255,3.0,200,31,10
2275,0.2095438506973795,0.2219535360215259,0.19080319561049464,0.018740655086884855,1.0,0.05,255,3.0,200,63,10
2269,0.2095438506973795,0.2219535360215259,0.19080319561049464,0.018740655086884855,1.0,0.05,255,3.0,200,15,10
2071,0.20956802903062355,0.2217739750185983,0.18856060193856758,0.02100742709205597,1.0,0.03,255,3.0,800,15,10
2074,0.20956802903062355,0.2217739750185983,0.18856060193856758,0.02100742709205597,1.0,0.03,255,3.0,800,31,10
2062,0.20956802903062355,0.2217739750185983,0.18856060193856758,0.02100742709205597,1.0,0.03,255,3.0,400,15,10
2065,0.20956802903062355,0.2217739750185983,0.18856060193856758,0.02100742709205597,1.0,0.03,255,3.0,400,31,10
2077,0.20956802903062355,0.2217739750185983,0.18856060193856758,0.02100742709205597,1.0,0.03,255,3.0,800,63,10
2068,0.20956802903062355,0.2217739750185983,0.18856060193856758,0.02100742709205597,1.0,0.03,255,3.0,400,63,10
2287,0.20957533236253578,0.22171973256543964,0.1905773476501435,0.01899798471239228,1.0,0.05,255,3.0,800,15,10
2278,0.20957533236253578,0.22171973256543964,0.1905773476501435,0.01899798471239228,1.0,0.05,255,3.0,400,15,10
2281,0.20957533236253578,0.22171973256543964,0.1905773476501435,0.01899798471239228,1.0,0.05,255,3.0,400,31,10
2284,0.20957533236253578,0.22171973256543964,0.1905773476501435,0.01899798471239228,1.0,0.05,255,3.0,400,63,10
2290,0.20957533236253578,0.22171973256543964,0.1905773476501435,0.01899798471239228,1.0,0.05,255,3.0,800,31,10
2293,0.20957533236253578,0.22171973256543964,0.1905773476501435,0.01899798471239228,1.0,0.05,255,3.0,800,63,10
764,0.20961948892903134,0.2213917378115452,0.17821476174185638,0.03140472718717496,0.0,0.1,255,3.0,200,63,20
779,0.20961948892903134,0.2213917378115452,0.17821476174185638,0.03140472718717496,0.0,0.1,255,3.0,800,31,20
776,0.20961948892903134,0.2213917378115452,0.17821476174185638,0.03140472718717496,0.0,0.1,255,3.0,800,15,20
782,0.20961948892903134,0.2213917378115452,0.17821476174185638,0.03140472718717496,0.0,0.1,255,3.0,800,63,20
758,0.20961948892903134,0.2213917378115452,0.17821476174185638,0.03140472718717496,0.0,0.1,255,3.0,200,15,20
761,0.20961948892903134,0.2213917378115452,0.17821476174185638,0.03140472718717496,0.0,0.1,255,3.0,200,31,20
770,0.20961948892903134,0.2213917378115452,0.17821476174185638,0.03140472718717496,0.0,0.1,255,3.0,400,31,20
773,0.20961948892903134,0.2213917378115452,0.17821476174185638,0.03140472718717496,0.0,0.1,255,3.0,400,63,20
767,0.20961948892903134,0.2213917378115452,0.17821476174185638,0.03140472718717496,0.0,0.1,255,3.0,400,15,20
1096,0.20976177913275998,0.22033433679881353,0.18681776612116885,0.02294401301159113,0.1,0.03,128,3.0,400,63,10
1093,0.20976177913275998,0.22033433679881353,0.18681776612116885,0.02294401301159113,0.1,0.03,128,3.0,400,31,10
1090,0.20976177913275998,0.22033433679881353,0.18681776612116885,0.02294401301159113,0.1,0.03,128,3.0,400,15,10
1858,0.20999203986302553,0.21862168046068775,0.1950745022954676,0.014917537567557926,1.0,0.01,255,3.0,800,31,10
1861,0.20999203986302553,0.21862168046068775,0.1950745022954676,0.014917537567557926,1.0,0.01,255,3.0,800,63,10
1855,0.20999203986302553,0.21862168046068775,0.1950745022954676,0.014917537567557926,1.0,0.01,255,3.0,800,15,10
1301,0.2100425907935875,0.21824543614683445,0.19098480743558072,0.019057783358006786,0.1,0.05,128,3.0,200,31,20
1298,0.2100425907935875,0.21824543614683445,0.19098480743558072,0.019057783358006786,0.1,0.05,128,3.0,200,15,20
1304,0.2100425907935875,0.21824543614683445,0.19098480743558072,0.019057783358006786,0.1,0.05,128,3.0,200,63,20
565,0.21016524150956464,0.21733218563753198,0.18016080187918193,0.030004439630382712,0.0,0.05,255,3.0,800,63,10
562,0.21016524150956464,0.21733218563753198,0.18016080187918193,0.030004439630382712,0.0,0.05,255,3.0,800,31,10
553,0.21016524150956464,0.21733218563753198,0.18016080187918193,0.030004439630382712,0.0,0.05,255,3.0,400,31,10
556,0.21016524150956464,0.21733218563753198,0.18016080187918193,0.030004439630382712,0.0,0.05,255,3.0,400,63,10
550,0.21016524150956464,0.21733218563753198,0.18016080187918193,0.030004439630382712,0.0,0.05,255,3.0,400,15,10
559,0.21016524150956464,0.21733218563753198,0.18016080187918193,0.030004439630382712,0.0,0.05,255,3.0,800,15,10
1203,0.2102291873883163,0.21685583669628838,0.19153793189634769,0.018691255491968622,0.1,0.03,255,3.0,400,31,50
1209,0.2102291873883163,0.21685583669628838,0.19153793189634769,0.018691255491968622,0.1,0.03,255,3.0,800,15,50
1206,0.2102291873883163,0.21685583669628838,0.19153793189634769,0.018691255491968622,0.1,0.03,255,3.0,400,63,50
1200,0.2102291873883163,0.21685583669628838,0.19153793189634769,0.018691255491968622,0.1,0.03,255,3.0,400,15,50
1215,0.2102291873883163,0.21685583669628838,0.19153793189634769,0.018691255491968622,0.1,0.03,255,3.0,800,63,50
1212,0.2102291873883163,0.21685583669628838,0.19153793189634769,0.018691255491968622,0.1,0.03,255,3.0,800,31,50
1192,0.21029635175376102,0.21635535639950587,0.1990655116738868,0.01123084007987421,0.1,0.03,255,3.0,200,31,10
1195,0.21029635175376102,0.21635535639950587,0.1990655116738868,0.01123084007987421,0.1,0.03,255,3.0,200,63,10
1189,0.21029635175376102,0.21635535639950587,0.1990655116738868,0.01123084007987421,0.1,0.03,255,3.0,200,15,10
1949,0.21046168652431788,0.21512267083276082,0.1995548819893245,0.010906804534993375,1.0,0.03,128,3.0,200,31,20
1952,0.21046168652431788,0.21512267083276082,0.1995548819893245,0.010906804534993375,1.0,0.03,128,3.0,200,63,20
1946,0.21046168652431788,0.21512267083276082,0.1995548819893245,0.010906804534993375,1.0,0.03,128,3.0,200,15,20
2165,0.21055420784898593,0.21443243734450312,0.19196058124721094,0.018593626601774993,1.0,0.05,128,3.0,200,31,20
2168,0.21055420784898593,0.21443243734450312,0.19196058124721094,0.018593626601774993,1.0,0.05,128,3.0,200,63,20
2162,0.21055420784898593,0.21443243734450312,0.19196058124721094,0.018593626601774993,1.0,0.05,128,3.0,200,15,20
330,0.21068700830037912,0.21344118072281737,0.1997186904928444,0.010968317807534711,0.0,0.03,255,3.0,200,31,50
333,0.21068700830037912,0.21344118072281737,0.1997186904928444,0.010968317807534711,0.0,0.03,255,3.0,200,63,50
327,0.21068700830037912,0.21344118072281737,0.1997186904928444,0.010968317807534711,0.0,0.03,255,3.0,200,15,50
130,0.21071288541039715,0.2132479545792304,0.19546486820529935,0.015248017205097802,0.0,0.01,255,3.0,800,31,10
127,0.21071288541039715,0.2132479545792304,0.19546486820529935,0.015248017205097802,0.0,0.01,255,3.0,800,15,10
133,0.21071288541039715,0.2132479545792304,0.19546486820529935,0.015248017205097802,0.0,0.01,255,3.0,800,63,10
2384,0.21081428800867405,0.21249054577021265,0.18867684674748325,0.0221374412611908,1.0,0.1,128,3.0,200,63,20
2378,0.21081428800867405,0.21249054577021265,0.18867684674748325,0.0221374412611908,1.0,0.1,128,3.0,200,15,20
2381,0.21081428800867405,0.21249054577021265,0.18867684674748325,0.0221374412611908,1.0,0.1,128,3.0,200,31,20
2402,0.21081428800867405,0.21249054577021265,0.18867684674748325,0.0221374412611908,1.0,0.1,128,3.0,800,63,20
2399,0.21081428800867405,0.21249054577021265,0.18867684674748325,0.0221374412611908,1.0,0.1,128,3.0,800,31,20
2396,0.21081428800867405,0.21249054577021265,0.18867684674748325,0.0221374412611908,1.0,0.1,128,3.0,800,15,20
2390,0.21081428800867405,0.21249054577021265,0.18867684674748325,0.0221374412611908,1.0,0.1,128,3.0,400,31,20
2387,0.21081428800867405,0.21249054577021265,0.18867684674748325,0.0221374412611908,1.0,0.1,128,3.0,400,15,20
2393,0.21081428800867405,0.21249054577021265,0.18867684674748325,0.0221374412611908,1.0,0.1,128,3.0,400,63,20
1956,0.2108545339371911,0.21218983489516563,0.19172374603025905,0.019130787906932067,1.0,0.03,128,3.0,400,15,50
1968,0.2108545339371911,0.21218983489516563,0.19172374603025905,0.019130787906932067,1.0,0.03,128,3.0,800,31,50
1965,0.2108545339371911,0.21218983489516563,0.19172374603025905,0.019130787906932067,1.0,0.03,128,3.0,800,15,50
1959,0.2108545339371911,0.21218983489516563,0.19172374603025905,0.019130787906932067,1.0,0.03,128,3.0,400,31,50
1962,0.2108545339371911,0.21218983489516563,0.19172374603025905,0.019130787906932067,1.0,0.03,128,3.0,400,63,50
1971,0.2108545339371911,0.21218983489516563,0.19172374603025905,0.019130787906932067,1.0,0.03,128,3.0,800,63,50
2489,0.21086908605999571,0.2120810897270171,0.18958580195220331,0.0212832841077924,1.0,0.1,255,3.0,200,31,20
2501,0.21086908605999571,0.2120810897270171,0.18958580195220331,0.0212832841077924,1.0,0.1,255,3.0,400,63,20
2507,0.21086908605999571,0.2120810897270171,0.18958580195220331,0.0212832841077924,1.0,0.1,255,3.0,800,31,20
2495,0.21086908605999571,0.2120810897270171,0.18958580195220331,0.0212832841077924,1.0,0.1,255,3.0,400,15,20
2498,0.21086908605999571,0.2120810897270171,0.18958580195220331,0.0212832841077924,1.0,0.1,255,3.0,400,31,20
2486,0.21086908605999571,0.2120810897270171,0.18958580195220331,0.0212832841077924,1.0,0.1,255,3.0,200,15,20
2492,0.21086908605999571,0.2120810897270171,0.18958580195220331,0.0212832841077924,1.0,0.1,255,3.0,200,63,20
2510,0.21086908605999571,0.2120810897270171,0.18958580195220331,0.0212832841077924,1.0,0.1,255,3.0,800,63,20
2504,0.21086908605999571,0.2120810897270171,0.18958580195220331,0.0212832841077924,1.0,0.1,255,3.0,800,15,20
1083,0.21090738329146916,0.2117948661406508,0.20008977093041203,0.010817612361057133,0.1,0.03,128,3.0,200,15,50
1089,0.21090738329146916,0.2117948661406508,0.20008977093041203,0.010817612361057133,0.1,0.03,128,3.0,200,63,50
1086,0.21090738329146916,0.2117948661406508,0.20008977093041203,0.010817612361057133,0.1,0.03,128,3.0,200,31,50
1857,0.21094794912225465,0.21149163094293932,0.1966051949660156,0.014342754156239035,1.0,0.01,255,3.0,800,15,50
1863,0.21094794912225465,0.21149163094293932,0.1966051949660156,0.014342754156239035,1.0,0.01,255,3.0,800,63,50
1860,0.21094794912225465,0.21149163094293932,0.1966051949660156,0.014342754156239035,1.0,0.01,255,3.0,800,31,50
654,0.21115550189200982,0.20993923275009085,0.18229855625554087,0.028856945636468956,0.0,0.1,128,3.0,200,31,50
657,0.21115550189200982,0.20993923275009085,0.18229855625554087,0.028856945636468956,0.0,0.1,128,3.0,200,63,50
672,0.21115550189200982,0.20993923275009085,0.18229855625554087,0.028856945636468956,0.0,0.1,128,3.0,800,31,50
666,0.21115550189200982,0.20993923275009085,0.18229855625554087,0.028856945636468956,0.0,0.1,128,3.0,400,63,50
663,0.21115550189200982,0.20993923275009085,0.18229855625554087,0.028856945636468956,0.0,0.1,128,3.0,400,31,50
651,0.21115550189200982,0.20993923275009085,0.18229855625554087,0.028856945636468956,0.0,0.1,128,3.0,200,15,50
675,0.21115550189200982,0.20993923275009085,0.18229855625554087,0.028856945636468956,0.0,0.1,128,3.0,800,63,50
669,0.21115550189200982,0.20993923275009085,0.18229855625554087,0.028856945636468956,0.0,0.1,128,3.0,800,15,50
660,0.21115550189200982,0.20993923275009085,0.18229855625554087,0.028856945636468956,0.0,0.1,128,3.0,400,15,50
999,0.2111721806764199,0.20981441692939728,0.1967990583586856,0.0143731223177343,0.1,0.01,255,3.0,800,63,50
996,0.2111721806764199,0.20981441692939728,0.1967990583586856,0.0143731223177343,0.1,0.01,255,3.0,800,31,50
993,0.2111721806764199,0.20981441692939728,0.1967990583586856,0.0143731223177343,0.1,0.01,255,3.0,800,15,50
2398,0.21122072001214462,0.20945111631598679,0.1918205906591435,0.019400129353001117,1.0,0.1,128,3.0,800,31,10
2392,0.21122072001214462,0.20945111631598679,0.1918205906591435,0.019400129353001117,1.0,0.1,128,3.0,400,63,10
2383,0.21122072001214462,0.20945111631598679,0.1918205906591435,0.019400129353001117,1.0,0.1,128,3.0,200,63,10
2401,0.21122072001214462,0.20945111631598679,0.1918205906591435,0.019400129353001117,1.0,0.1,128,3.0,800,63,10
2389,0.21122072001214462,0.20945111631598679,0.1918205906591435,0.019400129353001117,1.0,0.1,128,3.0,400,31,10
2386,0.21122072001214462,0.20945111631598679,0.1918205906591435,0.019400129353001117,1.0,0.1,128,3.0,400,15,10
2395,0.21122072001214462,0.20945111631598679,0.1918205906591435,0.019400129353001117,1.0,0.1,128,3.0,800,15,10
2380,0.21122072001214462,0.20945111631598679,0.1918205906591435,0.019400129353001117,1.0,0.1,128,3.0,200,31,10
2377,0.21122072001214462,0.20945111631598679,0.1918205906591435,0.019400129353001117,1.0,0.1,128,3.0,200,15,10
1945,0.21132339050068022,0.20868238712359977,0.20010380467761713,0.011219585823063094,1.0,0.03,128,3.0,200,15,10
1948,0.21132339050068022,0.20868238712359977,0.20010380467761713,0.011219585823063094,1.0,0.03,128,3.0,200,31,10
1951,0.21132339050068022,0.20868238712359977,0.20010380467761713,0.011219585823063094,1.0,0.03,128,3.0,200,63,10
131,0.2113584371345877,0.20841989542034534,0.19656657271734976,0.014791864417237954,0.0,0.01,255,3.0,800,31,20
134,0.2113584371345877,0.20841989542034534,0.19656657271734976,0.014791864417237954,0.0,0.01,255,3.0,800,63,20
128,0.2113584371345877,0.20841989542034534,0.19656657271734976,0.014791864417237954,0.0,0.01,255,3.0,800,15,20
1406,0.2113591330305549,0.20841468286941256,0.19267248692650946,0.01868664610404544,0.1,0.05,255,3.0,200,15,20
1409,0.2113591330305549,0.20841468286941256,0.19267248692650946,0.01868664610404544,0.1,0.05,255,3.0,200,31,20
1412,0.2113591330305549,0.20841468286941256,0.19267248692650946,0.01868664610404544,0.1,0.05,255,3.0,200,63,20
1424,0.21136595532818156,0.20836358010691458,0.18784018954836634,0.023525765779815216,0.1,0.05,255,3.0,800,15,20
1418,0.21136595532818156,0.20836358010691458,0.18784018954836634,0.023525765779815216,0.1,0.05,255,3.0,400,31,20
1415,0.21136595532818156,0.20836358010691458,0.18784018954836634,0.023525765779815216,0.1,0.05,255,3.0,400,15,20
1421,0.21136595532818156,0.20836358010691458,0.18784018954836634,0.023525765779815216,0.1,0.05,255,3.0,400,63,20
1427,0.21136595532818156,0.20836358010691458,0.18784018954836634,0.023525765779815216,0.1,0.05,255,3.0,800,31,20
1430,0.21136595532818156,0.20836358010691458,0.18784018954836634,0.023525765779815216,0.1,0.05,255,3.0,800,63,20
332,0.21158191634538326,0.20674506073957877,0.20053421855490422,0.011047697790479039,0.0,0.03,255,3.0,200,63,20
326,0.21158191634538326,0.20674506073957877,0.20053421855490422,0.011047697790479039,0.0,0.03,255,3.0,200,15,20
329,0.21158191634538326,0.20674506073957877,0.20053421855490422,0.011047697790479039,0.0,0.03,255,3.0,200,31,20
328,0.2117431227042756,0.2055358226506151,0.20011762184045884,0.011625500863816751,0.0,0.03,255,3.0,200,31,10
325,0.2117431227042756,0.2055358226506151,0.20011762184045884,0.011625500863816751,0.0,0.03,255,3.0,200,15,10
331,0.2117431227042756,0.2055358226506151,0.20011762184045884,0.011625500863816751,0.0,0.03,255,3.0,200,63,10
1088,0.21176337548112484,0.20538383778343094,0.20054543715655662,0.011217938324568216,0.1,0.03,128,3.0,200,63,20
1085,0.21176337548112484,0.20538383778343094,0.20054543715655662,0.011217938324568216,0.1,0.03,128,3.0,200,31,20
1082,0.21176337548112484,0.20538383778343094,0.20054543715655662,0.011217938324568216,0.1,0.03,128,3.0,200,15,20
992,0.21191942067883673,0.20421232527566968,0.19705412763810107,0.014865293040735666,0.1,0.01,255,3.0,800,15,20
995,0.21191942067883673,0.20421232527566968,0.19705412763810107,0.014865293040735666,0.1,0.01,255,3.0,800,31,20
998,0.21191942067883673,0.20421232527566968,0.19705412763810107,0.014865293040735666,0.1,0.01,255,3.0,800,63,20
1211,0.21197523135080001,0.20379311600224026,0.1904992376327297,0.021475993718070324,0.1,0.03,255,3.0,800,31,20
1214,0.21197523135080001,0.20379311600224026,0.1904992376327297,0.021475993718070324,0.1,0.03,255,3.0,800,63,20
1199,0.21197523135080001,0.20379311600224026,0.1904992376327297,0.021475993718070324,0.1,0.03,255,3.0,400,15,20
1208,0.21197523135080001,0.20379311600224026,0.1904992376327297,0.021475993718070324,0.1,0.03,255,3.0,800,15,20
1205,0.21197523135080001,0.20379311600224026,0.1904992376327297,0.021475993718070324,0.1,0.03,255,3.0,400,63,20
1202,0.21197523135080001,0.20379311600224026,0.1904992376327297,0.021475993718070324,0.1,0.03,255,3.0,400,31,20
1856,0.21197820928014643,0.20377074485552316,0.19731670067019136,0.014661508609955076,1.0,0.01,255,3.0,800,15,20
1862,0.21197820928014643,0.20377074485552316,0.19731670067019136,0.014661508609955076,1.0,0.01,255,3.0,800,63,20
1859,0.21197820928014643,0.20377074485552316,0.19731670067019136,0.014661508609955076,1.0,0.01,255,3.0,800,31,20
450,0.21212326941537027,0.20268062673950382,0.19517569975224594,0.01694756966312433,0.0,0.05,128,3.0,400,63,50
435,0.21212326941537027,0.20268062673950382,0.19517569975224594,0.01694756966312433,0.0,0.05,128,3.0,200,15,50
438,0.21212326941537027,0.20268062673950382,0.19517569975224594,0.01694756966312433,0.0,0.05,128,3.0,200,31,50
441,0.21212326941537027,0.20268062673950382,0.19517569975224594,0.01694756966312433,0.0,0.05,128,3.0,200,63,50
459,0.21212326941537027,0.20268062673950382,0.19517569975224594,0.01694756966312433,0.0,0.05,128,3.0,800,63,50
444,0.21212326941537027,0.20268062673950382,0.19517569975224594,0.01694756966312433,0.0,0.05,128,3.0,400,15,50
453,0.21212326941537027,0.20268062673950382,0.19517569975224594,0.01694756966312433,0.0,0.05,128,3.0,800,15,50
447,0.21212326941537027,0.20268062673950382,0.19517569975224594,0.01694756966312433,0.0,0.05,128,3.0,400,31,50
456,0.21212326941537027,0.20268062673950382,0.19517569975224594,0.01694756966312433,0.0,0.05,128,3.0,800,31,50
1413,0.21216162424976298,0.2023922678306167,0.19714726353976061,0.015014360710002367,0.1,0.05,255,3.0,200,63,50
1407,0.21216162424976298,0.2023922678306167,0.19714726353976061,0.015014360710002367,0.1,0.05,255,3.0,200,15,50
1422,0.21216162424976298,0.2023922678306167,0.19714726353976061,0.015014360710002367,0.1,0.05,255,3.0,400,63,50
1410,0.21216162424976298,0.2023922678306167,0.19714726353976061,0.015014360710002367,0.1,0.05,255,3.0,200,31,50
1419,0.21216162424976298,0.2023922678306167,0.19714726353976061,0.015014360710002367,0.1,0.05,255,3.0,400,31,50
1425,0.21216162424976298,0.2023922678306167,0.19714726353976061,0.015014360710002367,0.1,0.05,255,3.0,800,15,50
1428,0.21216162424976298,0.2023922678306167,0.19714726353976061,0.015014360710002367,0.1,0.05,255,3.0,800,31,50
1416,0.21216162424976298,0.2023922678306167,0.19714726353976061,0.015014360710002367,0.1,0.05,255,3.0,400,15,50
1431,0.21216162424976298,0.2023922678306167,0.19714726353976061,0.015014360710002367,0.1,0.05,255,3.0,800,63,50
1069,0.21218961644847506,0.20218178427036515,0.13067931802718374,0.08151029842129132,0.1,0.01,255,,400,63,10
544,0.21221952320414636,0.20195687377460514,0.19263276141382135,0.019586761790325008,0.0,0.05,255,3.0,200,31,10
547,0.21221952320414636,0.20195687377460514,0.19263276141382135,0.019586761790325008,0.0,0.05,255,3.0,200,63,10
541,0.21221952320414636,0.20195687377460514,0.19263276141382135,0.019586761790325008,0.0,0.05,255,3.0,200,15,10
217,0.21230017369079046,0.20135019258448184,0.20069428821210103,0.011605885478689432,0.0,0.03,128,3.0,200,15,10
223,0.21230017369079046,0.20135019258448184,0.20069428821210103,0.011605885478689432,0.0,0.03,128,3.0,200,63,10
220,0.21230017369079046,0.20135019258448184,0.20069428821210103,0.011605885478689432,0.0,0.03,128,3.0,200,31,10
1197,0.21303480313927783,0.1958134399156497,0.20185893286602755,0.011175870273250288,0.1,0.03,255,3.0,200,63,50
1194,0.21303480313927783,0.1958134399156497,0.20185893286602755,0.011175870273250288,0.1,0.03,255,3.0,200,31,50
1191,0.21303480313927783,0.1958134399156497,0.20185893286602755,0.011175870273250288,0.1,0.03,255,3.0,200,15,50
2053,0.21307120231369753,0.19553860944549162,0.2014472578719687,0.011623944441728817,1.0,0.03,255,3.0,200,15,10
2056,0.21307120231369753,0.19553860944549162,0.2014472578719687,0.011623944441728817,1.0,0.03,255,3.0,200,31,10
2059,0.21307120231369753,0.19553860944549162,0.2014472578719687,0.011623944441728817,1.0,0.03,255,3.0,200,63,10
2270,0.21319672733714584,0.19459047775413862,0.19409713657804342,0.01909959075910242,1.0,0.05,255,3.0,200,15,20
2273,0.21319672733714584,0.19459047775413862,0.19409713657804342,0.01909959075910242,1.0,0.05,255,3.0,200,31,20
2276,0.21319672733714584,0.19459047775413862,0.19409713657804342,0.01909959075910242,1.0,0.05,255,3.0,200,63,20
2291,0.2132116072636195,0.19447804776663558,0.19088146347537036,0.022330143788249157,1.0,0.05,255,3.0,800,31,20
2282,0.2132116072636195,0.19447804776663558,0.19088146347537036,0.022330143788249157,1.0,0.05,255,3.0,400,31,20
2288,0.2132116072636195,0.19447804776663558,0.19088146347537036,0.022330143788249157,1.0,0.05,255,3.0,800,15,20
2279,0.2132116072636195,0.19447804776663558,0.19088146347537036,0.022330143788249157,1.0,0.05,255,3.0,400,15,20
2294,0.2132116072636195,0.19447804776663558,0.19088146347537036,0.022330143788249157,1.0,0.05,255,3.0,800,63,20
2285,0.2132116072636195,0.19447804776663558,0.19088146347537036,0.022330143788249157,1.0,0.05,255,3.0,400,63,20
2054,0.21323937188916606,0.19426824238260887,0.2018889603192502,0.01135041156991587,1.0,0.03,255,3.0,200,15,20
2057,0.21323937188916606,0.19426824238260887,0.2018889603192502,0.01135041156991587,1.0,0.03,255,3.0,200,31,20
2060,0.21323937188916606,0.19426824238260887,0.2018889603192502,0.01135041156991587,1.0,0.03,255,3.0,200,63,20
1190,0.21327691871430796,0.19398447365298133,0.20195348442818983,0.011323434286118123,0.1,0.03,255,3.0,200,15,20
1196,0.21327691871430796,0.19398447365298133,0.20195348442818983,0.011323434286118123,0.1,0.03,255,3.0,200,63,20
1193,0.21327691871430796,0.19398447365298133,0.20195348442818983,0.011323434286118123,0.1,0.03,255,3.0,200,31,20
1523,0.21327920435488898,0.19396719778760774,0.19682344694367954,0.016455757411209443,0.1,0.1,128,3.0,400,15,20
1538,0.21327920435488898,0.19396719778760774,0.19682344694367954,0.016455757411209443,0.1,0.1,128,3.0,800,63,20
1529,0.21327920435488898,0.19396719778760774,0.19682344694367954,0.016455757411209443,0.1,0.1,128,3.0,400,63,20
1517,0.21327920435488898,0.19396719778760774,0.19682344694367954,0.016455757411209443,0.1,0.1,128,3.0,200,31,20
1520,0.21327920435488898,0.19396719778760774,0.19682344694367954,0.016455757411209443,0.1,0.1,128,3.0,200,63,20
1514,0.21327920435488898,0.19396719778760774,0.19682344694367954,0.016455757411209443,0.1,0.1,128,3.0,200,15,20
1535,0.21327920435488898,0.19396719778760774,0.19682344694367954,0.016455757411209443,0.1,0.1,128,3.0,800,31,20
1526,0.21327920435488898,0.19396719778760774,0.19682344694367954,0.016455757411209443,0.1,0.1,128,3.0,400,31,20
1532,0.21327920435488898,0.19396719778760774,0.19682344694367954,0.016455757411209443,0.1,0.1,128,3.0,800,15,20
222,0.21350655011496034,0.19224789460815572,0.20250084973841467,0.011005700376545663,0.0,0.03,128,3.0,200,31,50
219,0.21350655011496034,0.19224789460815572,0.20250084973841467,0.011005700376545663,0.0,0.03,128,3.0,200,15,50
225,0.21350655011496034,0.19224789460815572,0.20250084973841467,0.011005700376545663,0.0,0.03,128,3.0,200,63,50
1530,0.21417179862636743,0.18720642830947787,0.1885585553631072,0.025613243263260227,0.1,0.1,128,3.0,400,63,50
1536,0.21417179862636743,0.18720642830947787,0.1885585553631072,0.025613243263260227,0.1,0.1,128,3.0,800,31,50
1533,0.21417179862636743,0.18720642830947787,0.1885585553631072,0.025613243263260227,0.1,0.1,128,3.0,800,15,50
1518,0.21417179862636743,0.18720642830947787,0.1885585553631072,0.025613243263260227,0.1,0.1,128,3.0,200,31,50
1515,0.21417179862636743,0.18720642830947787,0.1885585553631072,0.025613243263260227,0.1,0.1,128,3.0,200,15,50
1521,0.21417179862636743,0.18720642830947787,0.1885585553631072,0.025613243263260227,0.1,0.1,128,3.0,200,63,50
1539,0.21417179862636743,0.18720642830947787,0.1885585553631072,0.025613243263260227,0.1,0.1,128,3.0,800,63,50
1527,0.21417179862636743,0.18720642830947787,0.1885585553631072,0.025613243263260227,0.1,0.1,128,3.0,400,31,50
1524,0.21417179862636743,0.18720642830947787,0.1885585553631072,0.025613243263260227,0.1,0.1,128,3.0,400,15,50
768,0.21422040147064228,0.1868374856003674,0.19461057672726367,0.019609824743378607,0.0,0.1,255,3.0,400,15,50
759,0.21422040147064228,0.1868374856003674,0.19461057672726367,0.019609824743378607,0.0,0.1,255,3.0,200,15,50
780,0.21422040147064228,0.1868374856003674,0.19461057672726367,0.019609824743378607,0.0,0.1,255,3.0,800,31,50
765,0.21422040147064228,0.1868374856003674,0.19461057672726367,0.019609824743378607,0.0,0.1,255,3.0,200,63,50
777,0.21422040147064228,0.1868374856003674,0.19461057672726367,0.019609824743378607,0.0,0.1,255,3.0,800,15,50
774,0.21422040147064228,0.1868374856003674,0.19461057672726367,0.019609824743378607,0.0,0.1,255,3.0,400,63,50
762,0.21422040147064228,0.1868374856003674,0.19461057672726367,0.019609824743378607,0.0,0.1,255,3.0,200,31,50
771,0.21422040147064228,0.1868374856003674,0.19461057672726367,0.019609824743378607,0.0,0.1,255,3.0,400,31,50
783,0.21422040147064228,0.1868374856003674,0.19461057672726367,0.019609824743378607,0.0,0.1,255,3.0,800,63,50
1087,0.21512032819517019,0.17999104363255947,0.2034003883405894,0.01171993985458078,0.1,0.03,128,3.0,200,63,10
1081,0.21512032819517019,0.17999104363255947,0.2034003883405894,0.01171993985458078,0.1,0.03,128,3.0,200,15,10
1084,0.21512032819517019,0.17999104363255947,0.2034003883405894,0.01171993985458078,0.1,0.03,128,3.0,200,31,10
1947,0.21518094750938077,0.1795288336245584,0.2038484692396541,0.011332478269726665,1.0,0.03,128,3.0,200,15,50
1950,0.21518094750938077,0.1795288336245584,0.2038484692396541,0.011332478269726665,1.0,0.03,128,3.0,200,31,50
1953,0.21518094750938077,0.1795288336245584,0.2038484692396541,0.011332478269726665,1.0,0.03,128,3.0,200,63,50
10,0.21545259423059276,0.17745598296795428,0.2079335862634728,0.007519007967119962,0.0,0.01,128,3.0,400,15,10
16,0.21545259423059276,0.17745598296795428,0.2079335862634728,0.007519007967119962,0.0,0.01,128,3.0,400,63,10
13,0.21545259423059276,0.17745598296795428,0.2079335862634728,0.007519007967119962,0.0,0.01,128,3.0,400,31,10
17,0.21607498966547875,0.17269681916747104,0.2085895107542086,0.00748547891127016,0.0,0.01,128,3.0,400,63,20
11,0.21607498966547875,0.17269681916747104,0.2085895107542086,0.00748547891127016,0.0,0.01,128,3.0,400,15,20
14,0.21607498966547875,0.17269681916747104,0.2085895107542086,0.00748547891127016,0.0,0.01,128,3.0,400,31,20
879,0.21623855550978005,0.1714438304654562,0.208830840140962,0.007407715368818041,0.1,0.01,128,3.0,400,31,50
882,0.21623855550978005,0.1714438304654562,0.208830840140962,0.007407715368818041,0.1,0.01,128,3.0,400,63,50
876,0.21623855550978005,0.1714438304654562,0.208830840140962,0.007407715368818041,0.1,0.01,128,3.0,400,15,50
15,0.21665202230471248,0.16827225928335576,0.2091893075055166,0.007462714799195885,0.0,0.01,128,3.0,400,31,50
18,0.21665202230471248,0.16827225928335576,0.2091893075055166,0.007462714799195885,0.0,0.01,128,3.0,400,63,50
12,0.21665202230471248,0.16827225928335576,0.2091893075055166,0.007462714799195885,0.0,0.01,128,3.0,400,15,50
1741,0.2166766227994931,0.1680833658183517,0.2091041447073831,0.007572478092110008,1.0,0.01,128,3.0,400,31,10
1744,0.2166766227994931,0.1680833658183517,0.2091041447073831,0.007572478092110008,1.0,0.01,128,3.0,400,63,10
1738,0.2166766227994931,0.1680833658183517,0.2091041447073831,0.007572478092110008,1.0,0.01,128,3.0,400,15,10
1746,0.2166916753278262,0.16796777528059692,0.20929629950500594,0.007395375822820266,1.0,0.01,128,3.0,400,63,50
1743,0.2166916753278262,0.16796777528059692,0.20929629950500594,0.007395375822820266,1.0,0.01,128,3.0,400,31,50
1740,0.2166916753278262,0.16796777528059692,0.20929629950500594,0.007395375822820266,1.0,0.01,128,3.0,400,15,50
1739,0.21688440211686352,0.16648708887143548,0.20931709522483383,0.007567306892029696,1.0,0.01,128,3.0,400,15,20
1742,0.21688440211686352,0.16648708887143548,0.20931709522483383,0.007567306892029696,1.0,0.01,128,3.0,400,31,20
1745,0.21688440211686352,0.16648708887143548,0.20931709522483383,0.007567306892029696,1.0,0.01,128,3.0,400,63,20
878,0.2169853130578729,0.1657112826016678,0.20931994331033246,0.007665369747540424,0.1,0.01,128,3.0,400,31,20
881,0.2169853130578729,0.1657112826016678,0.20931994331033246,0.007665369747540424,0.1,0.01,128,3.0,400,63,20
875,0.2169853130578729,0.1657112826016678,0.20931994331033246,0.007665369747540424,0.1,0.01,128,3.0,400,15,20
874,0.21714113624325762,0.16451260051118388,0.20939174494432153,0.0077493912989360925,0.1,0.01,128,3.0,400,15,10
880,0.21714113624325762,0.16451260051118388,0.20939174494432153,0.0077493912989360925,0.1,0.01,128,3.0,400,63,10
877,0.21714113624325762,0.16451260051118388,0.20939174494432153,0.0077493912989360925,0.1,0.01,128,3.0,400,31,10
1853,0.21718771580095778,0.16415411654758283,0.20927831944222222,0.007909396358735554,1.0,0.01,255,3.0,400,63,20
1850,0.21718771580095778,0.16415411654758283,0.20927831944222222,0.007909396358735554,1.0,0.01,255,3.0,400,31,20
1847,0.21718771580095778,0.16415411654758283,0.20927831944222222,0.007909396358735554,1.0,0.01,255,3.0,400,15,20
987,0.21726295240882174,0.16357492079490976,0.2095322919994881,0.007730660409333623,0.1,0.01,255,3.0,400,31,50
990,0.21726295240882174,0.16357492079490976,0.2095322919994881,0.007730660409333623,0.1,0.01,255,3.0,400,63,50
984,0.21726295240882174,0.16357492079490976,0.2095322919994881,0.007730660409333623,0.1,0.01,255,3.0,400,15,50
982,0.21762415113052563,0.16079150283012067,0.20970329863378276,0.007920852496742875,0.1,0.01,255,3.0,400,15,10
985,0.21762415113052563,0.16079150283012067,0.20970329863378276,0.007920852496742875,0.1,0.01,255,3.0,400,31,10
988,0.21762415113052563,0.16079150283012067,0.20970329863378276,0.007920852496742875,0.1,0.01,255,3.0,400,63,10
1849,0.21766521425785548,0.1604747753314013,0.20976672783435626,0.007898486423499218,1.0,0.01,255,3.0,400,31,10
1852,0.21766521425785548,0.1604747753314013,0.20976672783435626,0.007898486423499218,1.0,0.01,255,3.0,400,63,10
1846,0.21766521425785548,0.1604747753314013,0.20976672783435626,0.007898486423499218,1.0,0.01,255,3.0,400,15,10
1531,0.21778196736905905,0.15957391048819403,0.19944770541478443,0.018334261954274622,0.1,0.1,128,3.0,800,15,10
1528,0.21778196736905905,0.15957391048819403,0.19944770541478443,0.018334261954274622,0.1,0.1,128,3.0,400,63,10
1534,0.21778196736905905,0.15957391048819403,0.19944770541478443,0.018334261954274622,0.1,0.1,128,3.0,800,31,10
1513,0.21778196736905905,0.15957391048819403,0.19944770541478443,0.018334261954274622,0.1,0.1,128,3.0,200,15,10
1522,0.21778196736905905,0.15957391048819403,0.19944770541478443,0.018334261954274622,0.1,0.1,128,3.0,400,15,10
1525,0.21778196736905905,0.15957391048819403,0.19944770541478443,0.018334261954274622,0.1,0.1,128,3.0,400,31,10
1537,0.21778196736905905,0.15957391048819403,0.19944770541478443,0.018334261954274622,0.1,0.1,128,3.0,800,63,10
1519,0.21778196736905905,0.15957391048819403,0.19944770541478443,0.018334261954274622,0.1,0.1,128,3.0,200,63,10
1516,0.21778196736905905,0.15957391048819403,0.19944770541478443,0.018334261954274622,0.1,0.1,128,3.0,200,31,10
1851,0.21791104215863133,0.15857740955447097,0.21017383671155032,0.007737205447081008,1.0,0.01,255,3.0,400,31,50
1854,0.21791104215863133,0.15857740955447097,0.21017383671155032,0.007737205447081008,1.0,0.01,255,3.0,400,63,50
1848,0.21791104215863133,0.15857740955447097,0.21017383671155032,0.007737205447081008,1.0,0.01,255,3.0,400,15,50
121,0.21809858895401252,0.15712843278532784,0.21017124813924354,0.00792734081476898,0.0,0.01,255,3.0,400,31,10
118,0.21809858895401252,0.15712843278532784,0.21017124813924354,0.00792734081476898,0.0,0.01,255,3.0,400,15,10
124,0.21809858895401252,0.15712843278532784,0.21017124813924354,0.00792734081476898,0.0,0.01,255,3.0,400,63,10
834,0.21816569584360507,0.15660966564110457,0.15976356168038702,0.058402134163218045,0.0,0.1,255,7.0,800,31,50
825,0.21816569584360507,0.15660966564110457,0.15976356168038702,0.058402134163218045,0.0,0.1,255,7.0,400,31,50
816,0.21816569584360507,0.15660966564110457,0.15976356168038702,0.058402134163218045,0.0,0.1,255,7.0,200,31,50
123,0.21832323133949613,0.1553912166639576,0.21050580829349286,0.007817423046003275,0.0,0.01,255,3.0,400,31,50
126,0.21832323133949613,0.1553912166639576,0.21050580829349286,0.007817423046003275,0.0,0.01,255,3.0,400,63,50
120,0.21832323133949613,0.1553912166639576,0.21050580829349286,0.007817423046003275,0.0,0.01,255,3.0,400,15,50
119,0.21834474483359642,0.15522475356039778,0.21030433500109688,0.00804040983249954,0.0,0.01,255,3.0,400,15,20
122,0.21834474483359642,0.15522475356039778,0.21030433500109688,0.00804040983249954,0.0,0.01,255,3.0,400,31,20
125,0.21834474483359642,0.15522475356039778,0.21030433500109688,0.00804040983249954,0.0,0.01,255,3.0,400,63,20
986,0.21845608054706805,0.15436301874549574,0.2104237425229336,0.008032338024134444,0.1,0.01,255,3.0,400,31,20
983,0.21845608054706805,0.15436301874549574,0.2104237425229336,0.008032338024134444,0.1,0.01,255,3.0,400,15,20
989,0.21845608054706805,0.15436301874549574,0.2104237425229336,0.008032338024134444,0.1,0.01,255,3.0,400,63,20
62,0.21849390691947893,0.15407014386963058,0.17665479282067773,0.0418391140988012,0.0,0.01,128,7.0,200,63,20
926,0.21950211580995505,0.14624528736644304,0.1773972644434372,0.04210485136651784,0.1,0.01,128,7.0,200,63,20
1789,0.21951109913086425,0.14617540458217293,0.1759476396013062,0.04356345952955806,1.0,0.01,128,7.0,200,63,10
1790,0.21995325261442733,0.14273228270935023,0.17800709923726327,0.041946153377164064,1.0,0.01,128,7.0,200,63,20
925,0.22005480043665693,0.1419405347887891,0.1763274934926856,0.04372730694397134,0.1,0.01,128,7.0,200,63,10
60,0.22008257330400727,0.14172393169277764,0.19662661604982726,0.02345595725418001,0.0,0.01,128,7.0,200,31,50
63,0.22009568102019658,0.14162169393753488,0.1837193821342133,0.03637629888598329,0.0,0.01,128,7.0,200,63,50
198,0.2203247660743835,0.13983388986627576,0.1765840156961608,0.0437407503782227,0.0,0.01,255,,200,63,50
1791,0.22036754004787495,0.13949987118532048,0.18427552152694487,0.03609201852093008,1.0,0.01,128,7.0,200,63,50
927,0.22074650280136063,0.13653774808309016,0.18437257141808525,0.03637393138327538,0.1,0.01,128,7.0,200,63,50
61,0.22077027323463494,0.13635177932106124,0.17666130771853344,0.044108965516101495,0.0,0.01,128,7.0,200,63,10
58,0.2208062942626827,0.13606992946647756,0.19653646476016207,0.02426982950252063,0.0,0.01,128,7.0,200,31,10
924,0.2210719976416067,0.1339894883121564,0.1973746771586364,0.023697320482970297,0.1,0.01,128,7.0,200,31,50
1788,0.22110208167707757,0.1337537744821381,0.19769524263135968,0.023406839045717887,1.0,0.01,128,7.0,200,31,50
59,0.22129100526553402,0.1322727910153496,0.19686297736855468,0.024428027896979343,0.0,0.01,128,7.0,200,31,20
922,0.22140030660384372,0.13141539359874332,0.1970538524813706,0.024346454122473105,0.1,0.01,128,7.0,200,31,10
1786,0.2217254249218092,0.1288625506298704,0.19773278996323404,0.02399263495857515,1.0,0.01,128,7.0,200,31,10
1062,0.2217377933225397,0.12876535945221956,0.17759315798936623,0.044144635333173476,0.1,0.01,255,,200,63,50
1787,0.22178886048964294,0.12836401507516615,0.19742364573456003,0.02436521475508291,1.0,0.01,128,7.0,200,31,20
1926,0.22180428751137535,0.12824275366544668,0.17805581315214636,0.04374847435922899,1.0,0.01,255,,200,63,50
951,0.2219424099007896,0.12715669093937532,0.19725213259888483,0.02469027730190476,0.1,0.01,128,,200,31,50
87,0.22199667261197756,0.12672983575396746,0.19725471694597307,0.024741955666004484,0.0,0.01,128,,200,31,50
923,0.22205771073559671,0.1262495573837905,0.1977128897780732,0.024344820957523522,0.1,0.01,128,7.0,200,31,20
197,0.22222319435769655,0.12494678555613115,0.1749272873181461,0.047295907039550444,0.0,0.01,255,,200,63,20
1061,0.22238148154694867,0.12369975962213786,0.17515520182703165,0.047226279719917025,0.1,0.01,255,,200,63,20
1815,0.2223933735646862,0.12360603548140192,0.1979031566793392,0.024490216885347,1.0,0.01,128,,200,31,50
953,0.22251364426711845,0.12265786856888639,0.17544318616115606,0.04707045810596239,0.1,0.01,128,,200,63,20
195,0.2226776017064279,0.12136446684581081,0.1987395777123189,0.023938023994108992,0.0,0.01,255,,200,31,50
88,0.22268059876949933,0.12134081521842921,0.17514403851554367,0.04753656025395567,0.0,0.01,128,,200,63,10
898,0.2226904503124656,0.12126306852440738,0.20328865947797725,0.01940179083448834,0.1,0.01,128,5.0,200,63,10
90,0.2228035285724604,0.12037042789952235,0.17861453387973736,0.044188994692723055,0.0,0.01,128,,200,63,50
895,0.22295926114747022,0.11914033200324214,0.20356973228193753,0.01938952886553269,0.1,0.01,128,5.0,200,31,10
1763,0.22296896636728622,0.11906364424670046,0.2041409042176802,0.01882806214960603,1.0,0.01,128,5.0,200,63,20
952,0.22299489624220406,0.11885873772441324,0.1750789687782209,0.047915927463983154,0.1,0.01,128,,200,63,10
32,0.22300044252155368,0.11881490608122958,0.2041042121401169,0.018896230381436785,0.0,0.01,128,5.0,200,31,20
1923,0.22302200044664697,0.11864452578735896,0.19903854433962487,0.0239834561070221,1.0,0.01,255,,200,31,50
1925,0.22302498164861218,0.11862096294398217,0.17611247039165584,0.046912511256956335,1.0,0.01,255,,200,63,20
1059,0.22319278765603703,0.11729414890681189,0.19887595650386897,0.024316831152168067,0.1,0.01,255,,200,31,50
1818,0.22319573803119963,0.11727081185672672,0.1795292700393353,0.04366646799186433,1.0,0.01,128,,200,63,50
899,0.22320205902518891,0.11722081265018525,0.2043126890047376,0.018889370020451324,0.1,0.01,128,5.0,200,63,20
1764,0.22321355220461556,0.11712989771098337,0.20618358998585135,0.01702996221876421,1.0,0.01,128,5.0,200,63,50
1761,0.22321355220461556,0.11712989771098337,0.20618358998585135,0.01702996221876421,1.0,0.01,128,5.0,200,31,50
894,0.2232441039689058,0.11688820015325929,0.21324053340648647,0.010003570562419323,0.1,0.01,128,5.0,200,15,50
1759,0.2232469408315063,0.11686575581801983,0.2037648281189564,0.019482112712549904,1.0,0.01,128,5.0,200,31,10
1816,0.22329081417412258,0.11651860787155388,0.17579566163405613,0.04749515254006645,1.0,0.01,128,,200,63,10
196,0.22333147956800306,0.1161967819117461,0.17482911597523945,0.04850236359276361,0.0,0.01,255,,200,63,10
1060,0.22335194669669883,0.11603478286783886,0.17452224085816256,0.04882970583853627,0.1,0.01,255,,200,63,10
1785,0.22335361668067624,0.11602156414922216,0.21240271026418275,0.010950906416493489,1.0,0.01,128,7.0,200,15,50
1817,0.22336590005878657,0.11592433232368993,0.17656092573771687,0.0468049743210697,1.0,0.01,128,,200,63,20
893,0.22337224700132174,0.115874089585843,0.21315400120472885,0.01021824579659289,0.1,0.01,128,5.0,200,15,20
1784,0.22341616416523827,0.1155263998431516,0.21240011184550284,0.011016052319735431,1.0,0.01,128,7.0,200,15,20
85,0.22344570997928526,0.11529244881663148,0.19754895768314798,0.025896752296137276,0.0,0.01,128,,200,31,10
34,0.22348425864516935,0.11498716448048518,0.2040850539936866,0.01939920465148276,0.0,0.01,128,5.0,200,63,10
139,0.2235197553788746,0.11470600320302193,0.20341250899803046,0.020107246380844157,0.0,0.01,255,5.0,200,31,10
921,0.22358736420635256,0.11417036606369191,0.21262821308025048,0.010959151126102074,0.1,0.01,128,7.0,200,15,50
1922,0.22359058687347802,0.11414483014288113,0.19864607051232683,0.024944516361151192,1.0,0.01,255,,200,31,20
896,0.2235924172230311,0.1141303265694209,0.20488972618753226,0.018702691035498847,0.1,0.01,128,5.0,200,31,20
30,0.2236010329999328,0.11406205410636228,0.2135972183172205,0.010003814682712303,0.0,0.01,128,5.0,200,15,50
1762,0.22360632236636477,0.11402013922078169,0.20402694222617654,0.01957938014018823,1.0,0.01,128,5.0,200,63,10
1813,0.22363569839133077,0.11378733474692426,0.19801951717198382,0.025616181219346945,1.0,0.01,128,,200,31,10
1031,0.2236982016447236,0.11329189581897803,0.19912601209237787,0.02457218955234572,0.1,0.01,255,7.0,200,31,20
89,0.22370536519172995,0.11323510433076756,0.17595372660082953,0.047751638590900425,0.0,0.01,128,,200,63,20
919,0.22371152365350538,0.11318627954840754,0.21244797168356735,0.01126355196993803,0.1,0.01,128,7.0,200,15,10
1758,0.22372522849697682,0.11307762161874702,0.21364647826564315,0.010078750231333672,1.0,0.01,128,5.0,200,15,50
1058,0.22375260827281349,0.11286052297497873,0.19811999262792826,0.025632615644885226,0.1,0.01,255,,200,31,20
1895,0.22375544867369707,0.11283799945878192,0.19922217831058295,0.024533270363114118,1.0,0.01,255,7.0,200,31,20
82,0.22379403999150357,0.11253195369914226,0.2122112898067929,0.011582750184710666,0.0,0.01,128,,200,15,10
1756,0.22380361801915158,0.11245598764229947,0.21357815913063727,0.01022545888851431,1.0,0.01,128,5.0,200,15,10
57,0.22382112545374255,0.11231712280491657,0.2127526017342227,0.011068523719519857,0.0,0.01,128,7.0,200,15,50
1811,0.22382809454494232,0.11226184259643046,0.21262148969775002,0.011206604847192297,1.0,0.01,128,,200,15,20
29,0.22383584188936273,0.11220038710933722,0.2134765474997412,0.01035929438962152,0.0,0.01,128,5.0,200,15,20
954,0.22384947455396959,0.11209224140018004,0.1797110911196156,0.04413838343435397,0.1,0.01,128,,200,63,50
1896,0.22390340882086077,0.1116643250669751,0.2008812085598383,0.023022200261022474,1.0,0.01,255,7.0,200,31,50
1814,0.22390344689948616,0.11166402291343103,0.19829145466288325,0.025611992236602904,1.0,0.01,128,,200,31,20
1812,0.22390733273626268,0.11163318856396898,0.2128253527803893,0.011081979955873372,1.0,0.01,128,,200,15,50
55,0.2239091507330167,0.11161876246620384,0.21235448672929644,0.011554664003720266,0.0,0.01,128,7.0,200,15,10
892,0.22392388444372863,0.11150184377163286,0.21361549445365471,0.010308389990073913,0.1,0.01,128,5.0,200,15,10
170,0.2239624099544082,0.11119608996722152,0.18093074319897315,0.043031666755435044,0.0,0.01,255,7.0,200,63,20
920,0.22396982312879332,0.11113725002683605,0.21286526752322754,0.01110455560556578,0.1,0.01,128,7.0,200,15,20
84,0.22397684021811817,0.11108155210347526,0.21276765627104752,0.011209183947070656,0.0,0.01,128,,200,15,50
56,0.22401379262372306,0.11078821476858958,0.21290960979505275,0.011104182828670317,0.0,0.01,128,7.0,200,15,20
86,0.2240171436379116,0.11076161119600492,0.19810998302897861,0.025907160608932972,0.0,0.01,128,,200,31,20
168,0.22402724771605717,0.11068139289973511,0.20081051102895353,0.02321673668710364,0.0,0.01,255,7.0,200,31,50
167,0.2240466698957449,0.11052718617097257,0.19909590296664734,0.024950766929097562,0.0,0.01,255,7.0,200,31,20
33,0.2240734919300613,0.11031420466661956,0.20683642608935424,0.017237065840707055,0.0,0.01,128,5.0,200,31,50
36,0.2240734919300613,0.11031420466661956,0.20683642608935424,0.017237065840707055,0.0,0.01,128,5.0,200,63,50
948,0.22408574952122415,0.11021686425450528,0.21287156688951367,0.011214182631710479,0.1,0.01,128,,200,15,50
1810,0.22411055407455183,0.11001986917727313,0.21279862737533634,0.011311926699215491,1.0,0.01,128,,200,15,10
83,0.2241109474023252,0.11001674523505767,0.21298859279949633,0.011122354602828871,0.0,0.01,128,,200,15,20
31,0.22412332257013431,0.1099184546666151,0.2045356236456781,0.01958769892445622,0.0,0.01,128,5.0,200,31,10
28,0.2241259312784766,0.10989773413972503,0.21384332971175254,0.010282601566724059,0.0,0.01,128,5.0,200,15,10
1760,0.22415952986404405,0.10963084472999596,0.2053166578169007,0.018842872047143355,1.0,0.01,128,5.0,200,31,20
1004,0.22416267922019587,0.1096058258581557,0.2046855309783968,0.019477148241799053,0.1,0.01,255,5.0,200,31,20
1783,0.2241635718149695,0.1095987349117824,0.2128461420428682,0.01131742977210129,1.0,0.01,128,7.0,200,15,10
1757,0.2241693063251629,0.1095531781747967,0.2138613394856817,0.010307966839481209,1.0,0.01,128,5.0,200,15,20
35,0.22418301614223823,0.10944425838957894,0.20517489550860374,0.019008120633634495,0.0,0.01,128,5.0,200,63,20
897,0.22418871137022914,0.10939900980207395,0.20703207313790511,0.017156638232324023,0.1,0.01,128,5.0,200,31,50
900,0.22418871137022914,0.10939900980207395,0.20703207313790511,0.017156638232324023,0.1,0.01,128,5.0,200,63,50
194,0.2241970952212318,0.10933239801263794,0.1985940784705193,0.0256030167507125,0.0,0.01,255,,200,31,20
137,0.22419721421728941,0.10933145254132126,0.2135511250313949,0.01064608918589452,0.0,0.01,255,5.0,200,15,20
949,0.22419946729087592,0.10931355087497807,0.19799311766529265,0.02620634962558327,0.1,0.01,128,,200,31,10
950,0.22420424190580152,0.10927561385265949,0.1983592262579954,0.025845015647806113,0.1,0.01,128,,200,31,20
1003,0.22424524625408288,0.10894977779790749,0.2040131611885851,0.020232085065497785,0.1,0.01,255,5.0,200,31,10
947,0.2242932855601454,0.10856796351119413,0.21294511075499273,0.011348174805152683,0.1,0.01,128,,200,15,20
140,0.22431824963827718,0.10836951782534154,0.20468002540533606,0.01963822423294112,0.0,0.01,255,5.0,200,31,20
1032,0.22432863986780152,0.10828691678925462,0.20097813732912928,0.02335050253867224,0.1,0.01,255,7.0,200,31,50
1007,0.22434892046603166,0.10812567752655455,0.2049316014696817,0.019417318996349964,0.1,0.01,255,5.0,200,63,20
1870,0.2243509234998315,0.10810975177675097,0.2041359227148428,0.020215000784988696,1.0,0.01,255,5.0,200,63,10
193,0.22435770197005142,0.10805585636394477,0.19838427526779173,0.02597342670225969,0.0,0.01,255,,200,31,10
1864,0.22437275075296975,0.10793619812321908,0.21369225065447983,0.01068050009848992,1.0,0.01,255,5.0,200,15,10
143,0.22437364889347233,0.10792905643393447,0.20480348884551106,0.019570160047961277,0.0,0.01,255,5.0,200,63,20
1057,0.2243852454709103,0.10783684206594524,0.19819650176677578,0.026188743704134515,0.1,0.01,255,,200,31,10
946,0.2243913212940719,0.10778852606409384,0.21294592063378176,0.01144540066029015,0.1,0.01,128,,200,15,10
1865,0.2243975738982735,0.1077388029027685,0.21385003108355638,0.01054754281471712,1.0,0.01,255,5.0,200,15,20
1030,0.22445140459553337,0.10731066277074641,0.19907424135353072,0.02537716324200265,0.1,0.01,255,7.0,200,31,10
1921,0.22445282954424048,0.10729932810739651,0.1988495256668177,0.025603303877422767,1.0,0.01,255,,200,31,10
1033,0.22445553775074592,0.10727778565362389,0.17965547709485521,0.044800060655890706,0.1,0.01,255,7.0,200,63,10
1001,0.22447662395450294,0.10711004635965526,0.21382349311345747,0.010653130841045466,0.1,0.01,255,5.0,200,15,20
136,0.2245069263605138,0.10686896522048872,0.2137598114945535,0.010747114865960306,0.0,0.01,255,5.0,200,15,10
1000,0.22451677185285543,0.10679062903981151,0.21366707236146887,0.01084969949138656,0.1,0.01,255,5.0,200,15,10
163,0.22452823723287674,0.10669939980753718,0.21267162730382153,0.011856609929055212,0.0,0.01,255,7.0,200,15,10
1008,0.22453332618628696,0.10665890586602589,0.2069179961378601,0.017615330048426858,0.1,0.01,255,5.0,200,63,50
1005,0.22453332618628696,0.10665890586602589,0.2069179961378601,0.017615330048426858,0.1,0.01,255,5.0,200,31,50
171,0.22454748112901324,0.10654626699121894,0.18852076393848943,0.036026717190523805,0.0,0.01,255,7.0,200,63,50
1035,0.22455116436202502,0.10651695626141955,0.18869328636030808,0.03585787800171694,0.1,0.01,255,7.0,200,63,50
1899,0.22455672395088083,0.1064727128046552,0.18891826669366643,0.0356384572572144,1.0,0.01,255,7.0,200,63,50
1034,0.22456161814461967,0.10643376368540247,0.18171519738371483,0.042846420760904835,0.1,0.01,255,7.0,200,63,20
1055,0.22456173859082015,0.10643280513613818,0.21282475445515325,0.0117369841356669,0.1,0.01,255,,200,15,20
1924,0.22456585849047841,0.10640001735159277,0.17612094173854745,0.048444916751930966,1.0,0.01,255,,200,63,10
1028,0.22459000824380476,0.1062078120033354,0.21291635417411225,0.011673654069692507,0.1,0.01,255,7.0,200,15,20
166,0.22460426562496472,0.10609432930229801,0.19901285364707483,0.02559141197788989,0.0,0.01,255,7.0,200,31,10
1006,0.224616027333553,0.1060007056726564,0.20420089981336934,0.02041512752018365,0.1,0.01,255,5.0,200,63,10
1002,0.22462394989262402,0.10593763904991449,0.2139269004563143,0.010697049436309725,0.1,0.01,255,5.0,200,15,50
1054,0.22463584107917145,0.10584297644844742,0.21263559766993848,0.012000243409232975,0.1,0.01,255,,200,15,10
1892,0.2246704213965484,0.10556766318202904,0.21305926817807683,0.01161115321847156,1.0,0.01,255,7.0,200,15,20
1871,0.2246732330608069,0.10554527608582287,0.20523546877260046,0.019437764288206427,1.0,0.01,255,5.0,200,63,20
1867,0.22470683157848334,0.10527773553801323,0.20451996952466006,0.02018686205382328,1.0,0.01,255,5.0,200,31,10
191,0.22471922769748168,0.10517901678071728,0.21285789151219112,0.01186133618529056,0.0,0.01,255,,200,15,20
1919,0.2247312135635196,0.10508355996940477,0.21314081054120593,0.011590403022313678,1.0,0.01,255,,200,15,20
1027,0.22473413076435358,0.10506032627713735,0.21275324110365976,0.011980889660693828,0.1,0.01,255,7.0,200,15,10
1868,0.22475300903091344,0.10490996532157781,0.20525749216626205,0.019495516864651397,1.0,0.01,255,5.0,200,31,20
165,0.22476301990777428,0.1048302259159426,0.2134751017473489,0.011287918160425375,0.0,0.01,255,7.0,200,15,50
1029,0.2247641462181951,0.10482125431935552,0.21341153344218372,0.011352612776011378,0.1,0.01,255,7.0,200,15,50
192,0.22478864207217764,0.10462612210517575,0.2134177579930297,0.011370884079147936,0.0,0.01,255,,200,15,50
142,0.22484056380196005,0.10421244702644372,0.2045165491461076,0.020324014655852457,0.0,0.01,255,5.0,200,63,10
164,0.22486091588074378,0.10405027020510127,0.21317878949403302,0.011682126386710762,0.0,0.01,255,7.0,200,15,20
1920,0.224861518890481,0.10404546486013111,0.21346150004630787,0.011400018844173132,1.0,0.01,255,,200,15,50
141,0.22486790245150368,0.1039945938915442,0.207323003049832,0.01754489940167167,0.0,0.01,255,5.0,200,31,50
1894,0.22487272288393786,0.10395617862846962,0.19958429815218198,0.025288424731755882,1.0,0.01,255,7.0,200,31,10
138,0.22487305487067766,0.10395353291063647,0.21412675609095405,0.010746298779723606,0.0,0.01,255,5.0,200,15,50
1918,0.22490110356010357,0.10372998904041675,0.2129491675232775,0.011951936036826066,1.0,0.01,255,,200,15,10
144,0.22492024044036954,0.10357745495908255,0.2073554606589505,0.017564779781419043,0.0,0.01,255,5.0,200,63,50
1056,0.2249226943257547,0.1035578948681154,0.2134064198427129,0.011516274483041794,0.1,0.01,255,,200,15,50
1893,0.2249366422931325,0.10344671059689203,0.21365361485832035,0.01128302743481216,1.0,0.01,255,7.0,200,15,50
1891,0.22494416467587258,0.1033867441130697,0.21307656317163767,0.01186760150423491,1.0,0.01,255,7.0,200,15,10
190,0.22495257612872863,0.10331968781800682,0.21290915685445355,0.012043419274275075,0.0,0.01,255,,200,15,10
1898,0.22501305801085417,0.10283745103240405,0.18179697132765835,0.04321608668319582,1.0,0.01,255,7.0,200,63,20
1866,0.22506548904261411,0.10241930073580341,0.21444700465615577,0.010618484386458349,1.0,0.01,255,5.0,200,15,50
1869,0.22507233088319054,0.10236472819855935,0.20761444247959315,0.017457888403597382,1.0,0.01,255,5.0,200,31,50
169,0.22531174158666936,0.10045407318315336,0.18030039765474654,0.045011343931922826,0.0,0.01,255,7.0,200,63,10
1872,0.2253938220135647,0.09979854975480429,0.20788605947228458,0.017507762541280114,1.0,0.01,255,5.0,200,63,50
112,0.22542850384915297,0.09952149654714826,0.22136777418691791,0.0040607296622350575,0.0,0.01,255,3.0,200,31,10
109,0.22542850384915297,0.09952149654714826,0.22136777418691791,0.0040607296622350575,0.0,0.01,255,3.0,200,15,10
115,0.22542850384915297,0.09952149654714826,0.22136777418691791,0.0040607296622350575,0.0,0.01,255,3.0,200,63,10
981,0.2254435695769483,0.09940113184510535,0.2214726564791053,0.003970913097843004,0.1,0.01,255,3.0,200,63,50
978,0.2254435695769483,0.09940113184510535,0.2214726564791053,0.003970913097843004,0.1,0.01,255,3.0,200,31,50
975,0.2254435695769483,0.09940113184510535,0.2214726564791053,0.003970913097843004,0.1,0.01,255,3.0,200,15,50
1840,0.22548910829866342,0.09903726018129977,0.221520695479619,0.00396841281904442,1.0,0.01,255,3.0,200,31,10
1837,0.22548910829866342,0.09903726018129977,0.221520695479619,0.00396841281904442,1.0,0.01,255,3.0,200,15,10
1843,0.22548910829866342,0.09903726018129977,0.221520695479619,0.00396841281904442,1.0,0.01,255,3.0,200,63,10
1842,0.22549027139462585,0.0990279656407741,0.2216130872401093,0.003877184154516544,1.0,0.01,255,3.0,200,31,50
1839,0.22549027139462585,0.0990279656407741,0.2216130872401093,0.003877184154516544,1.0,0.01,255,3.0,200,15,50
1845,0.22549027139462585,0.0990279656407741,0.2216130872401093,0.003877184154516544,1.0,0.01,255,3.0,200,63,50
113,0.22550741268735072,0.09889098046366829,0.22140790377796393,0.00409950890938679,0.0,0.01,255,3.0,200,31,20
116,0.22550741268735072,0.09889098046366829,0.22140790377796393,0.00409950890938679,0.0,0.01,255,3.0,200,63,20
110,0.22550741268735072,0.09889098046366829,0.22140790377796393,0.00409950890938679,0.0,0.01,255,3.0,200,15,20
1897,0.22556026218819109,0.0984685664795264,0.18059696736915426,0.044963294819036825,1.0,0.01,255,7.0,200,63,10
1844,0.2255634372973629,0.09844318540537589,0.2215206110817465,0.004042826215616385,1.0,0.01,255,3.0,200,63,20
1841,0.2255634372973629,0.09844318540537589,0.2215206110817465,0.004042826215616385,1.0,0.01,255,3.0,200,31,20
1838,0.2255634372973629,0.09844318540537589,0.2215206110817465,0.004042826215616385,1.0,0.01,255,3.0,200,15,20
974,0.2255999639255528,0.09815117445465327,0.22150321537672532,0.004096748548827467,0.1,0.01,255,3.0,200,15,20
980,0.2255999639255528,0.09815117445465327,0.22150321537672532,0.004096748548827467,0.1,0.01,255,3.0,200,63,20
977,0.2255999639255528,0.09815117445465327,0.22150321537672532,0.004096748548827467,0.1,0.01,255,3.0,200,31,20
873,0.2256172685052997,0.09801281704376541,0.22175203252114822,0.003865235984151477,0.1,0.01,128,3.0,200,63,50
867,0.2256172685052997,0.09801281704376541,0.22175203252114822,0.003865235984151477,0.1,0.01,128,3.0,200,15,50
870,0.2256172685052997,0.09801281704376541,0.22175203252114822,0.003865235984151477,0.1,0.01,128,3.0,200,31,50
976,0.225620498561619,0.09798699020635238,0.221566915081852,0.004053583479767003,0.1,0.01,255,3.0,200,31,10
979,0.225620498561619,0.09798699020635238,0.221566915081852,0.004053583479767003,0.1,0.01,255,3.0,200,63,10
973,0.225620498561619,0.09798699020635238,0.221566915081852,0.004053583479767003,0.1,0.01,255,3.0,200,15,10
6,0.22562510163448452,0.09795018438426861,0.22174458353774684,0.003880518096737673,0.0,0.01,128,3.0,200,31,50
3,0.22562510163448452,0.09795018438426861,0.22174458353774684,0.003880518096737673,0.0,0.01,128,3.0,200,15,50
9,0.22562510163448452,0.09795018438426861,0.22174458353774684,0.003880518096737673,0.0,0.01,128,3.0,200,63,50
117,0.22563493241059712,0.0978715757285179,0.221675964339292,0.003958968071305136,0.0,0.01,255,3.0,200,63,50
114,0.22563493241059712,0.0978715757285179,0.221675964339292,0.003958968071305136,0.0,0.01,255,3.0,200,31,50
111,0.22563493241059712,0.0978715757285179,0.221675964339292,0.003958968071305136,0.0,0.01,255,3.0,200,15,50
871,0.22565142158020451,0.09773971766935896,0.22171455353358116,0.003936868046623354,0.1,0.01,128,3.0,200,63,10
865,0.22565142158020451,0.09773971766935896,0.22171455353358116,0.003936868046623354,0.1,0.01,128,3.0,200,15,10
868,0.22565142158020451,0.09773971766935896,0.22171455353358116,0.003936868046623354,0.1,0.01,128,3.0,200,31,10
1731,0.2256765951648777,0.09753839482912008,0.2218465726970363,0.003830022467841393,1.0,0.01,128,3.0,200,15,50
1737,0.2256765951648777,0.09753839482912008,0.2218465726970363,0.003830022467841393,1.0,0.01,128,3.0,200,63,50
1734,0.2256765951648777,0.09753839482912008,0.2218465726970363,0.003830022467841393,1.0,0.01,128,3.0,200,31,50
1733,0.22567863810337696,0.09752205567883365,0.22181314901277635,0.00386548909060061,1.0,0.01,128,3.0,200,31,20
1730,0.22567863810337696,0.09752205567883365,0.22181314901277635,0.00386548909060061,1.0,0.01,128,3.0,200,15,20
1736,0.22567863810337696,0.09752205567883365,0.22181314901277635,0.00386548909060061,1.0,0.01,128,3.0,200,63,20
872,0.22568702753344283,0.09745495658259973,0.22176482975325224,0.003922197780190595,0.1,0.01,128,3.0,200,63,20
866,0.22568702753344283,0.09745495658259973,0.22176482975325224,0.003922197780190595,0.1,0.01,128,3.0,200,15,20
869,0.22568702753344283,0.09745495658259973,0.22176482975325224,0.003922197780190595,0.1,0.01,128,3.0,200,31,20
1,0.22571089882703704,0.09726401909390259,0.22179645501559342,0.003914443811443624,0.0,0.01,128,3.0,200,15,10
4,0.22571089882703704,0.09726401909390259,0.22179645501559342,0.003914443811443624,0.0,0.01,128,3.0,200,31,10
7,0.22571089882703704,0.09726401909390259,0.22179645501559342,0.003914443811443624,0.0,0.01,128,3.0,200,63,10
8,0.22578105639714025,0.09670273821477626,0.22187357724398504,0.003907479153155202,0.0,0.01,128,3.0,200,63,20
5,0.22578105639714025,0.09670273821477626,0.22187357724398504,0.003907479153155202,0.0,0.01,128,3.0,200,31,20
2,0.22578105639714025,0.09670273821477626,0.22187357724398504,0.003907479153155202,0.0,0.01,128,3.0,200,15,20
1729,0.225806756472434,0.09649708651616307,0.2219233426469635,0.0038834138254704997,1.0,0.01,128,3.0,200,15,10
1735,0.225806756472434,0.09649708651616307,0.2219233426469635,0.0038834138254704997,1.0,0.01,128,3.0,200,63,10
1732,0.225806756472434,0.09649708651616307,0.2219233426469635,0.0038834138254704997,1.0,0.01,128,3.0,200,31,10
